Copyright 1986-2022 Xilinx, Inc. All Rights Reserved.
---------------------------------------------------------------------------------------------------------------------------------------------------------------------------------------------------------
| Tool Version : Vivado v.2022.2 (win64) Build 3671981 Fri Oct 14 05:00:03 MDT 2022
| Date         : Tue Jun 30 21:04:13 2026
| Host         : DESKTOP-F5FO8BH running 64-bit major release  (build 9200)
| Command      : report_timing_summary -max_paths 10 -report_unconstrained -file main_timing_summary_routed.rpt -pb main_timing_summary_routed.pb -rpx main_timing_summary_routed.rpx -warn_on_violation
| Design       : main
| Device       : 7a35t-cpg236
| Speed File   : -1  PRODUCTION 1.23 2018-06-13
---------------------------------------------------------------------------------------------------------------------------------------------------------------------------------------------------------

Timing Summary Report

------------------------------------------------------------------------------------------------
| Timer Settings
| --------------
------------------------------------------------------------------------------------------------

  Enable Multi Corner Analysis               :  Yes
  Enable Pessimism Removal                   :  Yes
  Pessimism Removal Resolution               :  Nearest Common Node
  Enable Input Delay Default Clock           :  No
  Enable Preset / Clear Arcs                 :  No
  Disable Flight Delays                      :  No
  Ignore I/O Paths                           :  No
  Timing Early Launch at Borrowing Latches   :  No
  Borrow Time for Max Delay Exceptions       :  Yes
  Merge Timing Exceptions                    :  Yes

  Corner  Analyze    Analyze    
  Name    Max Paths  Min Paths  
  ------  ---------  ---------  
  Slow    Yes        Yes        
  Fast    Yes        Yes        


------------------------------------------------------------------------------------------------
| Report Methodology
| ------------------
------------------------------------------------------------------------------------------------

Rule       Severity          Description                    Violations  
---------  ----------------  -----------------------------  ----------  
TIMING-17  Critical Warning  Non-clocked sequential cell    16          
TIMING-18  Warning           Missing input or output delay  2           

Note: This report is based on the most recent report_methodology run and may not be up-to-date. Run report_methodology on the current design for the latest report.



check_timing report

Table of Contents
-----------------
1. checking no_clock (16)
2. checking constant_clock (0)
3. checking pulse_width_clock (0)
4. checking unconstrained_internal_endpoints (144)
5. checking no_input_delay (0)
6. checking no_output_delay (2)
7. checking multiple_clock (0)
8. checking generated_clocks (0)
9. checking loops (0)
10. checking partial_input_delay (0)
11. checking partial_output_delay (0)
12. checking latch_loops (0)

1. checking no_clock (16)
-------------------------
 There are 16 register/latch pins with no clock driven by root clock pin: CPU_inst/_RAM_W_reg/Q (HIGH)


2. checking constant_clock (0)
------------------------------
 There are 0 register/latch pins with constant_clock.


3. checking pulse_width_clock (0)
---------------------------------
 There are 0 register/latch pins which need pulse_width check


4. checking unconstrained_internal_endpoints (144)
--------------------------------------------------
 There are 144 pins that are not constrained for maximum delay. (HIGH)

 There are 0 pins that are not constrained for maximum delay due to constant clock.


5. checking no_input_delay (0)
------------------------------
 There are 0 input ports with no input delay specified.

 There are 0 input ports with no input delay but user has a false path constraint.


6. checking no_output_delay (2)
-------------------------------
 There are 2 ports with no output delay specified. (HIGH)

 There are 0 ports with no output delay but user has a false path constraint

 There are 0 ports with no output delay but with a timing clock defined on it or propagating through it


7. checking multiple_clock (0)
------------------------------
 There are 0 register/latch pins with multiple clocks.


8. checking generated_clocks (0)
--------------------------------
 There are 0 generated clocks that are not connected to a clock source.


9. checking loops (0)
---------------------
 There are 0 combinational loops in the design.


10. checking partial_input_delay (0)
------------------------------------
 There are 0 input ports with partial input delay specified.


11. checking partial_output_delay (0)
-------------------------------------
 There are 0 ports with partial output delay specified.


12. checking latch_loops (0)
----------------------------
 There are 0 combinational latch loops in the design through latch input



------------------------------------------------------------------------------------------------
| Design Timing Summary
| ---------------------
------------------------------------------------------------------------------------------------

    WNS(ns)      TNS(ns)  TNS Failing Endpoints  TNS Total Endpoints      WHS(ns)      THS(ns)  THS Failing Endpoints  THS Total Endpoints     WPWS(ns)     TPWS(ns)  TPWS Failing Endpoints  TPWS Total Endpoints  
    -------      -------  ---------------------  -------------------      -------      -------  ---------------------  -------------------     --------     --------  ----------------------  --------------------  
     34.544        0.000                      0                  288        0.250        0.000                      0                  288       41.166        0.000                       0                   151  


All user specified timing constraints are met.


------------------------------------------------------------------------------------------------
| Clock Summary
| -------------
------------------------------------------------------------------------------------------------

Clock    Waveform(ns)       Period(ns)      Frequency(MHz)
-----    ------------       ----------      --------------
clk_12m  {0.000 41.666}     83.333          12.000          


------------------------------------------------------------------------------------------------
| Intra Clock Table
| -----------------
------------------------------------------------------------------------------------------------

Clock             WNS(ns)      TNS(ns)  TNS Failing Endpoints  TNS Total Endpoints      WHS(ns)      THS(ns)  THS Failing Endpoints  THS Total Endpoints     WPWS(ns)     TPWS(ns)  TPWS Failing Endpoints  TPWS Total Endpoints  
-----             -------      -------  ---------------------  -------------------      -------      -------  ---------------------  -------------------     --------     --------  ----------------------  --------------------  
clk_12m            34.544        0.000                      0                  288        0.250        0.000                      0                  288       41.166        0.000                       0                   151  


------------------------------------------------------------------------------------------------
| Inter Clock Table
| -----------------
------------------------------------------------------------------------------------------------

From Clock    To Clock          WNS(ns)      TNS(ns)  TNS Failing Endpoints  TNS Total Endpoints      WHS(ns)      THS(ns)  THS Failing Endpoints  THS Total Endpoints  
----------    --------          -------      -------  ---------------------  -------------------      -------      -------  ---------------------  -------------------  


------------------------------------------------------------------------------------------------
| Other Path Groups Table
| -----------------------
------------------------------------------------------------------------------------------------

Path Group    From Clock    To Clock          WNS(ns)      TNS(ns)  TNS Failing Endpoints  TNS Total Endpoints      WHS(ns)      THS(ns)  THS Failing Endpoints  THS Total Endpoints  
----------    ----------    --------          -------      -------  ---------------------  -------------------      -------      -------  ---------------------  -------------------  


------------------------------------------------------------------------------------------------
| User Ignored Path Table
| -----------------------
------------------------------------------------------------------------------------------------

Path Group    From Clock    To Clock    
----------    ----------    --------    


------------------------------------------------------------------------------------------------
| Unconstrained Path Table
| ------------------------
------------------------------------------------------------------------------------------------

Path Group    From Clock    To Clock    
----------    ----------    --------    
(none)                                    
(none)        clk_12m                     
(none)                      clk_12m       


------------------------------------------------------------------------------------------------
| Timing Details
| --------------
------------------------------------------------------------------------------------------------


---------------------------------------------------------------------------------------------------
From Clock:  clk_12m
  To Clock:  clk_12m

Setup :            0  Failing Endpoints,  Worst Slack       34.544ns,  Total Violation        0.000ns
Hold  :            0  Failing Endpoints,  Worst Slack        0.250ns,  Total Violation        0.000ns
PW    :            0  Failing Endpoints,  Worst Slack       41.166ns,  Total Violation        0.000ns
---------------------------------------------------------------------------------------------------


Max Delay Paths
--------------------------------------------------------------------------------------
Slack (MET) :             34.544ns  (required time - arrival time)
  Source:                 CPU_inst/B_reg[0]/C
                            (rising edge-triggered cell FDRE clocked by clk_12m  {rise@0.000ns fall@41.667ns period=83.333ns})
  Destination:            CPU_inst/C_reg[14]/D
                            (rising edge-triggered cell FDRE clocked by clk_12m  {rise@0.000ns fall@41.667ns period=83.333ns})
  Path Group:             clk_12m
  Path Type:              Setup (Max at Slow Process Corner)
  Requirement:            83.333ns  (clk_12m rise@83.333ns - clk_12m rise@0.000ns)
  Data Path Delay:        48.745ns  (logic 25.062ns (51.415%)  route 23.683ns (48.585%))
  Logic Levels:           102  (CARRY4=84 LUT1=2 LUT3=2 LUT4=1 LUT5=12 LUT6=1)
  Clock Path Skew:        -0.038ns (DCD - SCD + CPR)
    Destination Clock Delay (DCD):    4.976ns = ( 88.309 - 83.333 ) 
    Source Clock Delay      (SCD):    5.280ns
    Clock Pessimism Removal (CPR):    0.266ns
  Clock Uncertainty:      0.035ns  ((TSJ^2 + TIJ^2)^1/2 + DJ) / 2 + PE
    Total System Jitter     (TSJ):    0.071ns
    Total Input Jitter      (TIJ):    0.000ns
    Discrete Jitter          (DJ):    0.000ns
    Phase Error              (PE):    0.000ns

    Location             Delay type                Incr(ns)  Path(ns)    Netlist Resource(s)
  -------------------------------------------------------------------    -------------------
                         (clock clk_12m rise edge)    0.000     0.000 r  
    L17                                               0.000     0.000 r  clk (IN)
                         net (fo=0)                   0.000     0.000    clk
    L17                  IBUF (Prop_ibuf_I_O)         1.476     1.476 r  clk_IBUF_inst/O
                         net (fo=1, routed)           1.972     3.448    clk_IBUF
    BUFGCTRL_X0Y0        BUFG (Prop_bufg_I_O)         0.096     3.544 r  clk_IBUF_BUFG_inst/O
                         net (fo=150, routed)         1.736     5.280    CPU_inst/CLK
    SLICE_X32Y106        FDRE                                         r  CPU_inst/B_reg[0]/C
  -------------------------------------------------------------------    -------------------
    SLICE_X32Y106        FDRE (Prop_fdre_C_Q)         0.456     5.736 f  CPU_inst/B_reg[0]/Q
                         net (fo=38, routed)          1.198     6.934    CPU_inst/B_reg_n_0_[0]
    SLICE_X29Y100        LUT1 (Prop_lut1_I0_O)        0.124     7.058 r  CPU_inst/i__carry_i_1__1/O
                         net (fo=2, routed)           0.514     7.572    CPU_inst/i__carry_i_1__1_n_0
    SLICE_X29Y102        CARRY4 (Prop_carry4_CYINIT_CO[3])
                                                      0.580     8.152 r  CPU_inst/C1_carry_i_9/CO[3]
                         net (fo=1, routed)           0.000     8.152    CPU_inst/C1_carry_i_9_n_0
    SLICE_X29Y103        CARRY4 (Prop_carry4_CI_O[3])
                                                      0.313     8.465 f  CPU_inst/C1_carry__0_i_9/O[3]
                         net (fo=17, routed)          1.990    10.455    CPU_inst/C1_carry__0_i_9_n_4
    SLICE_X34Y112        LUT3 (Prop_lut3_I2_O)        0.306    10.761 r  CPU_inst/C1_carry__1_i_8/O
                         net (fo=1, routed)           0.000    10.761    CPU_inst/C1_carry__1_i_8_n_0
    SLICE_X34Y112        CARRY4 (Prop_carry4_S[0]_CO[3])
                                                      0.513    11.274 r  CPU_inst/C1_carry__1/CO[3]
                         net (fo=1, routed)           0.000    11.274    CPU_inst/C1_carry__1_n_0
    SLICE_X34Y113        CARRY4 (Prop_carry4_CI_CO[3])
                                                      0.117    11.391 r  CPU_inst/C1_carry__2/CO[3]
                         net (fo=1, routed)           0.000    11.391    CPU_inst/C1_carry__2_n_0
    SLICE_X34Y114        CARRY4 (Prop_carry4_CI_CO[0])
                                                      0.254    11.645 r  CPU_inst/C_reg[15]_i_11/CO[0]
                         net (fo=22, routed)          1.034    12.679    CPU_inst/C1_carry__2_0[14]
    SLICE_X33Y112        LUT5 (Prop_lut5_I0_O)        0.367    13.046 r  CPU_inst/C[14]_i_30/O
                         net (fo=1, routed)           0.000    13.046    CPU_inst/C[14]_i_30_n_0
    SLICE_X33Y112        CARRY4 (Prop_carry4_S[1]_CO[3])
                                                      0.550    13.596 r  CPU_inst/C_reg[14]_i_22/CO[3]
                         net (fo=1, routed)           0.000    13.596    CPU_inst/C_reg[14]_i_22_n_0
    SLICE_X33Y113        CARRY4 (Prop_carry4_CI_CO[3])
                                                      0.114    13.710 r  CPU_inst/C_reg[14]_i_17/CO[3]
                         net (fo=1, routed)           0.000    13.710    CPU_inst/C_reg[14]_i_17_n_0
    SLICE_X33Y114        CARRY4 (Prop_carry4_CI_CO[3])
                                                      0.114    13.824 r  CPU_inst/C_reg[14]_i_12/CO[3]
                         net (fo=1, routed)           0.000    13.824    CPU_inst/C_reg[14]_i_12_n_0
    SLICE_X33Y115        CARRY4 (Prop_carry4_CI_CO[3])
                                                      0.114    13.938 r  CPU_inst/C_reg[14]_i_7/CO[3]
                         net (fo=1, routed)           0.000    13.938    CPU_inst/C_reg[14]_i_7_n_0
    SLICE_X33Y116        CARRY4 (Prop_carry4_CI_CO[1])
                                                      0.157    14.095 r  CPU_inst/C_reg[14]_i_4/CO[1]
                         net (fo=22, routed)          0.818    14.913    CPU_inst/C1_carry__2_0[13]
    SLICE_X32Y112        LUT5 (Prop_lut5_I1_O)        0.329    15.242 r  CPU_inst/C[13]_i_30/O
                         net (fo=1, routed)           0.000    15.242    CPU_inst/C[13]_i_30_n_0
    SLICE_X32Y112        CARRY4 (Prop_carry4_S[1]_CO[3])
                                                      0.550    15.792 r  CPU_inst/C_reg[13]_i_22/CO[3]
                         net (fo=1, routed)           0.000    15.792    CPU_inst/C_reg[13]_i_22_n_0
    SLICE_X32Y113        CARRY4 (Prop_carry4_CI_CO[3])
                                                      0.114    15.906 r  CPU_inst/C_reg[13]_i_17/CO[3]
                         net (fo=1, routed)           0.000    15.906    CPU_inst/C_reg[13]_i_17_n_0
    SLICE_X32Y114        CARRY4 (Prop_carry4_CI_CO[3])
                                                      0.114    16.020 r  CPU_inst/C_reg[13]_i_12/CO[3]
                         net (fo=1, routed)           0.000    16.020    CPU_inst/C_reg[13]_i_12_n_0
    SLICE_X32Y115        CARRY4 (Prop_carry4_CI_CO[3])
                                                      0.114    16.134 r  CPU_inst/C_reg[13]_i_7/CO[3]
                         net (fo=1, routed)           0.000    16.134    CPU_inst/C_reg[13]_i_7_n_0
    SLICE_X32Y116        CARRY4 (Prop_carry4_CI_CO[1])
                                                      0.157    16.291 r  CPU_inst/C_reg[13]_i_4/CO[1]
                         net (fo=22, routed)          1.237    17.528    CPU_inst/C1_carry__2_0[12]
    SLICE_X31Y111        LUT5 (Prop_lut5_I1_O)        0.329    17.857 r  CPU_inst/C[12]_i_35/O
                         net (fo=1, routed)           0.000    17.857    CPU_inst/C[12]_i_35_n_0
    SLICE_X31Y111        CARRY4 (Prop_carry4_S[1]_CO[3])
                                                      0.550    18.407 r  CPU_inst/C_reg[12]_i_27/CO[3]
                         net (fo=1, routed)           0.000    18.407    CPU_inst/C_reg[12]_i_27_n_0
    SLICE_X31Y112        CARRY4 (Prop_carry4_CI_CO[3])
                                                      0.114    18.521 r  CPU_inst/C_reg[12]_i_22/CO[3]
                         net (fo=1, routed)           0.000    18.521    CPU_inst/C_reg[12]_i_22_n_0
    SLICE_X31Y113        CARRY4 (Prop_carry4_CI_CO[3])
                                                      0.114    18.635 r  CPU_inst/C_reg[12]_i_17/CO[3]
                         net (fo=1, routed)           0.000    18.635    CPU_inst/C_reg[12]_i_17_n_0
    SLICE_X31Y114        CARRY4 (Prop_carry4_CI_CO[3])
                                                      0.114    18.749 r  CPU_inst/C_reg[12]_i_8/CO[3]
                         net (fo=1, routed)           0.000    18.749    CPU_inst/C_reg[12]_i_8_n_0
    SLICE_X31Y115        CARRY4 (Prop_carry4_CI_CO[1])
                                                      0.157    18.906 r  CPU_inst/C_reg[12]_i_4/CO[1]
                         net (fo=22, routed)          0.903    19.810    CPU_inst/C1_carry__2_0[11]
    SLICE_X30Y113        LUT5 (Prop_lut5_I1_O)        0.329    20.139 r  CPU_inst/C[11]_i_30/O
                         net (fo=1, routed)           0.000    20.139    CPU_inst/C[11]_i_30_n_0
    SLICE_X30Y113        CARRY4 (Prop_carry4_S[1]_CO[3])
                                                      0.533    20.672 r  CPU_inst/C_reg[11]_i_22/CO[3]
                         net (fo=1, routed)           0.000    20.672    CPU_inst/C_reg[11]_i_22_n_0
    SLICE_X30Y114        CARRY4 (Prop_carry4_CI_CO[3])
                                                      0.117    20.789 r  CPU_inst/C_reg[11]_i_17/CO[3]
                         net (fo=1, routed)           0.000    20.789    CPU_inst/C_reg[11]_i_17_n_0
    SLICE_X30Y115        CARRY4 (Prop_carry4_CI_CO[3])
                                                      0.117    20.906 r  CPU_inst/C_reg[11]_i_12/CO[3]
                         net (fo=1, routed)           0.000    20.906    CPU_inst/C_reg[11]_i_12_n_0
    SLICE_X30Y116        CARRY4 (Prop_carry4_CI_CO[3])
                                                      0.117    21.023 r  CPU_inst/C_reg[11]_i_7/CO[3]
                         net (fo=1, routed)           0.000    21.023    CPU_inst/C_reg[11]_i_7_n_0
    SLICE_X30Y117        CARRY4 (Prop_carry4_CI_CO[1])
                                                      0.157    21.180 r  CPU_inst/C_reg[11]_i_4/CO[1]
                         net (fo=22, routed)          1.468    22.648    CPU_inst/C1_carry__2_0[10]
    SLICE_X23Y112        CARRY4 (Prop_carry4_CYINIT_CO[3])
                                                      0.788    23.436 r  CPU_inst/C_reg[10]_i_22/CO[3]
                         net (fo=1, routed)           0.000    23.436    CPU_inst/C_reg[10]_i_22_n_0
    SLICE_X23Y113        CARRY4 (Prop_carry4_CI_CO[3])
                                                      0.114    23.550 r  CPU_inst/C_reg[10]_i_17/CO[3]
                         net (fo=1, routed)           0.000    23.550    CPU_inst/C_reg[10]_i_17_n_0
    SLICE_X23Y114        CARRY4 (Prop_carry4_CI_CO[3])
                                                      0.114    23.664 r  CPU_inst/C_reg[10]_i_12/CO[3]
                         net (fo=1, routed)           0.000    23.664    CPU_inst/C_reg[10]_i_12_n_0
    SLICE_X23Y115        CARRY4 (Prop_carry4_CI_CO[3])
                                                      0.114    23.778 r  CPU_inst/C_reg[10]_i_7/CO[3]
                         net (fo=1, routed)           0.000    23.778    CPU_inst/C_reg[10]_i_7_n_0
    SLICE_X23Y116        CARRY4 (Prop_carry4_CI_CO[1])
                                                      0.157    23.935 r  CPU_inst/C_reg[10]_i_4/CO[1]
                         net (fo=22, routed)          1.283    25.218    CPU_inst/C1_carry__2_0[9]
    SLICE_X22Y111        LUT5 (Prop_lut5_I1_O)        0.329    25.547 r  CPU_inst/C[9]_i_30/O
                         net (fo=1, routed)           0.000    25.547    CPU_inst/C[9]_i_30_n_0
    SLICE_X22Y111        CARRY4 (Prop_carry4_S[1]_CO[3])
                                                      0.550    26.097 r  CPU_inst/C_reg[9]_i_22/CO[3]
                         net (fo=1, routed)           0.000    26.097    CPU_inst/C_reg[9]_i_22_n_0
    SLICE_X22Y112        CARRY4 (Prop_carry4_CI_CO[3])
                                                      0.114    26.211 r  CPU_inst/C_reg[9]_i_17/CO[3]
                         net (fo=1, routed)           0.000    26.211    CPU_inst/C_reg[9]_i_17_n_0
    SLICE_X22Y113        CARRY4 (Prop_carry4_CI_CO[3])
                                                      0.114    26.325 r  CPU_inst/C_reg[9]_i_12/CO[3]
                         net (fo=1, routed)           0.000    26.325    CPU_inst/C_reg[9]_i_12_n_0
    SLICE_X22Y114        CARRY4 (Prop_carry4_CI_CO[3])
                                                      0.114    26.439 r  CPU_inst/C_reg[9]_i_7/CO[3]
                         net (fo=1, routed)           0.000    26.439    CPU_inst/C_reg[9]_i_7_n_0
    SLICE_X22Y115        CARRY4 (Prop_carry4_CI_CO[1])
                                                      0.157    26.596 r  CPU_inst/C_reg[9]_i_4/CO[1]
                         net (fo=22, routed)          1.308    27.904    CPU_inst/C1_carry__2_0[8]
    SLICE_X24Y109        LUT5 (Prop_lut5_I1_O)        0.329    28.233 r  CPU_inst/C[8]_i_35/O
                         net (fo=1, routed)           0.000    28.233    CPU_inst/C[8]_i_35_n_0
    SLICE_X24Y109        CARRY4 (Prop_carry4_S[1]_CO[3])
                                                      0.550    28.783 r  CPU_inst/C_reg[8]_i_27/CO[3]
                         net (fo=1, routed)           0.000    28.783    CPU_inst/C_reg[8]_i_27_n_0
    SLICE_X24Y110        CARRY4 (Prop_carry4_CI_CO[3])
                                                      0.114    28.897 r  CPU_inst/C_reg[8]_i_22/CO[3]
                         net (fo=1, routed)           0.000    28.897    CPU_inst/C_reg[8]_i_22_n_0
    SLICE_X24Y111        CARRY4 (Prop_carry4_CI_CO[3])
                                                      0.114    29.011 r  CPU_inst/C_reg[8]_i_17/CO[3]
                         net (fo=1, routed)           0.000    29.011    CPU_inst/C_reg[8]_i_17_n_0
    SLICE_X24Y112        CARRY4 (Prop_carry4_CI_CO[3])
                                                      0.114    29.125 r  CPU_inst/C_reg[8]_i_8/CO[3]
                         net (fo=1, routed)           0.000    29.125    CPU_inst/C_reg[8]_i_8_n_0
    SLICE_X24Y113        CARRY4 (Prop_carry4_CI_CO[1])
                                                      0.157    29.282 r  CPU_inst/C_reg[8]_i_4/CO[1]
                         net (fo=22, routed)          1.496    30.778    CPU_inst/C1_carry__2_0[7]
    SLICE_X26Y109        LUT5 (Prop_lut5_I1_O)        0.329    31.107 r  CPU_inst/C[7]_i_35/O
                         net (fo=1, routed)           0.000    31.107    CPU_inst/C[7]_i_35_n_0
    SLICE_X26Y109        CARRY4 (Prop_carry4_S[1]_CO[3])
                                                      0.550    31.657 r  CPU_inst/C_reg[7]_i_27/CO[3]
                         net (fo=1, routed)           0.000    31.657    CPU_inst/C_reg[7]_i_27_n_0
    SLICE_X26Y110        CARRY4 (Prop_carry4_CI_CO[3])
                                                      0.114    31.771 r  CPU_inst/C_reg[7]_i_18/CO[3]
                         net (fo=1, routed)           0.000    31.771    CPU_inst/C_reg[7]_i_18_n_0
    SLICE_X26Y111        CARRY4 (Prop_carry4_CI_CO[3])
                                                      0.114    31.885 r  CPU_inst/C_reg[7]_i_12/CO[3]
                         net (fo=1, routed)           0.000    31.885    CPU_inst/C_reg[7]_i_12_n_0
    SLICE_X26Y112        CARRY4 (Prop_carry4_CI_CO[3])
                                                      0.114    31.999 r  CPU_inst/C_reg[7]_i_7/CO[3]
                         net (fo=1, routed)           0.000    31.999    CPU_inst/C_reg[7]_i_7_n_0
    SLICE_X26Y113        CARRY4 (Prop_carry4_CI_CO[1])
                                                      0.157    32.156 r  CPU_inst/C_reg[7]_i_4/CO[1]
                         net (fo=22, routed)          1.424    33.580    CPU_inst/C1_carry__2_0[6]
    SLICE_X29Y106        LUT5 (Prop_lut5_I0_O)        0.329    33.909 r  CPU_inst/C1__972_carry_i_75/O
                         net (fo=1, routed)           0.000    33.909    CPU_inst/C1__972_carry_i_75_n_0
    SLICE_X29Y106        CARRY4 (Prop_carry4_S[3]_CO[3])
                                                      0.401    34.310 r  CPU_inst/C1__972_carry_i_65/CO[3]
                         net (fo=1, routed)           0.000    34.310    CPU_inst/C1__972_carry_i_65_n_0
    SLICE_X29Y107        CARRY4 (Prop_carry4_CI_CO[3])
                                                      0.114    34.424 r  CPU_inst/C_reg[6]_i_17/CO[3]
                         net (fo=1, routed)           0.000    34.424    CPU_inst/C_reg[6]_i_17_n_0
    SLICE_X29Y108        CARRY4 (Prop_carry4_CI_CO[3])
                                                      0.114    34.538 r  CPU_inst/C_reg[6]_i_12/CO[3]
                         net (fo=1, routed)           0.000    34.538    CPU_inst/C_reg[6]_i_12_n_0
    SLICE_X29Y109        CARRY4 (Prop_carry4_CI_CO[3])
                                                      0.114    34.652 r  CPU_inst/C_reg[6]_i_7/CO[3]
                         net (fo=1, routed)           0.000    34.652    CPU_inst/C_reg[6]_i_7_n_0
    SLICE_X29Y110        CARRY4 (Prop_carry4_CI_CO[1])
                                                      0.157    34.809 r  CPU_inst/C_reg[6]_i_4/CO[1]
                         net (fo=22, routed)          1.199    36.007    CPU_inst/C1_carry__2_0[5]
    SLICE_X30Y103        LUT5 (Prop_lut5_I1_O)        0.329    36.336 r  CPU_inst/C1__972_carry_i_73/O
                         net (fo=1, routed)           0.000    36.336    CPU_inst/C1__972_carry_i_73_n_0
    SLICE_X30Y103        CARRY4 (Prop_carry4_S[1]_CO[3])
                                                      0.533    36.869 r  CPU_inst/C1__972_carry_i_56/CO[3]
                         net (fo=1, routed)           0.000    36.869    CPU_inst/C1__972_carry_i_56_n_0
    SLICE_X30Y104        CARRY4 (Prop_carry4_CI_CO[3])
                                                      0.117    36.986 r  CPU_inst/C1__972_carry_i_51/CO[3]
                         net (fo=1, routed)           0.000    36.986    CPU_inst/C1__972_carry_i_51_n_0
    SLICE_X30Y105        CARRY4 (Prop_carry4_CI_CO[3])
                                                      0.117    37.103 r  CPU_inst/C_reg[5]_i_12/CO[3]
                         net (fo=1, routed)           0.000    37.103    CPU_inst/C_reg[5]_i_12_n_0
    SLICE_X30Y106        CARRY4 (Prop_carry4_CI_CO[3])
                                                      0.117    37.220 r  CPU_inst/C_reg[5]_i_7/CO[3]
                         net (fo=1, routed)           0.000    37.220    CPU_inst/C_reg[5]_i_7_n_0
    SLICE_X30Y107        CARRY4 (Prop_carry4_CI_CO[1])
                                                      0.157    37.377 r  CPU_inst/C_reg[5]_i_4/CO[1]
                         net (fo=22, routed)          1.068    38.445    CPU_inst/C1_carry__2_0[4]
    SLICE_X31Y102        LUT5 (Prop_lut5_I1_O)        0.332    38.777 r  CPU_inst/C1__972_carry_i_64/O
                         net (fo=1, routed)           0.000    38.777    CPU_inst/C1__972_carry_i_64_n_0
    SLICE_X31Y102        CARRY4 (Prop_carry4_S[1]_CO[3])
                                                      0.550    39.327 r  CPU_inst/C1__972_carry_i_41/CO[3]
                         net (fo=1, routed)           0.000    39.327    CPU_inst/C1__972_carry_i_41_n_0
    SLICE_X31Y103        CARRY4 (Prop_carry4_CI_CO[3])
                                                      0.114    39.441 r  CPU_inst/C1__972_carry_i_36/CO[3]
                         net (fo=1, routed)           0.000    39.441    CPU_inst/C1__972_carry_i_36_n_0
    SLICE_X31Y104        CARRY4 (Prop_carry4_CI_CO[3])
                                                      0.114    39.555 r  CPU_inst/C1__972_carry_i_31/CO[3]
                         net (fo=1, routed)           0.000    39.555    CPU_inst/C1__972_carry_i_31_n_0
    SLICE_X31Y105        CARRY4 (Prop_carry4_CI_CO[3])
                                                      0.114    39.669 r  CPU_inst/C_reg[4]_i_8/CO[3]
                         net (fo=1, routed)           0.000    39.669    CPU_inst/C_reg[4]_i_8_n_0
    SLICE_X31Y106        CARRY4 (Prop_carry4_CI_CO[1])
                                                      0.157    39.826 r  CPU_inst/C_reg[4]_i_4/CO[1]
                         net (fo=22, routed)          1.318    41.144    CPU_inst/C1_carry__2_0[3]
    SLICE_X26Y101        CARRY4 (Prop_carry4_CYINIT_CO[3])
                                                      0.785    41.929 r  CPU_inst/C1__972_carry_i_25/CO[3]
                         net (fo=1, routed)           0.000    41.929    CPU_inst/C1__972_carry_i_25_n_0
    SLICE_X26Y102        CARRY4 (Prop_carry4_CI_CO[3])
                                                      0.114    42.043 r  CPU_inst/C1__972_carry__0_i_11/CO[3]
                         net (fo=1, routed)           0.000    42.043    CPU_inst/C1__972_carry__0_i_11_n_0
    SLICE_X26Y103        CARRY4 (Prop_carry4_CI_CO[3])
                                                      0.114    42.157 r  CPU_inst/C1__972_carry_i_20/CO[3]
                         net (fo=1, routed)           0.000    42.157    CPU_inst/C1__972_carry_i_20_n_0
    SLICE_X26Y104        CARRY4 (Prop_carry4_CI_CO[3])
                                                      0.114    42.271 r  CPU_inst/C1__972_carry_i_17/CO[3]
                         net (fo=1, routed)           0.000    42.271    CPU_inst/C1__972_carry_i_17_n_0
    SLICE_X26Y105        CARRY4 (Prop_carry4_CI_CO[1])
                                                      0.157    42.428 r  CPU_inst/C_reg[3]_i_4/CO[1]
                         net (fo=22, routed)          0.972    43.400    CPU_inst/C1_carry__2_0[2]
    SLICE_X25Y101        LUT5 (Prop_lut5_I1_O)        0.329    43.729 r  CPU_inst/C1__972_carry_i_29/O
                         net (fo=1, routed)           0.000    43.729    CPU_inst/C1__972_carry_i_29_n_0
    SLICE_X25Y101        CARRY4 (Prop_carry4_S[1]_CO[3])
                                                      0.550    44.279 r  CPU_inst/C1__972_carry_i_12/CO[3]
                         net (fo=1, routed)           0.000    44.279    CPU_inst/C1__972_carry_i_12_n_0
    SLICE_X25Y102        CARRY4 (Prop_carry4_CI_CO[3])
                                                      0.114    44.393 r  CPU_inst/C1__972_carry__0_i_6/CO[3]
                         net (fo=1, routed)           0.000    44.393    CPU_inst/C1__972_carry__0_i_6_n_0
    SLICE_X25Y103        CARRY4 (Prop_carry4_CI_CO[3])
                                                      0.114    44.507 r  CPU_inst/C1__972_carry__1_i_6/CO[3]
                         net (fo=1, routed)           0.000    44.507    CPU_inst/C1__972_carry__1_i_6_n_0
    SLICE_X25Y104        CARRY4 (Prop_carry4_CI_CO[3])
                                                      0.114    44.621 r  CPU_inst/C1__972_carry_i_9/CO[3]
                         net (fo=1, routed)           0.000    44.621    CPU_inst/C1__972_carry_i_9_n_0
    SLICE_X25Y105        CARRY4 (Prop_carry4_CI_CO[1])
                                                      0.157    44.778 r  CPU_inst/C1__972_carry_i_8/CO[1]
                         net (fo=22, routed)          1.169    45.947    CPU_inst/C1_carry__2_0[1]
    SLICE_X24Y101        LUT5 (Prop_lut5_I1_O)        0.329    46.276 r  CPU_inst/C1__972_carry_i_16/O
                         net (fo=1, routed)           0.000    46.276    CPU_inst/C1__972_carry_i_16_n_0
    SLICE_X24Y101        CARRY4 (Prop_carry4_S[1]_CO[3])
                                                      0.550    46.826 r  CPU_inst/C1__972_carry_i_2/CO[3]
                         net (fo=1, routed)           0.000    46.826    CPU_inst/C1__972_carry_i_2_n_0
    SLICE_X24Y102        CARRY4 (Prop_carry4_CI_CO[3])
                                                      0.114    46.940 r  CPU_inst/C1__972_carry__0_i_1/CO[3]
                         net (fo=1, routed)           0.000    46.940    CPU_inst/C1__972_carry__0_i_1_n_0
    SLICE_X24Y103        CARRY4 (Prop_carry4_CI_CO[3])
                                                      0.114    47.054 r  CPU_inst/C1__972_carry__1_i_1/CO[3]
                         net (fo=1, routed)           0.000    47.054    CPU_inst/C1__972_carry__1_i_1_n_0
    SLICE_X24Y104        CARRY4 (Prop_carry4_CI_CO[3])
                                                      0.114    47.168 r  CPU_inst/C1__972_carry__2_i_1/CO[3]
                         net (fo=1, routed)           0.000    47.168    CPU_inst/C1__972_carry__2_i_1_n_0
    SLICE_X24Y105        CARRY4 (Prop_carry4_CI_CO[1])
                                                      0.157    47.325 r  CPU_inst/C1__972_carry_i_1/CO[1]
                         net (fo=22, routed)          1.201    48.527    CPU_inst/C1_carry__2_0[0]
    SLICE_X22Y102        LUT3 (Prop_lut3_I0_O)        0.329    48.856 r  CPU_inst/C1__972_carry_i_7/O
                         net (fo=1, routed)           0.000    48.856    CPU_inst/C1__972_carry_i_7_n_0
    SLICE_X22Y102        CARRY4 (Prop_carry4_S[0]_CO[3])
                                                      0.532    49.388 r  CPU_inst/C1__972_carry/CO[3]
                         net (fo=1, routed)           0.000    49.388    CPU_inst/C1__972_carry_n_0
    SLICE_X22Y103        CARRY4 (Prop_carry4_CI_CO[3])
                                                      0.114    49.502 r  CPU_inst/C1__972_carry__0/CO[3]
                         net (fo=1, routed)           0.000    49.502    CPU_inst/C1__972_carry__0_n_0
    SLICE_X22Y104        CARRY4 (Prop_carry4_CI_CO[3])
                                                      0.114    49.616 r  CPU_inst/C1__972_carry__1/CO[3]
                         net (fo=1, routed)           0.000    49.616    CPU_inst/C1__972_carry__1_n_0
    SLICE_X22Y105        CARRY4 (Prop_carry4_CI_CO[3])
                                                      0.114    49.730 r  CPU_inst/C1__972_carry__2/CO[3]
                         net (fo=1, routed)           0.000    49.730    CPU_inst/C1__972_carry__2_n_0
    SLICE_X22Y106        CARRY4 (Prop_carry4_CI_CO[0])
                                                      0.271    50.001 f  CPU_inst/C1__972_carry__3/CO[0]
                         net (fo=2, routed)           0.593    50.594    CPU_inst/C10_in[0]
    SLICE_X21Y105        LUT1 (Prop_lut1_I0_O)        0.373    50.967 r  CPU_inst/C[4]_i_11/O
                         net (fo=1, routed)           0.538    51.505    CPU_inst/C[4]_i_11_n_0
    SLICE_X23Y105        CARRY4 (Prop_carry4_CYINIT_CO[3])
                                                      0.580    52.085 r  CPU_inst/C_reg[4]_i_5/CO[3]
                         net (fo=1, routed)           0.000    52.085    CPU_inst/C_reg[4]_i_5_n_0
    SLICE_X23Y106        CARRY4 (Prop_carry4_CI_CO[3])
                                                      0.114    52.199 r  CPU_inst/C_reg[8]_i_5/CO[3]
                         net (fo=1, routed)           0.000    52.199    CPU_inst/C_reg[8]_i_5_n_0
    SLICE_X23Y107        CARRY4 (Prop_carry4_CI_CO[3])
                                                      0.114    52.313 r  CPU_inst/C_reg[12]_i_5/CO[3]
                         net (fo=1, routed)           0.000    52.313    CPU_inst/C_reg[12]_i_5_n_0
    SLICE_X23Y108        CARRY4 (Prop_carry4_CI_O[1])
                                                      0.334    52.647 r  CPU_inst/C_reg[15]_i_12/O[1]
                         net (fo=1, routed)           0.307    52.954    CPU_inst/C1[14]
    SLICE_X24Y108        LUT4 (Prop_lut4_I1_O)        0.303    53.257 r  CPU_inst/C[14]_i_2/O
                         net (fo=1, routed)           0.643    53.901    CPU_inst/C[14]_i_2_n_0
    SLICE_X25Y108        LUT6 (Prop_lut6_I1_O)        0.124    54.025 r  CPU_inst/C[14]_i_1/O
                         net (fo=1, routed)           0.000    54.025    CPU_inst/C[14]
    SLICE_X25Y108        FDRE                                         r  CPU_inst/C_reg[14]/D
  -------------------------------------------------------------------    -------------------

                         (clock clk_12m rise edge)   83.333    83.333 r  
    L17                                               0.000    83.333 r  clk (IN)
                         net (fo=0)                   0.000    83.333    clk
    L17                  IBUF (Prop_ibuf_I_O)         1.406    84.739 r  clk_IBUF_inst/O
                         net (fo=1, routed)           1.868    86.607    clk_IBUF
    BUFGCTRL_X0Y0        BUFG (Prop_bufg_I_O)         0.091    86.698 r  clk_IBUF_BUFG_inst/O
                         net (fo=150, routed)         1.611    88.309    CPU_inst/CLK
    SLICE_X25Y108        FDRE                                         r  CPU_inst/C_reg[14]/C
                         clock pessimism              0.266    88.575    
                         clock uncertainty           -0.035    88.540    
    SLICE_X25Y108        FDRE (Setup_fdre_C_D)        0.029    88.569    CPU_inst/C_reg[14]
  -------------------------------------------------------------------
                         required time                         88.569    
                         arrival time                         -54.025    
  -------------------------------------------------------------------
                         slack                                 34.544    

Slack (MET) :             34.634ns  (required time - arrival time)
  Source:                 CPU_inst/B_reg[0]/C
                            (rising edge-triggered cell FDRE clocked by clk_12m  {rise@0.000ns fall@41.667ns period=83.333ns})
  Destination:            CPU_inst/C_reg[9]/D
                            (rising edge-triggered cell FDRE clocked by clk_12m  {rise@0.000ns fall@41.667ns period=83.333ns})
  Path Group:             clk_12m
  Path Type:              Setup (Max at Slow Process Corner)
  Requirement:            83.333ns  (clk_12m rise@83.333ns - clk_12m rise@0.000ns)
  Data Path Delay:        48.657ns  (logic 24.832ns (51.035%)  route 23.825ns (48.965%))
  Logic Levels:           101  (CARRY4=83 LUT1=2 LUT3=2 LUT4=1 LUT5=12 LUT6=1)
  Clock Path Skew:        -0.038ns (DCD - SCD + CPR)
    Destination Clock Delay (DCD):    4.976ns = ( 88.309 - 83.333 ) 
    Source Clock Delay      (SCD):    5.280ns
    Clock Pessimism Removal (CPR):    0.266ns
  Clock Uncertainty:      0.035ns  ((TSJ^2 + TIJ^2)^1/2 + DJ) / 2 + PE
    Total System Jitter     (TSJ):    0.071ns
    Total Input Jitter      (TIJ):    0.000ns
    Discrete Jitter          (DJ):    0.000ns
    Phase Error              (PE):    0.000ns

    Location             Delay type                Incr(ns)  Path(ns)    Netlist Resource(s)
  -------------------------------------------------------------------    -------------------
                         (clock clk_12m rise edge)    0.000     0.000 r  
    L17                                               0.000     0.000 r  clk (IN)
                         net (fo=0)                   0.000     0.000    clk
    L17                  IBUF (Prop_ibuf_I_O)         1.476     1.476 r  clk_IBUF_inst/O
                         net (fo=1, routed)           1.972     3.448    clk_IBUF
    BUFGCTRL_X0Y0        BUFG (Prop_bufg_I_O)         0.096     3.544 r  clk_IBUF_BUFG_inst/O
                         net (fo=150, routed)         1.736     5.280    CPU_inst/CLK
    SLICE_X32Y106        FDRE                                         r  CPU_inst/B_reg[0]/C
  -------------------------------------------------------------------    -------------------
    SLICE_X32Y106        FDRE (Prop_fdre_C_Q)         0.456     5.736 f  CPU_inst/B_reg[0]/Q
                         net (fo=38, routed)          1.198     6.934    CPU_inst/B_reg_n_0_[0]
    SLICE_X29Y100        LUT1 (Prop_lut1_I0_O)        0.124     7.058 r  CPU_inst/i__carry_i_1__1/O
                         net (fo=2, routed)           0.514     7.572    CPU_inst/i__carry_i_1__1_n_0
    SLICE_X29Y102        CARRY4 (Prop_carry4_CYINIT_CO[3])
                                                      0.580     8.152 r  CPU_inst/C1_carry_i_9/CO[3]
                         net (fo=1, routed)           0.000     8.152    CPU_inst/C1_carry_i_9_n_0
    SLICE_X29Y103        CARRY4 (Prop_carry4_CI_O[3])
                                                      0.313     8.465 f  CPU_inst/C1_carry__0_i_9/O[3]
                         net (fo=17, routed)          1.990    10.455    CPU_inst/C1_carry__0_i_9_n_4
    SLICE_X34Y112        LUT3 (Prop_lut3_I2_O)        0.306    10.761 r  CPU_inst/C1_carry__1_i_8/O
                         net (fo=1, routed)           0.000    10.761    CPU_inst/C1_carry__1_i_8_n_0
    SLICE_X34Y112        CARRY4 (Prop_carry4_S[0]_CO[3])
                                                      0.513    11.274 r  CPU_inst/C1_carry__1/CO[3]
                         net (fo=1, routed)           0.000    11.274    CPU_inst/C1_carry__1_n_0
    SLICE_X34Y113        CARRY4 (Prop_carry4_CI_CO[3])
                                                      0.117    11.391 r  CPU_inst/C1_carry__2/CO[3]
                         net (fo=1, routed)           0.000    11.391    CPU_inst/C1_carry__2_n_0
    SLICE_X34Y114        CARRY4 (Prop_carry4_CI_CO[0])
                                                      0.254    11.645 r  CPU_inst/C_reg[15]_i_11/CO[0]
                         net (fo=22, routed)          1.034    12.679    CPU_inst/C1_carry__2_0[14]
    SLICE_X33Y112        LUT5 (Prop_lut5_I0_O)        0.367    13.046 r  CPU_inst/C[14]_i_30/O
                         net (fo=1, routed)           0.000    13.046    CPU_inst/C[14]_i_30_n_0
    SLICE_X33Y112        CARRY4 (Prop_carry4_S[1]_CO[3])
                                                      0.550    13.596 r  CPU_inst/C_reg[14]_i_22/CO[3]
                         net (fo=1, routed)           0.000    13.596    CPU_inst/C_reg[14]_i_22_n_0
    SLICE_X33Y113        CARRY4 (Prop_carry4_CI_CO[3])
                                                      0.114    13.710 r  CPU_inst/C_reg[14]_i_17/CO[3]
                         net (fo=1, routed)           0.000    13.710    CPU_inst/C_reg[14]_i_17_n_0
    SLICE_X33Y114        CARRY4 (Prop_carry4_CI_CO[3])
                                                      0.114    13.824 r  CPU_inst/C_reg[14]_i_12/CO[3]
                         net (fo=1, routed)           0.000    13.824    CPU_inst/C_reg[14]_i_12_n_0
    SLICE_X33Y115        CARRY4 (Prop_carry4_CI_CO[3])
                                                      0.114    13.938 r  CPU_inst/C_reg[14]_i_7/CO[3]
                         net (fo=1, routed)           0.000    13.938    CPU_inst/C_reg[14]_i_7_n_0
    SLICE_X33Y116        CARRY4 (Prop_carry4_CI_CO[1])
                                                      0.157    14.095 r  CPU_inst/C_reg[14]_i_4/CO[1]
                         net (fo=22, routed)          0.818    14.913    CPU_inst/C1_carry__2_0[13]
    SLICE_X32Y112        LUT5 (Prop_lut5_I1_O)        0.329    15.242 r  CPU_inst/C[13]_i_30/O
                         net (fo=1, routed)           0.000    15.242    CPU_inst/C[13]_i_30_n_0
    SLICE_X32Y112        CARRY4 (Prop_carry4_S[1]_CO[3])
                                                      0.550    15.792 r  CPU_inst/C_reg[13]_i_22/CO[3]
                         net (fo=1, routed)           0.000    15.792    CPU_inst/C_reg[13]_i_22_n_0
    SLICE_X32Y113        CARRY4 (Prop_carry4_CI_CO[3])
                                                      0.114    15.906 r  CPU_inst/C_reg[13]_i_17/CO[3]
                         net (fo=1, routed)           0.000    15.906    CPU_inst/C_reg[13]_i_17_n_0
    SLICE_X32Y114        CARRY4 (Prop_carry4_CI_CO[3])
                                                      0.114    16.020 r  CPU_inst/C_reg[13]_i_12/CO[3]
                         net (fo=1, routed)           0.000    16.020    CPU_inst/C_reg[13]_i_12_n_0
    SLICE_X32Y115        CARRY4 (Prop_carry4_CI_CO[3])
                                                      0.114    16.134 r  CPU_inst/C_reg[13]_i_7/CO[3]
                         net (fo=1, routed)           0.000    16.134    CPU_inst/C_reg[13]_i_7_n_0
    SLICE_X32Y116        CARRY4 (Prop_carry4_CI_CO[1])
                                                      0.157    16.291 r  CPU_inst/C_reg[13]_i_4/CO[1]
                         net (fo=22, routed)          1.237    17.528    CPU_inst/C1_carry__2_0[12]
    SLICE_X31Y111        LUT5 (Prop_lut5_I1_O)        0.329    17.857 r  CPU_inst/C[12]_i_35/O
                         net (fo=1, routed)           0.000    17.857    CPU_inst/C[12]_i_35_n_0
    SLICE_X31Y111        CARRY4 (Prop_carry4_S[1]_CO[3])
                                                      0.550    18.407 r  CPU_inst/C_reg[12]_i_27/CO[3]
                         net (fo=1, routed)           0.000    18.407    CPU_inst/C_reg[12]_i_27_n_0
    SLICE_X31Y112        CARRY4 (Prop_carry4_CI_CO[3])
                                                      0.114    18.521 r  CPU_inst/C_reg[12]_i_22/CO[3]
                         net (fo=1, routed)           0.000    18.521    CPU_inst/C_reg[12]_i_22_n_0
    SLICE_X31Y113        CARRY4 (Prop_carry4_CI_CO[3])
                                                      0.114    18.635 r  CPU_inst/C_reg[12]_i_17/CO[3]
                         net (fo=1, routed)           0.000    18.635    CPU_inst/C_reg[12]_i_17_n_0
    SLICE_X31Y114        CARRY4 (Prop_carry4_CI_CO[3])
                                                      0.114    18.749 r  CPU_inst/C_reg[12]_i_8/CO[3]
                         net (fo=1, routed)           0.000    18.749    CPU_inst/C_reg[12]_i_8_n_0
    SLICE_X31Y115        CARRY4 (Prop_carry4_CI_CO[1])
                                                      0.157    18.906 r  CPU_inst/C_reg[12]_i_4/CO[1]
                         net (fo=22, routed)          0.903    19.810    CPU_inst/C1_carry__2_0[11]
    SLICE_X30Y113        LUT5 (Prop_lut5_I1_O)        0.329    20.139 r  CPU_inst/C[11]_i_30/O
                         net (fo=1, routed)           0.000    20.139    CPU_inst/C[11]_i_30_n_0
    SLICE_X30Y113        CARRY4 (Prop_carry4_S[1]_CO[3])
                                                      0.533    20.672 r  CPU_inst/C_reg[11]_i_22/CO[3]
                         net (fo=1, routed)           0.000    20.672    CPU_inst/C_reg[11]_i_22_n_0
    SLICE_X30Y114        CARRY4 (Prop_carry4_CI_CO[3])
                                                      0.117    20.789 r  CPU_inst/C_reg[11]_i_17/CO[3]
                         net (fo=1, routed)           0.000    20.789    CPU_inst/C_reg[11]_i_17_n_0
    SLICE_X30Y115        CARRY4 (Prop_carry4_CI_CO[3])
                                                      0.117    20.906 r  CPU_inst/C_reg[11]_i_12/CO[3]
                         net (fo=1, routed)           0.000    20.906    CPU_inst/C_reg[11]_i_12_n_0
    SLICE_X30Y116        CARRY4 (Prop_carry4_CI_CO[3])
                                                      0.117    21.023 r  CPU_inst/C_reg[11]_i_7/CO[3]
                         net (fo=1, routed)           0.000    21.023    CPU_inst/C_reg[11]_i_7_n_0
    SLICE_X30Y117        CARRY4 (Prop_carry4_CI_CO[1])
                                                      0.157    21.180 r  CPU_inst/C_reg[11]_i_4/CO[1]
                         net (fo=22, routed)          1.468    22.648    CPU_inst/C1_carry__2_0[10]
    SLICE_X23Y112        CARRY4 (Prop_carry4_CYINIT_CO[3])
                                                      0.788    23.436 r  CPU_inst/C_reg[10]_i_22/CO[3]
                         net (fo=1, routed)           0.000    23.436    CPU_inst/C_reg[10]_i_22_n_0
    SLICE_X23Y113        CARRY4 (Prop_carry4_CI_CO[3])
                                                      0.114    23.550 r  CPU_inst/C_reg[10]_i_17/CO[3]
                         net (fo=1, routed)           0.000    23.550    CPU_inst/C_reg[10]_i_17_n_0
    SLICE_X23Y114        CARRY4 (Prop_carry4_CI_CO[3])
                                                      0.114    23.664 r  CPU_inst/C_reg[10]_i_12/CO[3]
                         net (fo=1, routed)           0.000    23.664    CPU_inst/C_reg[10]_i_12_n_0
    SLICE_X23Y115        CARRY4 (Prop_carry4_CI_CO[3])
                                                      0.114    23.778 r  CPU_inst/C_reg[10]_i_7/CO[3]
                         net (fo=1, routed)           0.000    23.778    CPU_inst/C_reg[10]_i_7_n_0
    SLICE_X23Y116        CARRY4 (Prop_carry4_CI_CO[1])
                                                      0.157    23.935 r  CPU_inst/C_reg[10]_i_4/CO[1]
                         net (fo=22, routed)          1.283    25.218    CPU_inst/C1_carry__2_0[9]
    SLICE_X22Y111        LUT5 (Prop_lut5_I1_O)        0.329    25.547 r  CPU_inst/C[9]_i_30/O
                         net (fo=1, routed)           0.000    25.547    CPU_inst/C[9]_i_30_n_0
    SLICE_X22Y111        CARRY4 (Prop_carry4_S[1]_CO[3])
                                                      0.550    26.097 r  CPU_inst/C_reg[9]_i_22/CO[3]
                         net (fo=1, routed)           0.000    26.097    CPU_inst/C_reg[9]_i_22_n_0
    SLICE_X22Y112        CARRY4 (Prop_carry4_CI_CO[3])
                                                      0.114    26.211 r  CPU_inst/C_reg[9]_i_17/CO[3]
                         net (fo=1, routed)           0.000    26.211    CPU_inst/C_reg[9]_i_17_n_0
    SLICE_X22Y113        CARRY4 (Prop_carry4_CI_CO[3])
                                                      0.114    26.325 r  CPU_inst/C_reg[9]_i_12/CO[3]
                         net (fo=1, routed)           0.000    26.325    CPU_inst/C_reg[9]_i_12_n_0
    SLICE_X22Y114        CARRY4 (Prop_carry4_CI_CO[3])
                                                      0.114    26.439 r  CPU_inst/C_reg[9]_i_7/CO[3]
                         net (fo=1, routed)           0.000    26.439    CPU_inst/C_reg[9]_i_7_n_0
    SLICE_X22Y115        CARRY4 (Prop_carry4_CI_CO[1])
                                                      0.157    26.596 r  CPU_inst/C_reg[9]_i_4/CO[1]
                         net (fo=22, routed)          1.308    27.904    CPU_inst/C1_carry__2_0[8]
    SLICE_X24Y109        LUT5 (Prop_lut5_I1_O)        0.329    28.233 r  CPU_inst/C[8]_i_35/O
                         net (fo=1, routed)           0.000    28.233    CPU_inst/C[8]_i_35_n_0
    SLICE_X24Y109        CARRY4 (Prop_carry4_S[1]_CO[3])
                                                      0.550    28.783 r  CPU_inst/C_reg[8]_i_27/CO[3]
                         net (fo=1, routed)           0.000    28.783    CPU_inst/C_reg[8]_i_27_n_0
    SLICE_X24Y110        CARRY4 (Prop_carry4_CI_CO[3])
                                                      0.114    28.897 r  CPU_inst/C_reg[8]_i_22/CO[3]
                         net (fo=1, routed)           0.000    28.897    CPU_inst/C_reg[8]_i_22_n_0
    SLICE_X24Y111        CARRY4 (Prop_carry4_CI_CO[3])
                                                      0.114    29.011 r  CPU_inst/C_reg[8]_i_17/CO[3]
                         net (fo=1, routed)           0.000    29.011    CPU_inst/C_reg[8]_i_17_n_0
    SLICE_X24Y112        CARRY4 (Prop_carry4_CI_CO[3])
                                                      0.114    29.125 r  CPU_inst/C_reg[8]_i_8/CO[3]
                         net (fo=1, routed)           0.000    29.125    CPU_inst/C_reg[8]_i_8_n_0
    SLICE_X24Y113        CARRY4 (Prop_carry4_CI_CO[1])
                                                      0.157    29.282 r  CPU_inst/C_reg[8]_i_4/CO[1]
                         net (fo=22, routed)          1.496    30.778    CPU_inst/C1_carry__2_0[7]
    SLICE_X26Y109        LUT5 (Prop_lut5_I1_O)        0.329    31.107 r  CPU_inst/C[7]_i_35/O
                         net (fo=1, routed)           0.000    31.107    CPU_inst/C[7]_i_35_n_0
    SLICE_X26Y109        CARRY4 (Prop_carry4_S[1]_CO[3])
                                                      0.550    31.657 r  CPU_inst/C_reg[7]_i_27/CO[3]
                         net (fo=1, routed)           0.000    31.657    CPU_inst/C_reg[7]_i_27_n_0
    SLICE_X26Y110        CARRY4 (Prop_carry4_CI_CO[3])
                                                      0.114    31.771 r  CPU_inst/C_reg[7]_i_18/CO[3]
                         net (fo=1, routed)           0.000    31.771    CPU_inst/C_reg[7]_i_18_n_0
    SLICE_X26Y111        CARRY4 (Prop_carry4_CI_CO[3])
                                                      0.114    31.885 r  CPU_inst/C_reg[7]_i_12/CO[3]
                         net (fo=1, routed)           0.000    31.885    CPU_inst/C_reg[7]_i_12_n_0
    SLICE_X26Y112        CARRY4 (Prop_carry4_CI_CO[3])
                                                      0.114    31.999 r  CPU_inst/C_reg[7]_i_7/CO[3]
                         net (fo=1, routed)           0.000    31.999    CPU_inst/C_reg[7]_i_7_n_0
    SLICE_X26Y113        CARRY4 (Prop_carry4_CI_CO[1])
                                                      0.157    32.156 r  CPU_inst/C_reg[7]_i_4/CO[1]
                         net (fo=22, routed)          1.424    33.580    CPU_inst/C1_carry__2_0[6]
    SLICE_X29Y106        LUT5 (Prop_lut5_I0_O)        0.329    33.909 r  CPU_inst/C1__972_carry_i_75/O
                         net (fo=1, routed)           0.000    33.909    CPU_inst/C1__972_carry_i_75_n_0
    SLICE_X29Y106        CARRY4 (Prop_carry4_S[3]_CO[3])
                                                      0.401    34.310 r  CPU_inst/C1__972_carry_i_65/CO[3]
                         net (fo=1, routed)           0.000    34.310    CPU_inst/C1__972_carry_i_65_n_0
    SLICE_X29Y107        CARRY4 (Prop_carry4_CI_CO[3])
                                                      0.114    34.424 r  CPU_inst/C_reg[6]_i_17/CO[3]
                         net (fo=1, routed)           0.000    34.424    CPU_inst/C_reg[6]_i_17_n_0
    SLICE_X29Y108        CARRY4 (Prop_carry4_CI_CO[3])
                                                      0.114    34.538 r  CPU_inst/C_reg[6]_i_12/CO[3]
                         net (fo=1, routed)           0.000    34.538    CPU_inst/C_reg[6]_i_12_n_0
    SLICE_X29Y109        CARRY4 (Prop_carry4_CI_CO[3])
                                                      0.114    34.652 r  CPU_inst/C_reg[6]_i_7/CO[3]
                         net (fo=1, routed)           0.000    34.652    CPU_inst/C_reg[6]_i_7_n_0
    SLICE_X29Y110        CARRY4 (Prop_carry4_CI_CO[1])
                                                      0.157    34.809 r  CPU_inst/C_reg[6]_i_4/CO[1]
                         net (fo=22, routed)          1.199    36.007    CPU_inst/C1_carry__2_0[5]
    SLICE_X30Y103        LUT5 (Prop_lut5_I1_O)        0.329    36.336 r  CPU_inst/C1__972_carry_i_73/O
                         net (fo=1, routed)           0.000    36.336    CPU_inst/C1__972_carry_i_73_n_0
    SLICE_X30Y103        CARRY4 (Prop_carry4_S[1]_CO[3])
                                                      0.533    36.869 r  CPU_inst/C1__972_carry_i_56/CO[3]
                         net (fo=1, routed)           0.000    36.869    CPU_inst/C1__972_carry_i_56_n_0
    SLICE_X30Y104        CARRY4 (Prop_carry4_CI_CO[3])
                                                      0.117    36.986 r  CPU_inst/C1__972_carry_i_51/CO[3]
                         net (fo=1, routed)           0.000    36.986    CPU_inst/C1__972_carry_i_51_n_0
    SLICE_X30Y105        CARRY4 (Prop_carry4_CI_CO[3])
                                                      0.117    37.103 r  CPU_inst/C_reg[5]_i_12/CO[3]
                         net (fo=1, routed)           0.000    37.103    CPU_inst/C_reg[5]_i_12_n_0
    SLICE_X30Y106        CARRY4 (Prop_carry4_CI_CO[3])
                                                      0.117    37.220 r  CPU_inst/C_reg[5]_i_7/CO[3]
                         net (fo=1, routed)           0.000    37.220    CPU_inst/C_reg[5]_i_7_n_0
    SLICE_X30Y107        CARRY4 (Prop_carry4_CI_CO[1])
                                                      0.157    37.377 r  CPU_inst/C_reg[5]_i_4/CO[1]
                         net (fo=22, routed)          1.068    38.445    CPU_inst/C1_carry__2_0[4]
    SLICE_X31Y102        LUT5 (Prop_lut5_I1_O)        0.332    38.777 r  CPU_inst/C1__972_carry_i_64/O
                         net (fo=1, routed)           0.000    38.777    CPU_inst/C1__972_carry_i_64_n_0
    SLICE_X31Y102        CARRY4 (Prop_carry4_S[1]_CO[3])
                                                      0.550    39.327 r  CPU_inst/C1__972_carry_i_41/CO[3]
                         net (fo=1, routed)           0.000    39.327    CPU_inst/C1__972_carry_i_41_n_0
    SLICE_X31Y103        CARRY4 (Prop_carry4_CI_CO[3])
                                                      0.114    39.441 r  CPU_inst/C1__972_carry_i_36/CO[3]
                         net (fo=1, routed)           0.000    39.441    CPU_inst/C1__972_carry_i_36_n_0
    SLICE_X31Y104        CARRY4 (Prop_carry4_CI_CO[3])
                                                      0.114    39.555 r  CPU_inst/C1__972_carry_i_31/CO[3]
                         net (fo=1, routed)           0.000    39.555    CPU_inst/C1__972_carry_i_31_n_0
    SLICE_X31Y105        CARRY4 (Prop_carry4_CI_CO[3])
                                                      0.114    39.669 r  CPU_inst/C_reg[4]_i_8/CO[3]
                         net (fo=1, routed)           0.000    39.669    CPU_inst/C_reg[4]_i_8_n_0
    SLICE_X31Y106        CARRY4 (Prop_carry4_CI_CO[1])
                                                      0.157    39.826 r  CPU_inst/C_reg[4]_i_4/CO[1]
                         net (fo=22, routed)          1.318    41.144    CPU_inst/C1_carry__2_0[3]
    SLICE_X26Y101        CARRY4 (Prop_carry4_CYINIT_CO[3])
                                                      0.785    41.929 r  CPU_inst/C1__972_carry_i_25/CO[3]
                         net (fo=1, routed)           0.000    41.929    CPU_inst/C1__972_carry_i_25_n_0
    SLICE_X26Y102        CARRY4 (Prop_carry4_CI_CO[3])
                                                      0.114    42.043 r  CPU_inst/C1__972_carry__0_i_11/CO[3]
                         net (fo=1, routed)           0.000    42.043    CPU_inst/C1__972_carry__0_i_11_n_0
    SLICE_X26Y103        CARRY4 (Prop_carry4_CI_CO[3])
                                                      0.114    42.157 r  CPU_inst/C1__972_carry_i_20/CO[3]
                         net (fo=1, routed)           0.000    42.157    CPU_inst/C1__972_carry_i_20_n_0
    SLICE_X26Y104        CARRY4 (Prop_carry4_CI_CO[3])
                                                      0.114    42.271 r  CPU_inst/C1__972_carry_i_17/CO[3]
                         net (fo=1, routed)           0.000    42.271    CPU_inst/C1__972_carry_i_17_n_0
    SLICE_X26Y105        CARRY4 (Prop_carry4_CI_CO[1])
                                                      0.157    42.428 r  CPU_inst/C_reg[3]_i_4/CO[1]
                         net (fo=22, routed)          0.972    43.400    CPU_inst/C1_carry__2_0[2]
    SLICE_X25Y101        LUT5 (Prop_lut5_I1_O)        0.329    43.729 r  CPU_inst/C1__972_carry_i_29/O
                         net (fo=1, routed)           0.000    43.729    CPU_inst/C1__972_carry_i_29_n_0
    SLICE_X25Y101        CARRY4 (Prop_carry4_S[1]_CO[3])
                                                      0.550    44.279 r  CPU_inst/C1__972_carry_i_12/CO[3]
                         net (fo=1, routed)           0.000    44.279    CPU_inst/C1__972_carry_i_12_n_0
    SLICE_X25Y102        CARRY4 (Prop_carry4_CI_CO[3])
                                                      0.114    44.393 r  CPU_inst/C1__972_carry__0_i_6/CO[3]
                         net (fo=1, routed)           0.000    44.393    CPU_inst/C1__972_carry__0_i_6_n_0
    SLICE_X25Y103        CARRY4 (Prop_carry4_CI_CO[3])
                                                      0.114    44.507 r  CPU_inst/C1__972_carry__1_i_6/CO[3]
                         net (fo=1, routed)           0.000    44.507    CPU_inst/C1__972_carry__1_i_6_n_0
    SLICE_X25Y104        CARRY4 (Prop_carry4_CI_CO[3])
                                                      0.114    44.621 r  CPU_inst/C1__972_carry_i_9/CO[3]
                         net (fo=1, routed)           0.000    44.621    CPU_inst/C1__972_carry_i_9_n_0
    SLICE_X25Y105        CARRY4 (Prop_carry4_CI_CO[1])
                                                      0.157    44.778 r  CPU_inst/C1__972_carry_i_8/CO[1]
                         net (fo=22, routed)          1.169    45.947    CPU_inst/C1_carry__2_0[1]
    SLICE_X24Y101        LUT5 (Prop_lut5_I1_O)        0.329    46.276 r  CPU_inst/C1__972_carry_i_16/O
                         net (fo=1, routed)           0.000    46.276    CPU_inst/C1__972_carry_i_16_n_0
    SLICE_X24Y101        CARRY4 (Prop_carry4_S[1]_CO[3])
                                                      0.550    46.826 r  CPU_inst/C1__972_carry_i_2/CO[3]
                         net (fo=1, routed)           0.000    46.826    CPU_inst/C1__972_carry_i_2_n_0
    SLICE_X24Y102        CARRY4 (Prop_carry4_CI_CO[3])
                                                      0.114    46.940 r  CPU_inst/C1__972_carry__0_i_1/CO[3]
                         net (fo=1, routed)           0.000    46.940    CPU_inst/C1__972_carry__0_i_1_n_0
    SLICE_X24Y103        CARRY4 (Prop_carry4_CI_CO[3])
                                                      0.114    47.054 r  CPU_inst/C1__972_carry__1_i_1/CO[3]
                         net (fo=1, routed)           0.000    47.054    CPU_inst/C1__972_carry__1_i_1_n_0
    SLICE_X24Y104        CARRY4 (Prop_carry4_CI_CO[3])
                                                      0.114    47.168 r  CPU_inst/C1__972_carry__2_i_1/CO[3]
                         net (fo=1, routed)           0.000    47.168    CPU_inst/C1__972_carry__2_i_1_n_0
    SLICE_X24Y105        CARRY4 (Prop_carry4_CI_CO[1])
                                                      0.157    47.325 r  CPU_inst/C1__972_carry_i_1/CO[1]
                         net (fo=22, routed)          1.201    48.527    CPU_inst/C1_carry__2_0[0]
    SLICE_X22Y102        LUT3 (Prop_lut3_I0_O)        0.329    48.856 r  CPU_inst/C1__972_carry_i_7/O
                         net (fo=1, routed)           0.000    48.856    CPU_inst/C1__972_carry_i_7_n_0
    SLICE_X22Y102        CARRY4 (Prop_carry4_S[0]_CO[3])
                                                      0.532    49.388 r  CPU_inst/C1__972_carry/CO[3]
                         net (fo=1, routed)           0.000    49.388    CPU_inst/C1__972_carry_n_0
    SLICE_X22Y103        CARRY4 (Prop_carry4_CI_CO[3])
                                                      0.114    49.502 r  CPU_inst/C1__972_carry__0/CO[3]
                         net (fo=1, routed)           0.000    49.502    CPU_inst/C1__972_carry__0_n_0
    SLICE_X22Y104        CARRY4 (Prop_carry4_CI_CO[3])
                                                      0.114    49.616 r  CPU_inst/C1__972_carry__1/CO[3]
                         net (fo=1, routed)           0.000    49.616    CPU_inst/C1__972_carry__1_n_0
    SLICE_X22Y105        CARRY4 (Prop_carry4_CI_CO[3])
                                                      0.114    49.730 r  CPU_inst/C1__972_carry__2/CO[3]
                         net (fo=1, routed)           0.000    49.730    CPU_inst/C1__972_carry__2_n_0
    SLICE_X22Y106        CARRY4 (Prop_carry4_CI_CO[0])
                                                      0.271    50.001 f  CPU_inst/C1__972_carry__3/CO[0]
                         net (fo=2, routed)           0.593    50.594    CPU_inst/C10_in[0]
    SLICE_X21Y105        LUT1 (Prop_lut1_I0_O)        0.373    50.967 r  CPU_inst/C[4]_i_11/O
                         net (fo=1, routed)           0.538    51.505    CPU_inst/C[4]_i_11_n_0
    SLICE_X23Y105        CARRY4 (Prop_carry4_CYINIT_CO[3])
                                                      0.580    52.085 r  CPU_inst/C_reg[4]_i_5/CO[3]
                         net (fo=1, routed)           0.000    52.085    CPU_inst/C_reg[4]_i_5_n_0
    SLICE_X23Y106        CARRY4 (Prop_carry4_CI_CO[3])
                                                      0.114    52.199 r  CPU_inst/C_reg[8]_i_5/CO[3]
                         net (fo=1, routed)           0.000    52.199    CPU_inst/C_reg[8]_i_5_n_0
    SLICE_X23Y107        CARRY4 (Prop_carry4_CI_O[0])
                                                      0.222    52.421 r  CPU_inst/C_reg[12]_i_5/O[0]
                         net (fo=1, routed)           0.425    52.847    CPU_inst/C1[9]
    SLICE_X24Y107        LUT4 (Prop_lut4_I1_O)        0.299    53.146 r  CPU_inst/C[9]_i_2/O
                         net (fo=1, routed)           0.667    53.813    CPU_inst/C[9]_i_2_n_0
    SLICE_X24Y107        LUT6 (Prop_lut6_I1_O)        0.124    53.937 r  CPU_inst/C[9]_i_1/O
                         net (fo=1, routed)           0.000    53.937    CPU_inst/C[9]
    SLICE_X24Y107        FDRE                                         r  CPU_inst/C_reg[9]/D
  -------------------------------------------------------------------    -------------------

                         (clock clk_12m rise edge)   83.333    83.333 r  
    L17                                               0.000    83.333 r  clk (IN)
                         net (fo=0)                   0.000    83.333    clk
    L17                  IBUF (Prop_ibuf_I_O)         1.406    84.739 r  clk_IBUF_inst/O
                         net (fo=1, routed)           1.868    86.607    clk_IBUF
    BUFGCTRL_X0Y0        BUFG (Prop_bufg_I_O)         0.091    86.698 r  clk_IBUF_BUFG_inst/O
                         net (fo=150, routed)         1.611    88.309    CPU_inst/CLK
    SLICE_X24Y107        FDRE                                         r  CPU_inst/C_reg[9]/C
                         clock pessimism              0.266    88.575    
                         clock uncertainty           -0.035    88.540    
    SLICE_X24Y107        FDRE (Setup_fdre_C_D)        0.031    88.571    CPU_inst/C_reg[9]
  -------------------------------------------------------------------
                         required time                         88.571    
                         arrival time                         -53.937    
  -------------------------------------------------------------------
                         slack                                 34.634    

Slack (MET) :             34.701ns  (required time - arrival time)
  Source:                 CPU_inst/B_reg[0]/C
                            (rising edge-triggered cell FDRE clocked by clk_12m  {rise@0.000ns fall@41.667ns period=83.333ns})
  Destination:            CPU_inst/C_reg[13]/D
                            (rising edge-triggered cell FDRE clocked by clk_12m  {rise@0.000ns fall@41.667ns period=83.333ns})
  Path Group:             clk_12m
  Path Type:              Setup (Max at Slow Process Corner)
  Requirement:            83.333ns  (clk_12m rise@83.333ns - clk_12m rise@0.000ns)
  Data Path Delay:        48.587ns  (logic 24.946ns (51.343%)  route 23.641ns (48.657%))
  Logic Levels:           102  (CARRY4=84 LUT1=2 LUT3=2 LUT4=1 LUT5=12 LUT6=1)
  Clock Path Skew:        -0.038ns (DCD - SCD + CPR)
    Destination Clock Delay (DCD):    4.976ns = ( 88.309 - 83.333 ) 
    Source Clock Delay      (SCD):    5.280ns
    Clock Pessimism Removal (CPR):    0.266ns
  Clock Uncertainty:      0.035ns  ((TSJ^2 + TIJ^2)^1/2 + DJ) / 2 + PE
    Total System Jitter     (TSJ):    0.071ns
    Total Input Jitter      (TIJ):    0.000ns
    Discrete Jitter          (DJ):    0.000ns
    Phase Error              (PE):    0.000ns

    Location             Delay type                Incr(ns)  Path(ns)    Netlist Resource(s)
  -------------------------------------------------------------------    -------------------
                         (clock clk_12m rise edge)    0.000     0.000 r  
    L17                                               0.000     0.000 r  clk (IN)
                         net (fo=0)                   0.000     0.000    clk
    L17                  IBUF (Prop_ibuf_I_O)         1.476     1.476 r  clk_IBUF_inst/O
                         net (fo=1, routed)           1.972     3.448    clk_IBUF
    BUFGCTRL_X0Y0        BUFG (Prop_bufg_I_O)         0.096     3.544 r  clk_IBUF_BUFG_inst/O
                         net (fo=150, routed)         1.736     5.280    CPU_inst/CLK
    SLICE_X32Y106        FDRE                                         r  CPU_inst/B_reg[0]/C
  -------------------------------------------------------------------    -------------------
    SLICE_X32Y106        FDRE (Prop_fdre_C_Q)         0.456     5.736 f  CPU_inst/B_reg[0]/Q
                         net (fo=38, routed)          1.198     6.934    CPU_inst/B_reg_n_0_[0]
    SLICE_X29Y100        LUT1 (Prop_lut1_I0_O)        0.124     7.058 r  CPU_inst/i__carry_i_1__1/O
                         net (fo=2, routed)           0.514     7.572    CPU_inst/i__carry_i_1__1_n_0
    SLICE_X29Y102        CARRY4 (Prop_carry4_CYINIT_CO[3])
                                                      0.580     8.152 r  CPU_inst/C1_carry_i_9/CO[3]
                         net (fo=1, routed)           0.000     8.152    CPU_inst/C1_carry_i_9_n_0
    SLICE_X29Y103        CARRY4 (Prop_carry4_CI_O[3])
                                                      0.313     8.465 f  CPU_inst/C1_carry__0_i_9/O[3]
                         net (fo=17, routed)          1.990    10.455    CPU_inst/C1_carry__0_i_9_n_4
    SLICE_X34Y112        LUT3 (Prop_lut3_I2_O)        0.306    10.761 r  CPU_inst/C1_carry__1_i_8/O
                         net (fo=1, routed)           0.000    10.761    CPU_inst/C1_carry__1_i_8_n_0
    SLICE_X34Y112        CARRY4 (Prop_carry4_S[0]_CO[3])
                                                      0.513    11.274 r  CPU_inst/C1_carry__1/CO[3]
                         net (fo=1, routed)           0.000    11.274    CPU_inst/C1_carry__1_n_0
    SLICE_X34Y113        CARRY4 (Prop_carry4_CI_CO[3])
                                                      0.117    11.391 r  CPU_inst/C1_carry__2/CO[3]
                         net (fo=1, routed)           0.000    11.391    CPU_inst/C1_carry__2_n_0
    SLICE_X34Y114        CARRY4 (Prop_carry4_CI_CO[0])
                                                      0.254    11.645 r  CPU_inst/C_reg[15]_i_11/CO[0]
                         net (fo=22, routed)          1.034    12.679    CPU_inst/C1_carry__2_0[14]
    SLICE_X33Y112        LUT5 (Prop_lut5_I0_O)        0.367    13.046 r  CPU_inst/C[14]_i_30/O
                         net (fo=1, routed)           0.000    13.046    CPU_inst/C[14]_i_30_n_0
    SLICE_X33Y112        CARRY4 (Prop_carry4_S[1]_CO[3])
                                                      0.550    13.596 r  CPU_inst/C_reg[14]_i_22/CO[3]
                         net (fo=1, routed)           0.000    13.596    CPU_inst/C_reg[14]_i_22_n_0
    SLICE_X33Y113        CARRY4 (Prop_carry4_CI_CO[3])
                                                      0.114    13.710 r  CPU_inst/C_reg[14]_i_17/CO[3]
                         net (fo=1, routed)           0.000    13.710    CPU_inst/C_reg[14]_i_17_n_0
    SLICE_X33Y114        CARRY4 (Prop_carry4_CI_CO[3])
                                                      0.114    13.824 r  CPU_inst/C_reg[14]_i_12/CO[3]
                         net (fo=1, routed)           0.000    13.824    CPU_inst/C_reg[14]_i_12_n_0
    SLICE_X33Y115        CARRY4 (Prop_carry4_CI_CO[3])
                                                      0.114    13.938 r  CPU_inst/C_reg[14]_i_7/CO[3]
                         net (fo=1, routed)           0.000    13.938    CPU_inst/C_reg[14]_i_7_n_0
    SLICE_X33Y116        CARRY4 (Prop_carry4_CI_CO[1])
                                                      0.157    14.095 r  CPU_inst/C_reg[14]_i_4/CO[1]
                         net (fo=22, routed)          0.818    14.913    CPU_inst/C1_carry__2_0[13]
    SLICE_X32Y112        LUT5 (Prop_lut5_I1_O)        0.329    15.242 r  CPU_inst/C[13]_i_30/O
                         net (fo=1, routed)           0.000    15.242    CPU_inst/C[13]_i_30_n_0
    SLICE_X32Y112        CARRY4 (Prop_carry4_S[1]_CO[3])
                                                      0.550    15.792 r  CPU_inst/C_reg[13]_i_22/CO[3]
                         net (fo=1, routed)           0.000    15.792    CPU_inst/C_reg[13]_i_22_n_0
    SLICE_X32Y113        CARRY4 (Prop_carry4_CI_CO[3])
                                                      0.114    15.906 r  CPU_inst/C_reg[13]_i_17/CO[3]
                         net (fo=1, routed)           0.000    15.906    CPU_inst/C_reg[13]_i_17_n_0
    SLICE_X32Y114        CARRY4 (Prop_carry4_CI_CO[3])
                                                      0.114    16.020 r  CPU_inst/C_reg[13]_i_12/CO[3]
                         net (fo=1, routed)           0.000    16.020    CPU_inst/C_reg[13]_i_12_n_0
    SLICE_X32Y115        CARRY4 (Prop_carry4_CI_CO[3])
                                                      0.114    16.134 r  CPU_inst/C_reg[13]_i_7/CO[3]
                         net (fo=1, routed)           0.000    16.134    CPU_inst/C_reg[13]_i_7_n_0
    SLICE_X32Y116        CARRY4 (Prop_carry4_CI_CO[1])
                                                      0.157    16.291 r  CPU_inst/C_reg[13]_i_4/CO[1]
                         net (fo=22, routed)          1.237    17.528    CPU_inst/C1_carry__2_0[12]
    SLICE_X31Y111        LUT5 (Prop_lut5_I1_O)        0.329    17.857 r  CPU_inst/C[12]_i_35/O
                         net (fo=1, routed)           0.000    17.857    CPU_inst/C[12]_i_35_n_0
    SLICE_X31Y111        CARRY4 (Prop_carry4_S[1]_CO[3])
                                                      0.550    18.407 r  CPU_inst/C_reg[12]_i_27/CO[3]
                         net (fo=1, routed)           0.000    18.407    CPU_inst/C_reg[12]_i_27_n_0
    SLICE_X31Y112        CARRY4 (Prop_carry4_CI_CO[3])
                                                      0.114    18.521 r  CPU_inst/C_reg[12]_i_22/CO[3]
                         net (fo=1, routed)           0.000    18.521    CPU_inst/C_reg[12]_i_22_n_0
    SLICE_X31Y113        CARRY4 (Prop_carry4_CI_CO[3])
                                                      0.114    18.635 r  CPU_inst/C_reg[12]_i_17/CO[3]
                         net (fo=1, routed)           0.000    18.635    CPU_inst/C_reg[12]_i_17_n_0
    SLICE_X31Y114        CARRY4 (Prop_carry4_CI_CO[3])
                                                      0.114    18.749 r  CPU_inst/C_reg[12]_i_8/CO[3]
                         net (fo=1, routed)           0.000    18.749    CPU_inst/C_reg[12]_i_8_n_0
    SLICE_X31Y115        CARRY4 (Prop_carry4_CI_CO[1])
                                                      0.157    18.906 r  CPU_inst/C_reg[12]_i_4/CO[1]
                         net (fo=22, routed)          0.903    19.810    CPU_inst/C1_carry__2_0[11]
    SLICE_X30Y113        LUT5 (Prop_lut5_I1_O)        0.329    20.139 r  CPU_inst/C[11]_i_30/O
                         net (fo=1, routed)           0.000    20.139    CPU_inst/C[11]_i_30_n_0
    SLICE_X30Y113        CARRY4 (Prop_carry4_S[1]_CO[3])
                                                      0.533    20.672 r  CPU_inst/C_reg[11]_i_22/CO[3]
                         net (fo=1, routed)           0.000    20.672    CPU_inst/C_reg[11]_i_22_n_0
    SLICE_X30Y114        CARRY4 (Prop_carry4_CI_CO[3])
                                                      0.117    20.789 r  CPU_inst/C_reg[11]_i_17/CO[3]
                         net (fo=1, routed)           0.000    20.789    CPU_inst/C_reg[11]_i_17_n_0
    SLICE_X30Y115        CARRY4 (Prop_carry4_CI_CO[3])
                                                      0.117    20.906 r  CPU_inst/C_reg[11]_i_12/CO[3]
                         net (fo=1, routed)           0.000    20.906    CPU_inst/C_reg[11]_i_12_n_0
    SLICE_X30Y116        CARRY4 (Prop_carry4_CI_CO[3])
                                                      0.117    21.023 r  CPU_inst/C_reg[11]_i_7/CO[3]
                         net (fo=1, routed)           0.000    21.023    CPU_inst/C_reg[11]_i_7_n_0
    SLICE_X30Y117        CARRY4 (Prop_carry4_CI_CO[1])
                                                      0.157    21.180 r  CPU_inst/C_reg[11]_i_4/CO[1]
                         net (fo=22, routed)          1.468    22.648    CPU_inst/C1_carry__2_0[10]
    SLICE_X23Y112        CARRY4 (Prop_carry4_CYINIT_CO[3])
                                                      0.788    23.436 r  CPU_inst/C_reg[10]_i_22/CO[3]
                         net (fo=1, routed)           0.000    23.436    CPU_inst/C_reg[10]_i_22_n_0
    SLICE_X23Y113        CARRY4 (Prop_carry4_CI_CO[3])
                                                      0.114    23.550 r  CPU_inst/C_reg[10]_i_17/CO[3]
                         net (fo=1, routed)           0.000    23.550    CPU_inst/C_reg[10]_i_17_n_0
    SLICE_X23Y114        CARRY4 (Prop_carry4_CI_CO[3])
                                                      0.114    23.664 r  CPU_inst/C_reg[10]_i_12/CO[3]
                         net (fo=1, routed)           0.000    23.664    CPU_inst/C_reg[10]_i_12_n_0
    SLICE_X23Y115        CARRY4 (Prop_carry4_CI_CO[3])
                                                      0.114    23.778 r  CPU_inst/C_reg[10]_i_7/CO[3]
                         net (fo=1, routed)           0.000    23.778    CPU_inst/C_reg[10]_i_7_n_0
    SLICE_X23Y116        CARRY4 (Prop_carry4_CI_CO[1])
                                                      0.157    23.935 r  CPU_inst/C_reg[10]_i_4/CO[1]
                         net (fo=22, routed)          1.283    25.218    CPU_inst/C1_carry__2_0[9]
    SLICE_X22Y111        LUT5 (Prop_lut5_I1_O)        0.329    25.547 r  CPU_inst/C[9]_i_30/O
                         net (fo=1, routed)           0.000    25.547    CPU_inst/C[9]_i_30_n_0
    SLICE_X22Y111        CARRY4 (Prop_carry4_S[1]_CO[3])
                                                      0.550    26.097 r  CPU_inst/C_reg[9]_i_22/CO[3]
                         net (fo=1, routed)           0.000    26.097    CPU_inst/C_reg[9]_i_22_n_0
    SLICE_X22Y112        CARRY4 (Prop_carry4_CI_CO[3])
                                                      0.114    26.211 r  CPU_inst/C_reg[9]_i_17/CO[3]
                         net (fo=1, routed)           0.000    26.211    CPU_inst/C_reg[9]_i_17_n_0
    SLICE_X22Y113        CARRY4 (Prop_carry4_CI_CO[3])
                                                      0.114    26.325 r  CPU_inst/C_reg[9]_i_12/CO[3]
                         net (fo=1, routed)           0.000    26.325    CPU_inst/C_reg[9]_i_12_n_0
    SLICE_X22Y114        CARRY4 (Prop_carry4_CI_CO[3])
                                                      0.114    26.439 r  CPU_inst/C_reg[9]_i_7/CO[3]
                         net (fo=1, routed)           0.000    26.439    CPU_inst/C_reg[9]_i_7_n_0
    SLICE_X22Y115        CARRY4 (Prop_carry4_CI_CO[1])
                                                      0.157    26.596 r  CPU_inst/C_reg[9]_i_4/CO[1]
                         net (fo=22, routed)          1.308    27.904    CPU_inst/C1_carry__2_0[8]
    SLICE_X24Y109        LUT5 (Prop_lut5_I1_O)        0.329    28.233 r  CPU_inst/C[8]_i_35/O
                         net (fo=1, routed)           0.000    28.233    CPU_inst/C[8]_i_35_n_0
    SLICE_X24Y109        CARRY4 (Prop_carry4_S[1]_CO[3])
                                                      0.550    28.783 r  CPU_inst/C_reg[8]_i_27/CO[3]
                         net (fo=1, routed)           0.000    28.783    CPU_inst/C_reg[8]_i_27_n_0
    SLICE_X24Y110        CARRY4 (Prop_carry4_CI_CO[3])
                                                      0.114    28.897 r  CPU_inst/C_reg[8]_i_22/CO[3]
                         net (fo=1, routed)           0.000    28.897    CPU_inst/C_reg[8]_i_22_n_0
    SLICE_X24Y111        CARRY4 (Prop_carry4_CI_CO[3])
                                                      0.114    29.011 r  CPU_inst/C_reg[8]_i_17/CO[3]
                         net (fo=1, routed)           0.000    29.011    CPU_inst/C_reg[8]_i_17_n_0
    SLICE_X24Y112        CARRY4 (Prop_carry4_CI_CO[3])
                                                      0.114    29.125 r  CPU_inst/C_reg[8]_i_8/CO[3]
                         net (fo=1, routed)           0.000    29.125    CPU_inst/C_reg[8]_i_8_n_0
    SLICE_X24Y113        CARRY4 (Prop_carry4_CI_CO[1])
                                                      0.157    29.282 r  CPU_inst/C_reg[8]_i_4/CO[1]
                         net (fo=22, routed)          1.496    30.778    CPU_inst/C1_carry__2_0[7]
    SLICE_X26Y109        LUT5 (Prop_lut5_I1_O)        0.329    31.107 r  CPU_inst/C[7]_i_35/O
                         net (fo=1, routed)           0.000    31.107    CPU_inst/C[7]_i_35_n_0
    SLICE_X26Y109        CARRY4 (Prop_carry4_S[1]_CO[3])
                                                      0.550    31.657 r  CPU_inst/C_reg[7]_i_27/CO[3]
                         net (fo=1, routed)           0.000    31.657    CPU_inst/C_reg[7]_i_27_n_0
    SLICE_X26Y110        CARRY4 (Prop_carry4_CI_CO[3])
                                                      0.114    31.771 r  CPU_inst/C_reg[7]_i_18/CO[3]
                         net (fo=1, routed)           0.000    31.771    CPU_inst/C_reg[7]_i_18_n_0
    SLICE_X26Y111        CARRY4 (Prop_carry4_CI_CO[3])
                                                      0.114    31.885 r  CPU_inst/C_reg[7]_i_12/CO[3]
                         net (fo=1, routed)           0.000    31.885    CPU_inst/C_reg[7]_i_12_n_0
    SLICE_X26Y112        CARRY4 (Prop_carry4_CI_CO[3])
                                                      0.114    31.999 r  CPU_inst/C_reg[7]_i_7/CO[3]
                         net (fo=1, routed)           0.000    31.999    CPU_inst/C_reg[7]_i_7_n_0
    SLICE_X26Y113        CARRY4 (Prop_carry4_CI_CO[1])
                                                      0.157    32.156 r  CPU_inst/C_reg[7]_i_4/CO[1]
                         net (fo=22, routed)          1.424    33.580    CPU_inst/C1_carry__2_0[6]
    SLICE_X29Y106        LUT5 (Prop_lut5_I0_O)        0.329    33.909 r  CPU_inst/C1__972_carry_i_75/O
                         net (fo=1, routed)           0.000    33.909    CPU_inst/C1__972_carry_i_75_n_0
    SLICE_X29Y106        CARRY4 (Prop_carry4_S[3]_CO[3])
                                                      0.401    34.310 r  CPU_inst/C1__972_carry_i_65/CO[3]
                         net (fo=1, routed)           0.000    34.310    CPU_inst/C1__972_carry_i_65_n_0
    SLICE_X29Y107        CARRY4 (Prop_carry4_CI_CO[3])
                                                      0.114    34.424 r  CPU_inst/C_reg[6]_i_17/CO[3]
                         net (fo=1, routed)           0.000    34.424    CPU_inst/C_reg[6]_i_17_n_0
    SLICE_X29Y108        CARRY4 (Prop_carry4_CI_CO[3])
                                                      0.114    34.538 r  CPU_inst/C_reg[6]_i_12/CO[3]
                         net (fo=1, routed)           0.000    34.538    CPU_inst/C_reg[6]_i_12_n_0
    SLICE_X29Y109        CARRY4 (Prop_carry4_CI_CO[3])
                                                      0.114    34.652 r  CPU_inst/C_reg[6]_i_7/CO[3]
                         net (fo=1, routed)           0.000    34.652    CPU_inst/C_reg[6]_i_7_n_0
    SLICE_X29Y110        CARRY4 (Prop_carry4_CI_CO[1])
                                                      0.157    34.809 r  CPU_inst/C_reg[6]_i_4/CO[1]
                         net (fo=22, routed)          1.199    36.007    CPU_inst/C1_carry__2_0[5]
    SLICE_X30Y103        LUT5 (Prop_lut5_I1_O)        0.329    36.336 r  CPU_inst/C1__972_carry_i_73/O
                         net (fo=1, routed)           0.000    36.336    CPU_inst/C1__972_carry_i_73_n_0
    SLICE_X30Y103        CARRY4 (Prop_carry4_S[1]_CO[3])
                                                      0.533    36.869 r  CPU_inst/C1__972_carry_i_56/CO[3]
                         net (fo=1, routed)           0.000    36.869    CPU_inst/C1__972_carry_i_56_n_0
    SLICE_X30Y104        CARRY4 (Prop_carry4_CI_CO[3])
                                                      0.117    36.986 r  CPU_inst/C1__972_carry_i_51/CO[3]
                         net (fo=1, routed)           0.000    36.986    CPU_inst/C1__972_carry_i_51_n_0
    SLICE_X30Y105        CARRY4 (Prop_carry4_CI_CO[3])
                                                      0.117    37.103 r  CPU_inst/C_reg[5]_i_12/CO[3]
                         net (fo=1, routed)           0.000    37.103    CPU_inst/C_reg[5]_i_12_n_0
    SLICE_X30Y106        CARRY4 (Prop_carry4_CI_CO[3])
                                                      0.117    37.220 r  CPU_inst/C_reg[5]_i_7/CO[3]
                         net (fo=1, routed)           0.000    37.220    CPU_inst/C_reg[5]_i_7_n_0
    SLICE_X30Y107        CARRY4 (Prop_carry4_CI_CO[1])
                                                      0.157    37.377 r  CPU_inst/C_reg[5]_i_4/CO[1]
                         net (fo=22, routed)          1.068    38.445    CPU_inst/C1_carry__2_0[4]
    SLICE_X31Y102        LUT5 (Prop_lut5_I1_O)        0.332    38.777 r  CPU_inst/C1__972_carry_i_64/O
                         net (fo=1, routed)           0.000    38.777    CPU_inst/C1__972_carry_i_64_n_0
    SLICE_X31Y102        CARRY4 (Prop_carry4_S[1]_CO[3])
                                                      0.550    39.327 r  CPU_inst/C1__972_carry_i_41/CO[3]
                         net (fo=1, routed)           0.000    39.327    CPU_inst/C1__972_carry_i_41_n_0
    SLICE_X31Y103        CARRY4 (Prop_carry4_CI_CO[3])
                                                      0.114    39.441 r  CPU_inst/C1__972_carry_i_36/CO[3]
                         net (fo=1, routed)           0.000    39.441    CPU_inst/C1__972_carry_i_36_n_0
    SLICE_X31Y104        CARRY4 (Prop_carry4_CI_CO[3])
                                                      0.114    39.555 r  CPU_inst/C1__972_carry_i_31/CO[3]
                         net (fo=1, routed)           0.000    39.555    CPU_inst/C1__972_carry_i_31_n_0
    SLICE_X31Y105        CARRY4 (Prop_carry4_CI_CO[3])
                                                      0.114    39.669 r  CPU_inst/C_reg[4]_i_8/CO[3]
                         net (fo=1, routed)           0.000    39.669    CPU_inst/C_reg[4]_i_8_n_0
    SLICE_X31Y106        CARRY4 (Prop_carry4_CI_CO[1])
                                                      0.157    39.826 r  CPU_inst/C_reg[4]_i_4/CO[1]
                         net (fo=22, routed)          1.318    41.144    CPU_inst/C1_carry__2_0[3]
    SLICE_X26Y101        CARRY4 (Prop_carry4_CYINIT_CO[3])
                                                      0.785    41.929 r  CPU_inst/C1__972_carry_i_25/CO[3]
                         net (fo=1, routed)           0.000    41.929    CPU_inst/C1__972_carry_i_25_n_0
    SLICE_X26Y102        CARRY4 (Prop_carry4_CI_CO[3])
                                                      0.114    42.043 r  CPU_inst/C1__972_carry__0_i_11/CO[3]
                         net (fo=1, routed)           0.000    42.043    CPU_inst/C1__972_carry__0_i_11_n_0
    SLICE_X26Y103        CARRY4 (Prop_carry4_CI_CO[3])
                                                      0.114    42.157 r  CPU_inst/C1__972_carry_i_20/CO[3]
                         net (fo=1, routed)           0.000    42.157    CPU_inst/C1__972_carry_i_20_n_0
    SLICE_X26Y104        CARRY4 (Prop_carry4_CI_CO[3])
                                                      0.114    42.271 r  CPU_inst/C1__972_carry_i_17/CO[3]
                         net (fo=1, routed)           0.000    42.271    CPU_inst/C1__972_carry_i_17_n_0
    SLICE_X26Y105        CARRY4 (Prop_carry4_CI_CO[1])
                                                      0.157    42.428 r  CPU_inst/C_reg[3]_i_4/CO[1]
                         net (fo=22, routed)          0.972    43.400    CPU_inst/C1_carry__2_0[2]
    SLICE_X25Y101        LUT5 (Prop_lut5_I1_O)        0.329    43.729 r  CPU_inst/C1__972_carry_i_29/O
                         net (fo=1, routed)           0.000    43.729    CPU_inst/C1__972_carry_i_29_n_0
    SLICE_X25Y101        CARRY4 (Prop_carry4_S[1]_CO[3])
                                                      0.550    44.279 r  CPU_inst/C1__972_carry_i_12/CO[3]
                         net (fo=1, routed)           0.000    44.279    CPU_inst/C1__972_carry_i_12_n_0
    SLICE_X25Y102        CARRY4 (Prop_carry4_CI_CO[3])
                                                      0.114    44.393 r  CPU_inst/C1__972_carry__0_i_6/CO[3]
                         net (fo=1, routed)           0.000    44.393    CPU_inst/C1__972_carry__0_i_6_n_0
    SLICE_X25Y103        CARRY4 (Prop_carry4_CI_CO[3])
                                                      0.114    44.507 r  CPU_inst/C1__972_carry__1_i_6/CO[3]
                         net (fo=1, routed)           0.000    44.507    CPU_inst/C1__972_carry__1_i_6_n_0
    SLICE_X25Y104        CARRY4 (Prop_carry4_CI_CO[3])
                                                      0.114    44.621 r  CPU_inst/C1__972_carry_i_9/CO[3]
                         net (fo=1, routed)           0.000    44.621    CPU_inst/C1__972_carry_i_9_n_0
    SLICE_X25Y105        CARRY4 (Prop_carry4_CI_CO[1])
                                                      0.157    44.778 r  CPU_inst/C1__972_carry_i_8/CO[1]
                         net (fo=22, routed)          1.169    45.947    CPU_inst/C1_carry__2_0[1]
    SLICE_X24Y101        LUT5 (Prop_lut5_I1_O)        0.329    46.276 r  CPU_inst/C1__972_carry_i_16/O
                         net (fo=1, routed)           0.000    46.276    CPU_inst/C1__972_carry_i_16_n_0
    SLICE_X24Y101        CARRY4 (Prop_carry4_S[1]_CO[3])
                                                      0.550    46.826 r  CPU_inst/C1__972_carry_i_2/CO[3]
                         net (fo=1, routed)           0.000    46.826    CPU_inst/C1__972_carry_i_2_n_0
    SLICE_X24Y102        CARRY4 (Prop_carry4_CI_CO[3])
                                                      0.114    46.940 r  CPU_inst/C1__972_carry__0_i_1/CO[3]
                         net (fo=1, routed)           0.000    46.940    CPU_inst/C1__972_carry__0_i_1_n_0
    SLICE_X24Y103        CARRY4 (Prop_carry4_CI_CO[3])
                                                      0.114    47.054 r  CPU_inst/C1__972_carry__1_i_1/CO[3]
                         net (fo=1, routed)           0.000    47.054    CPU_inst/C1__972_carry__1_i_1_n_0
    SLICE_X24Y104        CARRY4 (Prop_carry4_CI_CO[3])
                                                      0.114    47.168 r  CPU_inst/C1__972_carry__2_i_1/CO[3]
                         net (fo=1, routed)           0.000    47.168    CPU_inst/C1__972_carry__2_i_1_n_0
    SLICE_X24Y105        CARRY4 (Prop_carry4_CI_CO[1])
                                                      0.157    47.325 r  CPU_inst/C1__972_carry_i_1/CO[1]
                         net (fo=22, routed)          1.201    48.527    CPU_inst/C1_carry__2_0[0]
    SLICE_X22Y102        LUT3 (Prop_lut3_I0_O)        0.329    48.856 r  CPU_inst/C1__972_carry_i_7/O
                         net (fo=1, routed)           0.000    48.856    CPU_inst/C1__972_carry_i_7_n_0
    SLICE_X22Y102        CARRY4 (Prop_carry4_S[0]_CO[3])
                                                      0.532    49.388 r  CPU_inst/C1__972_carry/CO[3]
                         net (fo=1, routed)           0.000    49.388    CPU_inst/C1__972_carry_n_0
    SLICE_X22Y103        CARRY4 (Prop_carry4_CI_CO[3])
                                                      0.114    49.502 r  CPU_inst/C1__972_carry__0/CO[3]
                         net (fo=1, routed)           0.000    49.502    CPU_inst/C1__972_carry__0_n_0
    SLICE_X22Y104        CARRY4 (Prop_carry4_CI_CO[3])
                                                      0.114    49.616 r  CPU_inst/C1__972_carry__1/CO[3]
                         net (fo=1, routed)           0.000    49.616    CPU_inst/C1__972_carry__1_n_0
    SLICE_X22Y105        CARRY4 (Prop_carry4_CI_CO[3])
                                                      0.114    49.730 r  CPU_inst/C1__972_carry__2/CO[3]
                         net (fo=1, routed)           0.000    49.730    CPU_inst/C1__972_carry__2_n_0
    SLICE_X22Y106        CARRY4 (Prop_carry4_CI_CO[0])
                                                      0.271    50.001 f  CPU_inst/C1__972_carry__3/CO[0]
                         net (fo=2, routed)           0.593    50.594    CPU_inst/C10_in[0]
    SLICE_X21Y105        LUT1 (Prop_lut1_I0_O)        0.373    50.967 r  CPU_inst/C[4]_i_11/O
                         net (fo=1, routed)           0.538    51.505    CPU_inst/C[4]_i_11_n_0
    SLICE_X23Y105        CARRY4 (Prop_carry4_CYINIT_CO[3])
                                                      0.580    52.085 r  CPU_inst/C_reg[4]_i_5/CO[3]
                         net (fo=1, routed)           0.000    52.085    CPU_inst/C_reg[4]_i_5_n_0
    SLICE_X23Y106        CARRY4 (Prop_carry4_CI_CO[3])
                                                      0.114    52.199 r  CPU_inst/C_reg[8]_i_5/CO[3]
                         net (fo=1, routed)           0.000    52.199    CPU_inst/C_reg[8]_i_5_n_0
    SLICE_X23Y107        CARRY4 (Prop_carry4_CI_CO[3])
                                                      0.114    52.313 r  CPU_inst/C_reg[12]_i_5/CO[3]
                         net (fo=1, routed)           0.000    52.313    CPU_inst/C_reg[12]_i_5_n_0
    SLICE_X23Y108        CARRY4 (Prop_carry4_CI_O[0])
                                                      0.222    52.535 r  CPU_inst/C_reg[15]_i_12/O[0]
                         net (fo=1, routed)           0.465    53.000    CPU_inst/C1[13]
    SLICE_X24Y108        LUT4 (Prop_lut4_I1_O)        0.299    53.299 r  CPU_inst/C[13]_i_2/O
                         net (fo=1, routed)           0.444    53.743    CPU_inst/C[13]_i_2_n_0
    SLICE_X24Y108        LUT6 (Prop_lut6_I1_O)        0.124    53.867 r  CPU_inst/C[13]_i_1/O
                         net (fo=1, routed)           0.000    53.867    CPU_inst/C[13]
    SLICE_X24Y108        FDRE                                         r  CPU_inst/C_reg[13]/D
  -------------------------------------------------------------------    -------------------

                         (clock clk_12m rise edge)   83.333    83.333 r  
    L17                                               0.000    83.333 r  clk (IN)
                         net (fo=0)                   0.000    83.333    clk
    L17                  IBUF (Prop_ibuf_I_O)         1.406    84.739 r  clk_IBUF_inst/O
                         net (fo=1, routed)           1.868    86.607    clk_IBUF
    BUFGCTRL_X0Y0        BUFG (Prop_bufg_I_O)         0.091    86.698 r  clk_IBUF_BUFG_inst/O
                         net (fo=150, routed)         1.611    88.309    CPU_inst/CLK
    SLICE_X24Y108        FDRE                                         r  CPU_inst/C_reg[13]/C
                         clock pessimism              0.266    88.575    
                         clock uncertainty           -0.035    88.540    
    SLICE_X24Y108        FDRE (Setup_fdre_C_D)        0.029    88.569    CPU_inst/C_reg[13]
  -------------------------------------------------------------------
                         required time                         88.569    
                         arrival time                         -53.867    
  -------------------------------------------------------------------
                         slack                                 34.701    

Slack (MET) :             34.728ns  (required time - arrival time)
  Source:                 CPU_inst/B_reg[0]/C
                            (rising edge-triggered cell FDRE clocked by clk_12m  {rise@0.000ns fall@41.667ns period=83.333ns})
  Destination:            CPU_inst/C_reg[8]/D
                            (rising edge-triggered cell FDRE clocked by clk_12m  {rise@0.000ns fall@41.667ns period=83.333ns})
  Path Group:             clk_12m
  Path Type:              Setup (Max at Slow Process Corner)
  Requirement:            83.333ns  (clk_12m rise@83.333ns - clk_12m rise@0.000ns)
  Data Path Delay:        48.561ns  (logic 24.816ns (51.103%)  route 23.745ns (48.897%))
  Logic Levels:           100  (CARRY4=82 LUT1=2 LUT3=2 LUT4=1 LUT5=12 LUT6=1)
  Clock Path Skew:        -0.038ns (DCD - SCD + CPR)
    Destination Clock Delay (DCD):    4.976ns = ( 88.309 - 83.333 ) 
    Source Clock Delay      (SCD):    5.280ns
    Clock Pessimism Removal (CPR):    0.266ns
  Clock Uncertainty:      0.035ns  ((TSJ^2 + TIJ^2)^1/2 + DJ) / 2 + PE
    Total System Jitter     (TSJ):    0.071ns
    Total Input Jitter      (TIJ):    0.000ns
    Discrete Jitter          (DJ):    0.000ns
    Phase Error              (PE):    0.000ns

    Location             Delay type                Incr(ns)  Path(ns)    Netlist Resource(s)
  -------------------------------------------------------------------    -------------------
                         (clock clk_12m rise edge)    0.000     0.000 r  
    L17                                               0.000     0.000 r  clk (IN)
                         net (fo=0)                   0.000     0.000    clk
    L17                  IBUF (Prop_ibuf_I_O)         1.476     1.476 r  clk_IBUF_inst/O
                         net (fo=1, routed)           1.972     3.448    clk_IBUF
    BUFGCTRL_X0Y0        BUFG (Prop_bufg_I_O)         0.096     3.544 r  clk_IBUF_BUFG_inst/O
                         net (fo=150, routed)         1.736     5.280    CPU_inst/CLK
    SLICE_X32Y106        FDRE                                         r  CPU_inst/B_reg[0]/C
  -------------------------------------------------------------------    -------------------
    SLICE_X32Y106        FDRE (Prop_fdre_C_Q)         0.456     5.736 f  CPU_inst/B_reg[0]/Q
                         net (fo=38, routed)          1.198     6.934    CPU_inst/B_reg_n_0_[0]
    SLICE_X29Y100        LUT1 (Prop_lut1_I0_O)        0.124     7.058 r  CPU_inst/i__carry_i_1__1/O
                         net (fo=2, routed)           0.514     7.572    CPU_inst/i__carry_i_1__1_n_0
    SLICE_X29Y102        CARRY4 (Prop_carry4_CYINIT_CO[3])
                                                      0.580     8.152 r  CPU_inst/C1_carry_i_9/CO[3]
                         net (fo=1, routed)           0.000     8.152    CPU_inst/C1_carry_i_9_n_0
    SLICE_X29Y103        CARRY4 (Prop_carry4_CI_O[3])
                                                      0.313     8.465 f  CPU_inst/C1_carry__0_i_9/O[3]
                         net (fo=17, routed)          1.990    10.455    CPU_inst/C1_carry__0_i_9_n_4
    SLICE_X34Y112        LUT3 (Prop_lut3_I2_O)        0.306    10.761 r  CPU_inst/C1_carry__1_i_8/O
                         net (fo=1, routed)           0.000    10.761    CPU_inst/C1_carry__1_i_8_n_0
    SLICE_X34Y112        CARRY4 (Prop_carry4_S[0]_CO[3])
                                                      0.513    11.274 r  CPU_inst/C1_carry__1/CO[3]
                         net (fo=1, routed)           0.000    11.274    CPU_inst/C1_carry__1_n_0
    SLICE_X34Y113        CARRY4 (Prop_carry4_CI_CO[3])
                                                      0.117    11.391 r  CPU_inst/C1_carry__2/CO[3]
                         net (fo=1, routed)           0.000    11.391    CPU_inst/C1_carry__2_n_0
    SLICE_X34Y114        CARRY4 (Prop_carry4_CI_CO[0])
                                                      0.254    11.645 r  CPU_inst/C_reg[15]_i_11/CO[0]
                         net (fo=22, routed)          1.034    12.679    CPU_inst/C1_carry__2_0[14]
    SLICE_X33Y112        LUT5 (Prop_lut5_I0_O)        0.367    13.046 r  CPU_inst/C[14]_i_30/O
                         net (fo=1, routed)           0.000    13.046    CPU_inst/C[14]_i_30_n_0
    SLICE_X33Y112        CARRY4 (Prop_carry4_S[1]_CO[3])
                                                      0.550    13.596 r  CPU_inst/C_reg[14]_i_22/CO[3]
                         net (fo=1, routed)           0.000    13.596    CPU_inst/C_reg[14]_i_22_n_0
    SLICE_X33Y113        CARRY4 (Prop_carry4_CI_CO[3])
                                                      0.114    13.710 r  CPU_inst/C_reg[14]_i_17/CO[3]
                         net (fo=1, routed)           0.000    13.710    CPU_inst/C_reg[14]_i_17_n_0
    SLICE_X33Y114        CARRY4 (Prop_carry4_CI_CO[3])
                                                      0.114    13.824 r  CPU_inst/C_reg[14]_i_12/CO[3]
                         net (fo=1, routed)           0.000    13.824    CPU_inst/C_reg[14]_i_12_n_0
    SLICE_X33Y115        CARRY4 (Prop_carry4_CI_CO[3])
                                                      0.114    13.938 r  CPU_inst/C_reg[14]_i_7/CO[3]
                         net (fo=1, routed)           0.000    13.938    CPU_inst/C_reg[14]_i_7_n_0
    SLICE_X33Y116        CARRY4 (Prop_carry4_CI_CO[1])
                                                      0.157    14.095 r  CPU_inst/C_reg[14]_i_4/CO[1]
                         net (fo=22, routed)          0.818    14.913    CPU_inst/C1_carry__2_0[13]
    SLICE_X32Y112        LUT5 (Prop_lut5_I1_O)        0.329    15.242 r  CPU_inst/C[13]_i_30/O
                         net (fo=1, routed)           0.000    15.242    CPU_inst/C[13]_i_30_n_0
    SLICE_X32Y112        CARRY4 (Prop_carry4_S[1]_CO[3])
                                                      0.550    15.792 r  CPU_inst/C_reg[13]_i_22/CO[3]
                         net (fo=1, routed)           0.000    15.792    CPU_inst/C_reg[13]_i_22_n_0
    SLICE_X32Y113        CARRY4 (Prop_carry4_CI_CO[3])
                                                      0.114    15.906 r  CPU_inst/C_reg[13]_i_17/CO[3]
                         net (fo=1, routed)           0.000    15.906    CPU_inst/C_reg[13]_i_17_n_0
    SLICE_X32Y114        CARRY4 (Prop_carry4_CI_CO[3])
                                                      0.114    16.020 r  CPU_inst/C_reg[13]_i_12/CO[3]
                         net (fo=1, routed)           0.000    16.020    CPU_inst/C_reg[13]_i_12_n_0
    SLICE_X32Y115        CARRY4 (Prop_carry4_CI_CO[3])
                                                      0.114    16.134 r  CPU_inst/C_reg[13]_i_7/CO[3]
                         net (fo=1, routed)           0.000    16.134    CPU_inst/C_reg[13]_i_7_n_0
    SLICE_X32Y116        CARRY4 (Prop_carry4_CI_CO[1])
                                                      0.157    16.291 r  CPU_inst/C_reg[13]_i_4/CO[1]
                         net (fo=22, routed)          1.237    17.528    CPU_inst/C1_carry__2_0[12]
    SLICE_X31Y111        LUT5 (Prop_lut5_I1_O)        0.329    17.857 r  CPU_inst/C[12]_i_35/O
                         net (fo=1, routed)           0.000    17.857    CPU_inst/C[12]_i_35_n_0
    SLICE_X31Y111        CARRY4 (Prop_carry4_S[1]_CO[3])
                                                      0.550    18.407 r  CPU_inst/C_reg[12]_i_27/CO[3]
                         net (fo=1, routed)           0.000    18.407    CPU_inst/C_reg[12]_i_27_n_0
    SLICE_X31Y112        CARRY4 (Prop_carry4_CI_CO[3])
                                                      0.114    18.521 r  CPU_inst/C_reg[12]_i_22/CO[3]
                         net (fo=1, routed)           0.000    18.521    CPU_inst/C_reg[12]_i_22_n_0
    SLICE_X31Y113        CARRY4 (Prop_carry4_CI_CO[3])
                                                      0.114    18.635 r  CPU_inst/C_reg[12]_i_17/CO[3]
                         net (fo=1, routed)           0.000    18.635    CPU_inst/C_reg[12]_i_17_n_0
    SLICE_X31Y114        CARRY4 (Prop_carry4_CI_CO[3])
                                                      0.114    18.749 r  CPU_inst/C_reg[12]_i_8/CO[3]
                         net (fo=1, routed)           0.000    18.749    CPU_inst/C_reg[12]_i_8_n_0
    SLICE_X31Y115        CARRY4 (Prop_carry4_CI_CO[1])
                                                      0.157    18.906 r  CPU_inst/C_reg[12]_i_4/CO[1]
                         net (fo=22, routed)          0.903    19.810    CPU_inst/C1_carry__2_0[11]
    SLICE_X30Y113        LUT5 (Prop_lut5_I1_O)        0.329    20.139 r  CPU_inst/C[11]_i_30/O
                         net (fo=1, routed)           0.000    20.139    CPU_inst/C[11]_i_30_n_0
    SLICE_X30Y113        CARRY4 (Prop_carry4_S[1]_CO[3])
                                                      0.533    20.672 r  CPU_inst/C_reg[11]_i_22/CO[3]
                         net (fo=1, routed)           0.000    20.672    CPU_inst/C_reg[11]_i_22_n_0
    SLICE_X30Y114        CARRY4 (Prop_carry4_CI_CO[3])
                                                      0.117    20.789 r  CPU_inst/C_reg[11]_i_17/CO[3]
                         net (fo=1, routed)           0.000    20.789    CPU_inst/C_reg[11]_i_17_n_0
    SLICE_X30Y115        CARRY4 (Prop_carry4_CI_CO[3])
                                                      0.117    20.906 r  CPU_inst/C_reg[11]_i_12/CO[3]
                         net (fo=1, routed)           0.000    20.906    CPU_inst/C_reg[11]_i_12_n_0
    SLICE_X30Y116        CARRY4 (Prop_carry4_CI_CO[3])
                                                      0.117    21.023 r  CPU_inst/C_reg[11]_i_7/CO[3]
                         net (fo=1, routed)           0.000    21.023    CPU_inst/C_reg[11]_i_7_n_0
    SLICE_X30Y117        CARRY4 (Prop_carry4_CI_CO[1])
                                                      0.157    21.180 r  CPU_inst/C_reg[11]_i_4/CO[1]
                         net (fo=22, routed)          1.468    22.648    CPU_inst/C1_carry__2_0[10]
    SLICE_X23Y112        CARRY4 (Prop_carry4_CYINIT_CO[3])
                                                      0.788    23.436 r  CPU_inst/C_reg[10]_i_22/CO[3]
                         net (fo=1, routed)           0.000    23.436    CPU_inst/C_reg[10]_i_22_n_0
    SLICE_X23Y113        CARRY4 (Prop_carry4_CI_CO[3])
                                                      0.114    23.550 r  CPU_inst/C_reg[10]_i_17/CO[3]
                         net (fo=1, routed)           0.000    23.550    CPU_inst/C_reg[10]_i_17_n_0
    SLICE_X23Y114        CARRY4 (Prop_carry4_CI_CO[3])
                                                      0.114    23.664 r  CPU_inst/C_reg[10]_i_12/CO[3]
                         net (fo=1, routed)           0.000    23.664    CPU_inst/C_reg[10]_i_12_n_0
    SLICE_X23Y115        CARRY4 (Prop_carry4_CI_CO[3])
                                                      0.114    23.778 r  CPU_inst/C_reg[10]_i_7/CO[3]
                         net (fo=1, routed)           0.000    23.778    CPU_inst/C_reg[10]_i_7_n_0
    SLICE_X23Y116        CARRY4 (Prop_carry4_CI_CO[1])
                                                      0.157    23.935 r  CPU_inst/C_reg[10]_i_4/CO[1]
                         net (fo=22, routed)          1.283    25.218    CPU_inst/C1_carry__2_0[9]
    SLICE_X22Y111        LUT5 (Prop_lut5_I1_O)        0.329    25.547 r  CPU_inst/C[9]_i_30/O
                         net (fo=1, routed)           0.000    25.547    CPU_inst/C[9]_i_30_n_0
    SLICE_X22Y111        CARRY4 (Prop_carry4_S[1]_CO[3])
                                                      0.550    26.097 r  CPU_inst/C_reg[9]_i_22/CO[3]
                         net (fo=1, routed)           0.000    26.097    CPU_inst/C_reg[9]_i_22_n_0
    SLICE_X22Y112        CARRY4 (Prop_carry4_CI_CO[3])
                                                      0.114    26.211 r  CPU_inst/C_reg[9]_i_17/CO[3]
                         net (fo=1, routed)           0.000    26.211    CPU_inst/C_reg[9]_i_17_n_0
    SLICE_X22Y113        CARRY4 (Prop_carry4_CI_CO[3])
                                                      0.114    26.325 r  CPU_inst/C_reg[9]_i_12/CO[3]
                         net (fo=1, routed)           0.000    26.325    CPU_inst/C_reg[9]_i_12_n_0
    SLICE_X22Y114        CARRY4 (Prop_carry4_CI_CO[3])
                                                      0.114    26.439 r  CPU_inst/C_reg[9]_i_7/CO[3]
                         net (fo=1, routed)           0.000    26.439    CPU_inst/C_reg[9]_i_7_n_0
    SLICE_X22Y115        CARRY4 (Prop_carry4_CI_CO[1])
                                                      0.157    26.596 r  CPU_inst/C_reg[9]_i_4/CO[1]
                         net (fo=22, routed)          1.308    27.904    CPU_inst/C1_carry__2_0[8]
    SLICE_X24Y109        LUT5 (Prop_lut5_I1_O)        0.329    28.233 r  CPU_inst/C[8]_i_35/O
                         net (fo=1, routed)           0.000    28.233    CPU_inst/C[8]_i_35_n_0
    SLICE_X24Y109        CARRY4 (Prop_carry4_S[1]_CO[3])
                                                      0.550    28.783 r  CPU_inst/C_reg[8]_i_27/CO[3]
                         net (fo=1, routed)           0.000    28.783    CPU_inst/C_reg[8]_i_27_n_0
    SLICE_X24Y110        CARRY4 (Prop_carry4_CI_CO[3])
                                                      0.114    28.897 r  CPU_inst/C_reg[8]_i_22/CO[3]
                         net (fo=1, routed)           0.000    28.897    CPU_inst/C_reg[8]_i_22_n_0
    SLICE_X24Y111        CARRY4 (Prop_carry4_CI_CO[3])
                                                      0.114    29.011 r  CPU_inst/C_reg[8]_i_17/CO[3]
                         net (fo=1, routed)           0.000    29.011    CPU_inst/C_reg[8]_i_17_n_0
    SLICE_X24Y112        CARRY4 (Prop_carry4_CI_CO[3])
                                                      0.114    29.125 r  CPU_inst/C_reg[8]_i_8/CO[3]
                         net (fo=1, routed)           0.000    29.125    CPU_inst/C_reg[8]_i_8_n_0
    SLICE_X24Y113        CARRY4 (Prop_carry4_CI_CO[1])
                                                      0.157    29.282 r  CPU_inst/C_reg[8]_i_4/CO[1]
                         net (fo=22, routed)          1.496    30.778    CPU_inst/C1_carry__2_0[7]
    SLICE_X26Y109        LUT5 (Prop_lut5_I1_O)        0.329    31.107 r  CPU_inst/C[7]_i_35/O
                         net (fo=1, routed)           0.000    31.107    CPU_inst/C[7]_i_35_n_0
    SLICE_X26Y109        CARRY4 (Prop_carry4_S[1]_CO[3])
                                                      0.550    31.657 r  CPU_inst/C_reg[7]_i_27/CO[3]
                         net (fo=1, routed)           0.000    31.657    CPU_inst/C_reg[7]_i_27_n_0
    SLICE_X26Y110        CARRY4 (Prop_carry4_CI_CO[3])
                                                      0.114    31.771 r  CPU_inst/C_reg[7]_i_18/CO[3]
                         net (fo=1, routed)           0.000    31.771    CPU_inst/C_reg[7]_i_18_n_0
    SLICE_X26Y111        CARRY4 (Prop_carry4_CI_CO[3])
                                                      0.114    31.885 r  CPU_inst/C_reg[7]_i_12/CO[3]
                         net (fo=1, routed)           0.000    31.885    CPU_inst/C_reg[7]_i_12_n_0
    SLICE_X26Y112        CARRY4 (Prop_carry4_CI_CO[3])
                                                      0.114    31.999 r  CPU_inst/C_reg[7]_i_7/CO[3]
                         net (fo=1, routed)           0.000    31.999    CPU_inst/C_reg[7]_i_7_n_0
    SLICE_X26Y113        CARRY4 (Prop_carry4_CI_CO[1])
                                                      0.157    32.156 r  CPU_inst/C_reg[7]_i_4/CO[1]
                         net (fo=22, routed)          1.424    33.580    CPU_inst/C1_carry__2_0[6]
    SLICE_X29Y106        LUT5 (Prop_lut5_I0_O)        0.329    33.909 r  CPU_inst/C1__972_carry_i_75/O
                         net (fo=1, routed)           0.000    33.909    CPU_inst/C1__972_carry_i_75_n_0
    SLICE_X29Y106        CARRY4 (Prop_carry4_S[3]_CO[3])
                                                      0.401    34.310 r  CPU_inst/C1__972_carry_i_65/CO[3]
                         net (fo=1, routed)           0.000    34.310    CPU_inst/C1__972_carry_i_65_n_0
    SLICE_X29Y107        CARRY4 (Prop_carry4_CI_CO[3])
                                                      0.114    34.424 r  CPU_inst/C_reg[6]_i_17/CO[3]
                         net (fo=1, routed)           0.000    34.424    CPU_inst/C_reg[6]_i_17_n_0
    SLICE_X29Y108        CARRY4 (Prop_carry4_CI_CO[3])
                                                      0.114    34.538 r  CPU_inst/C_reg[6]_i_12/CO[3]
                         net (fo=1, routed)           0.000    34.538    CPU_inst/C_reg[6]_i_12_n_0
    SLICE_X29Y109        CARRY4 (Prop_carry4_CI_CO[3])
                                                      0.114    34.652 r  CPU_inst/C_reg[6]_i_7/CO[3]
                         net (fo=1, routed)           0.000    34.652    CPU_inst/C_reg[6]_i_7_n_0
    SLICE_X29Y110        CARRY4 (Prop_carry4_CI_CO[1])
                                                      0.157    34.809 r  CPU_inst/C_reg[6]_i_4/CO[1]
                         net (fo=22, routed)          1.199    36.007    CPU_inst/C1_carry__2_0[5]
    SLICE_X30Y103        LUT5 (Prop_lut5_I1_O)        0.329    36.336 r  CPU_inst/C1__972_carry_i_73/O
                         net (fo=1, routed)           0.000    36.336    CPU_inst/C1__972_carry_i_73_n_0
    SLICE_X30Y103        CARRY4 (Prop_carry4_S[1]_CO[3])
                                                      0.533    36.869 r  CPU_inst/C1__972_carry_i_56/CO[3]
                         net (fo=1, routed)           0.000    36.869    CPU_inst/C1__972_carry_i_56_n_0
    SLICE_X30Y104        CARRY4 (Prop_carry4_CI_CO[3])
                                                      0.117    36.986 r  CPU_inst/C1__972_carry_i_51/CO[3]
                         net (fo=1, routed)           0.000    36.986    CPU_inst/C1__972_carry_i_51_n_0
    SLICE_X30Y105        CARRY4 (Prop_carry4_CI_CO[3])
                                                      0.117    37.103 r  CPU_inst/C_reg[5]_i_12/CO[3]
                         net (fo=1, routed)           0.000    37.103    CPU_inst/C_reg[5]_i_12_n_0
    SLICE_X30Y106        CARRY4 (Prop_carry4_CI_CO[3])
                                                      0.117    37.220 r  CPU_inst/C_reg[5]_i_7/CO[3]
                         net (fo=1, routed)           0.000    37.220    CPU_inst/C_reg[5]_i_7_n_0
    SLICE_X30Y107        CARRY4 (Prop_carry4_CI_CO[1])
                                                      0.157    37.377 r  CPU_inst/C_reg[5]_i_4/CO[1]
                         net (fo=22, routed)          1.068    38.445    CPU_inst/C1_carry__2_0[4]
    SLICE_X31Y102        LUT5 (Prop_lut5_I1_O)        0.332    38.777 r  CPU_inst/C1__972_carry_i_64/O
                         net (fo=1, routed)           0.000    38.777    CPU_inst/C1__972_carry_i_64_n_0
    SLICE_X31Y102        CARRY4 (Prop_carry4_S[1]_CO[3])
                                                      0.550    39.327 r  CPU_inst/C1__972_carry_i_41/CO[3]
                         net (fo=1, routed)           0.000    39.327    CPU_inst/C1__972_carry_i_41_n_0
    SLICE_X31Y103        CARRY4 (Prop_carry4_CI_CO[3])
                                                      0.114    39.441 r  CPU_inst/C1__972_carry_i_36/CO[3]
                         net (fo=1, routed)           0.000    39.441    CPU_inst/C1__972_carry_i_36_n_0
    SLICE_X31Y104        CARRY4 (Prop_carry4_CI_CO[3])
                                                      0.114    39.555 r  CPU_inst/C1__972_carry_i_31/CO[3]
                         net (fo=1, routed)           0.000    39.555    CPU_inst/C1__972_carry_i_31_n_0
    SLICE_X31Y105        CARRY4 (Prop_carry4_CI_CO[3])
                                                      0.114    39.669 r  CPU_inst/C_reg[4]_i_8/CO[3]
                         net (fo=1, routed)           0.000    39.669    CPU_inst/C_reg[4]_i_8_n_0
    SLICE_X31Y106        CARRY4 (Prop_carry4_CI_CO[1])
                                                      0.157    39.826 r  CPU_inst/C_reg[4]_i_4/CO[1]
                         net (fo=22, routed)          1.318    41.144    CPU_inst/C1_carry__2_0[3]
    SLICE_X26Y101        CARRY4 (Prop_carry4_CYINIT_CO[3])
                                                      0.785    41.929 r  CPU_inst/C1__972_carry_i_25/CO[3]
                         net (fo=1, routed)           0.000    41.929    CPU_inst/C1__972_carry_i_25_n_0
    SLICE_X26Y102        CARRY4 (Prop_carry4_CI_CO[3])
                                                      0.114    42.043 r  CPU_inst/C1__972_carry__0_i_11/CO[3]
                         net (fo=1, routed)           0.000    42.043    CPU_inst/C1__972_carry__0_i_11_n_0
    SLICE_X26Y103        CARRY4 (Prop_carry4_CI_CO[3])
                                                      0.114    42.157 r  CPU_inst/C1__972_carry_i_20/CO[3]
                         net (fo=1, routed)           0.000    42.157    CPU_inst/C1__972_carry_i_20_n_0
    SLICE_X26Y104        CARRY4 (Prop_carry4_CI_CO[3])
                                                      0.114    42.271 r  CPU_inst/C1__972_carry_i_17/CO[3]
                         net (fo=1, routed)           0.000    42.271    CPU_inst/C1__972_carry_i_17_n_0
    SLICE_X26Y105        CARRY4 (Prop_carry4_CI_CO[1])
                                                      0.157    42.428 r  CPU_inst/C_reg[3]_i_4/CO[1]
                         net (fo=22, routed)          0.972    43.400    CPU_inst/C1_carry__2_0[2]
    SLICE_X25Y101        LUT5 (Prop_lut5_I1_O)        0.329    43.729 r  CPU_inst/C1__972_carry_i_29/O
                         net (fo=1, routed)           0.000    43.729    CPU_inst/C1__972_carry_i_29_n_0
    SLICE_X25Y101        CARRY4 (Prop_carry4_S[1]_CO[3])
                                                      0.550    44.279 r  CPU_inst/C1__972_carry_i_12/CO[3]
                         net (fo=1, routed)           0.000    44.279    CPU_inst/C1__972_carry_i_12_n_0
    SLICE_X25Y102        CARRY4 (Prop_carry4_CI_CO[3])
                                                      0.114    44.393 r  CPU_inst/C1__972_carry__0_i_6/CO[3]
                         net (fo=1, routed)           0.000    44.393    CPU_inst/C1__972_carry__0_i_6_n_0
    SLICE_X25Y103        CARRY4 (Prop_carry4_CI_CO[3])
                                                      0.114    44.507 r  CPU_inst/C1__972_carry__1_i_6/CO[3]
                         net (fo=1, routed)           0.000    44.507    CPU_inst/C1__972_carry__1_i_6_n_0
    SLICE_X25Y104        CARRY4 (Prop_carry4_CI_CO[3])
                                                      0.114    44.621 r  CPU_inst/C1__972_carry_i_9/CO[3]
                         net (fo=1, routed)           0.000    44.621    CPU_inst/C1__972_carry_i_9_n_0
    SLICE_X25Y105        CARRY4 (Prop_carry4_CI_CO[1])
                                                      0.157    44.778 r  CPU_inst/C1__972_carry_i_8/CO[1]
                         net (fo=22, routed)          1.169    45.947    CPU_inst/C1_carry__2_0[1]
    SLICE_X24Y101        LUT5 (Prop_lut5_I1_O)        0.329    46.276 r  CPU_inst/C1__972_carry_i_16/O
                         net (fo=1, routed)           0.000    46.276    CPU_inst/C1__972_carry_i_16_n_0
    SLICE_X24Y101        CARRY4 (Prop_carry4_S[1]_CO[3])
                                                      0.550    46.826 r  CPU_inst/C1__972_carry_i_2/CO[3]
                         net (fo=1, routed)           0.000    46.826    CPU_inst/C1__972_carry_i_2_n_0
    SLICE_X24Y102        CARRY4 (Prop_carry4_CI_CO[3])
                                                      0.114    46.940 r  CPU_inst/C1__972_carry__0_i_1/CO[3]
                         net (fo=1, routed)           0.000    46.940    CPU_inst/C1__972_carry__0_i_1_n_0
    SLICE_X24Y103        CARRY4 (Prop_carry4_CI_CO[3])
                                                      0.114    47.054 r  CPU_inst/C1__972_carry__1_i_1/CO[3]
                         net (fo=1, routed)           0.000    47.054    CPU_inst/C1__972_carry__1_i_1_n_0
    SLICE_X24Y104        CARRY4 (Prop_carry4_CI_CO[3])
                                                      0.114    47.168 r  CPU_inst/C1__972_carry__2_i_1/CO[3]
                         net (fo=1, routed)           0.000    47.168    CPU_inst/C1__972_carry__2_i_1_n_0
    SLICE_X24Y105        CARRY4 (Prop_carry4_CI_CO[1])
                                                      0.157    47.325 r  CPU_inst/C1__972_carry_i_1/CO[1]
                         net (fo=22, routed)          1.201    48.527    CPU_inst/C1_carry__2_0[0]
    SLICE_X22Y102        LUT3 (Prop_lut3_I0_O)        0.329    48.856 r  CPU_inst/C1__972_carry_i_7/O
                         net (fo=1, routed)           0.000    48.856    CPU_inst/C1__972_carry_i_7_n_0
    SLICE_X22Y102        CARRY4 (Prop_carry4_S[0]_CO[3])
                                                      0.532    49.388 r  CPU_inst/C1__972_carry/CO[3]
                         net (fo=1, routed)           0.000    49.388    CPU_inst/C1__972_carry_n_0
    SLICE_X22Y103        CARRY4 (Prop_carry4_CI_CO[3])
                                                      0.114    49.502 r  CPU_inst/C1__972_carry__0/CO[3]
                         net (fo=1, routed)           0.000    49.502    CPU_inst/C1__972_carry__0_n_0
    SLICE_X22Y104        CARRY4 (Prop_carry4_CI_CO[3])
                                                      0.114    49.616 r  CPU_inst/C1__972_carry__1/CO[3]
                         net (fo=1, routed)           0.000    49.616    CPU_inst/C1__972_carry__1_n_0
    SLICE_X22Y105        CARRY4 (Prop_carry4_CI_CO[3])
                                                      0.114    49.730 r  CPU_inst/C1__972_carry__2/CO[3]
                         net (fo=1, routed)           0.000    49.730    CPU_inst/C1__972_carry__2_n_0
    SLICE_X22Y106        CARRY4 (Prop_carry4_CI_CO[0])
                                                      0.271    50.001 f  CPU_inst/C1__972_carry__3/CO[0]
                         net (fo=2, routed)           0.593    50.594    CPU_inst/C10_in[0]
    SLICE_X21Y105        LUT1 (Prop_lut1_I0_O)        0.373    50.967 r  CPU_inst/C[4]_i_11/O
                         net (fo=1, routed)           0.538    51.505    CPU_inst/C[4]_i_11_n_0
    SLICE_X23Y105        CARRY4 (Prop_carry4_CYINIT_CO[3])
                                                      0.580    52.085 r  CPU_inst/C_reg[4]_i_5/CO[3]
                         net (fo=1, routed)           0.000    52.085    CPU_inst/C_reg[4]_i_5_n_0
    SLICE_X23Y106        CARRY4 (Prop_carry4_CI_O[3])
                                                      0.313    52.398 r  CPU_inst/C_reg[8]_i_5/O[3]
                         net (fo=1, routed)           0.302    52.700    CPU_inst/C1[8]
    SLICE_X23Y104        LUT4 (Prop_lut4_I1_O)        0.306    53.006 r  CPU_inst/C[8]_i_2/O
                         net (fo=1, routed)           0.710    53.717    CPU_inst/C[8]_i_2_n_0
    SLICE_X26Y107        LUT6 (Prop_lut6_I1_O)        0.124    53.841 r  CPU_inst/C[8]_i_1/O
                         net (fo=1, routed)           0.000    53.841    CPU_inst/C[8]
    SLICE_X26Y107        FDRE                                         r  CPU_inst/C_reg[8]/D
  -------------------------------------------------------------------    -------------------

                         (clock clk_12m rise edge)   83.333    83.333 r  
    L17                                               0.000    83.333 r  clk (IN)
                         net (fo=0)                   0.000    83.333    clk
    L17                  IBUF (Prop_ibuf_I_O)         1.406    84.739 r  clk_IBUF_inst/O
                         net (fo=1, routed)           1.868    86.607    clk_IBUF
    BUFGCTRL_X0Y0        BUFG (Prop_bufg_I_O)         0.091    86.698 r  clk_IBUF_BUFG_inst/O
                         net (fo=150, routed)         1.611    88.309    CPU_inst/CLK
    SLICE_X26Y107        FDRE                                         r  CPU_inst/C_reg[8]/C
                         clock pessimism              0.266    88.575    
                         clock uncertainty           -0.035    88.540    
    SLICE_X26Y107        FDRE (Setup_fdre_C_D)        0.029    88.569    CPU_inst/C_reg[8]
  -------------------------------------------------------------------
                         required time                         88.569    
                         arrival time                         -53.841    
  -------------------------------------------------------------------
                         slack                                 34.728    

Slack (MET) :             34.739ns  (required time - arrival time)
  Source:                 CPU_inst/B_reg[0]/C
                            (rising edge-triggered cell FDRE clocked by clk_12m  {rise@0.000ns fall@41.667ns period=83.333ns})
  Destination:            CPU_inst/C_reg[10]/D
                            (rising edge-triggered cell FDRE clocked by clk_12m  {rise@0.000ns fall@41.667ns period=83.333ns})
  Path Group:             clk_12m
  Path Type:              Setup (Max at Slow Process Corner)
  Requirement:            83.333ns  (clk_12m rise@83.333ns - clk_12m rise@0.000ns)
  Data Path Delay:        48.550ns  (logic 24.948ns (51.386%)  route 23.602ns (48.614%))
  Logic Levels:           101  (CARRY4=83 LUT1=2 LUT3=2 LUT4=1 LUT5=12 LUT6=1)
  Clock Path Skew:        -0.038ns (DCD - SCD + CPR)
    Destination Clock Delay (DCD):    4.976ns = ( 88.309 - 83.333 ) 
    Source Clock Delay      (SCD):    5.280ns
    Clock Pessimism Removal (CPR):    0.266ns
  Clock Uncertainty:      0.035ns  ((TSJ^2 + TIJ^2)^1/2 + DJ) / 2 + PE
    Total System Jitter     (TSJ):    0.071ns
    Total Input Jitter      (TIJ):    0.000ns
    Discrete Jitter          (DJ):    0.000ns
    Phase Error              (PE):    0.000ns

    Location             Delay type                Incr(ns)  Path(ns)    Netlist Resource(s)
  -------------------------------------------------------------------    -------------------
                         (clock clk_12m rise edge)    0.000     0.000 r  
    L17                                               0.000     0.000 r  clk (IN)
                         net (fo=0)                   0.000     0.000    clk
    L17                  IBUF (Prop_ibuf_I_O)         1.476     1.476 r  clk_IBUF_inst/O
                         net (fo=1, routed)           1.972     3.448    clk_IBUF
    BUFGCTRL_X0Y0        BUFG (Prop_bufg_I_O)         0.096     3.544 r  clk_IBUF_BUFG_inst/O
                         net (fo=150, routed)         1.736     5.280    CPU_inst/CLK
    SLICE_X32Y106        FDRE                                         r  CPU_inst/B_reg[0]/C
  -------------------------------------------------------------------    -------------------
    SLICE_X32Y106        FDRE (Prop_fdre_C_Q)         0.456     5.736 f  CPU_inst/B_reg[0]/Q
                         net (fo=38, routed)          1.198     6.934    CPU_inst/B_reg_n_0_[0]
    SLICE_X29Y100        LUT1 (Prop_lut1_I0_O)        0.124     7.058 r  CPU_inst/i__carry_i_1__1/O
                         net (fo=2, routed)           0.514     7.572    CPU_inst/i__carry_i_1__1_n_0
    SLICE_X29Y102        CARRY4 (Prop_carry4_CYINIT_CO[3])
                                                      0.580     8.152 r  CPU_inst/C1_carry_i_9/CO[3]
                         net (fo=1, routed)           0.000     8.152    CPU_inst/C1_carry_i_9_n_0
    SLICE_X29Y103        CARRY4 (Prop_carry4_CI_O[3])
                                                      0.313     8.465 f  CPU_inst/C1_carry__0_i_9/O[3]
                         net (fo=17, routed)          1.990    10.455    CPU_inst/C1_carry__0_i_9_n_4
    SLICE_X34Y112        LUT3 (Prop_lut3_I2_O)        0.306    10.761 r  CPU_inst/C1_carry__1_i_8/O
                         net (fo=1, routed)           0.000    10.761    CPU_inst/C1_carry__1_i_8_n_0
    SLICE_X34Y112        CARRY4 (Prop_carry4_S[0]_CO[3])
                                                      0.513    11.274 r  CPU_inst/C1_carry__1/CO[3]
                         net (fo=1, routed)           0.000    11.274    CPU_inst/C1_carry__1_n_0
    SLICE_X34Y113        CARRY4 (Prop_carry4_CI_CO[3])
                                                      0.117    11.391 r  CPU_inst/C1_carry__2/CO[3]
                         net (fo=1, routed)           0.000    11.391    CPU_inst/C1_carry__2_n_0
    SLICE_X34Y114        CARRY4 (Prop_carry4_CI_CO[0])
                                                      0.254    11.645 r  CPU_inst/C_reg[15]_i_11/CO[0]
                         net (fo=22, routed)          1.034    12.679    CPU_inst/C1_carry__2_0[14]
    SLICE_X33Y112        LUT5 (Prop_lut5_I0_O)        0.367    13.046 r  CPU_inst/C[14]_i_30/O
                         net (fo=1, routed)           0.000    13.046    CPU_inst/C[14]_i_30_n_0
    SLICE_X33Y112        CARRY4 (Prop_carry4_S[1]_CO[3])
                                                      0.550    13.596 r  CPU_inst/C_reg[14]_i_22/CO[3]
                         net (fo=1, routed)           0.000    13.596    CPU_inst/C_reg[14]_i_22_n_0
    SLICE_X33Y113        CARRY4 (Prop_carry4_CI_CO[3])
                                                      0.114    13.710 r  CPU_inst/C_reg[14]_i_17/CO[3]
                         net (fo=1, routed)           0.000    13.710    CPU_inst/C_reg[14]_i_17_n_0
    SLICE_X33Y114        CARRY4 (Prop_carry4_CI_CO[3])
                                                      0.114    13.824 r  CPU_inst/C_reg[14]_i_12/CO[3]
                         net (fo=1, routed)           0.000    13.824    CPU_inst/C_reg[14]_i_12_n_0
    SLICE_X33Y115        CARRY4 (Prop_carry4_CI_CO[3])
                                                      0.114    13.938 r  CPU_inst/C_reg[14]_i_7/CO[3]
                         net (fo=1, routed)           0.000    13.938    CPU_inst/C_reg[14]_i_7_n_0
    SLICE_X33Y116        CARRY4 (Prop_carry4_CI_CO[1])
                                                      0.157    14.095 r  CPU_inst/C_reg[14]_i_4/CO[1]
                         net (fo=22, routed)          0.818    14.913    CPU_inst/C1_carry__2_0[13]
    SLICE_X32Y112        LUT5 (Prop_lut5_I1_O)        0.329    15.242 r  CPU_inst/C[13]_i_30/O
                         net (fo=1, routed)           0.000    15.242    CPU_inst/C[13]_i_30_n_0
    SLICE_X32Y112        CARRY4 (Prop_carry4_S[1]_CO[3])
                                                      0.550    15.792 r  CPU_inst/C_reg[13]_i_22/CO[3]
                         net (fo=1, routed)           0.000    15.792    CPU_inst/C_reg[13]_i_22_n_0
    SLICE_X32Y113        CARRY4 (Prop_carry4_CI_CO[3])
                                                      0.114    15.906 r  CPU_inst/C_reg[13]_i_17/CO[3]
                         net (fo=1, routed)           0.000    15.906    CPU_inst/C_reg[13]_i_17_n_0
    SLICE_X32Y114        CARRY4 (Prop_carry4_CI_CO[3])
                                                      0.114    16.020 r  CPU_inst/C_reg[13]_i_12/CO[3]
                         net (fo=1, routed)           0.000    16.020    CPU_inst/C_reg[13]_i_12_n_0
    SLICE_X32Y115        CARRY4 (Prop_carry4_CI_CO[3])
                                                      0.114    16.134 r  CPU_inst/C_reg[13]_i_7/CO[3]
                         net (fo=1, routed)           0.000    16.134    CPU_inst/C_reg[13]_i_7_n_0
    SLICE_X32Y116        CARRY4 (Prop_carry4_CI_CO[1])
                                                      0.157    16.291 r  CPU_inst/C_reg[13]_i_4/CO[1]
                         net (fo=22, routed)          1.237    17.528    CPU_inst/C1_carry__2_0[12]
    SLICE_X31Y111        LUT5 (Prop_lut5_I1_O)        0.329    17.857 r  CPU_inst/C[12]_i_35/O
                         net (fo=1, routed)           0.000    17.857    CPU_inst/C[12]_i_35_n_0
    SLICE_X31Y111        CARRY4 (Prop_carry4_S[1]_CO[3])
                                                      0.550    18.407 r  CPU_inst/C_reg[12]_i_27/CO[3]
                         net (fo=1, routed)           0.000    18.407    CPU_inst/C_reg[12]_i_27_n_0
    SLICE_X31Y112        CARRY4 (Prop_carry4_CI_CO[3])
                                                      0.114    18.521 r  CPU_inst/C_reg[12]_i_22/CO[3]
                         net (fo=1, routed)           0.000    18.521    CPU_inst/C_reg[12]_i_22_n_0
    SLICE_X31Y113        CARRY4 (Prop_carry4_CI_CO[3])
                                                      0.114    18.635 r  CPU_inst/C_reg[12]_i_17/CO[3]
                         net (fo=1, routed)           0.000    18.635    CPU_inst/C_reg[12]_i_17_n_0
    SLICE_X31Y114        CARRY4 (Prop_carry4_CI_CO[3])
                                                      0.114    18.749 r  CPU_inst/C_reg[12]_i_8/CO[3]
                         net (fo=1, routed)           0.000    18.749    CPU_inst/C_reg[12]_i_8_n_0
    SLICE_X31Y115        CARRY4 (Prop_carry4_CI_CO[1])
                                                      0.157    18.906 r  CPU_inst/C_reg[12]_i_4/CO[1]
                         net (fo=22, routed)          0.903    19.810    CPU_inst/C1_carry__2_0[11]
    SLICE_X30Y113        LUT5 (Prop_lut5_I1_O)        0.329    20.139 r  CPU_inst/C[11]_i_30/O
                         net (fo=1, routed)           0.000    20.139    CPU_inst/C[11]_i_30_n_0
    SLICE_X30Y113        CARRY4 (Prop_carry4_S[1]_CO[3])
                                                      0.533    20.672 r  CPU_inst/C_reg[11]_i_22/CO[3]
                         net (fo=1, routed)           0.000    20.672    CPU_inst/C_reg[11]_i_22_n_0
    SLICE_X30Y114        CARRY4 (Prop_carry4_CI_CO[3])
                                                      0.117    20.789 r  CPU_inst/C_reg[11]_i_17/CO[3]
                         net (fo=1, routed)           0.000    20.789    CPU_inst/C_reg[11]_i_17_n_0
    SLICE_X30Y115        CARRY4 (Prop_carry4_CI_CO[3])
                                                      0.117    20.906 r  CPU_inst/C_reg[11]_i_12/CO[3]
                         net (fo=1, routed)           0.000    20.906    CPU_inst/C_reg[11]_i_12_n_0
    SLICE_X30Y116        CARRY4 (Prop_carry4_CI_CO[3])
                                                      0.117    21.023 r  CPU_inst/C_reg[11]_i_7/CO[3]
                         net (fo=1, routed)           0.000    21.023    CPU_inst/C_reg[11]_i_7_n_0
    SLICE_X30Y117        CARRY4 (Prop_carry4_CI_CO[1])
                                                      0.157    21.180 r  CPU_inst/C_reg[11]_i_4/CO[1]
                         net (fo=22, routed)          1.468    22.648    CPU_inst/C1_carry__2_0[10]
    SLICE_X23Y112        CARRY4 (Prop_carry4_CYINIT_CO[3])
                                                      0.788    23.436 r  CPU_inst/C_reg[10]_i_22/CO[3]
                         net (fo=1, routed)           0.000    23.436    CPU_inst/C_reg[10]_i_22_n_0
    SLICE_X23Y113        CARRY4 (Prop_carry4_CI_CO[3])
                                                      0.114    23.550 r  CPU_inst/C_reg[10]_i_17/CO[3]
                         net (fo=1, routed)           0.000    23.550    CPU_inst/C_reg[10]_i_17_n_0
    SLICE_X23Y114        CARRY4 (Prop_carry4_CI_CO[3])
                                                      0.114    23.664 r  CPU_inst/C_reg[10]_i_12/CO[3]
                         net (fo=1, routed)           0.000    23.664    CPU_inst/C_reg[10]_i_12_n_0
    SLICE_X23Y115        CARRY4 (Prop_carry4_CI_CO[3])
                                                      0.114    23.778 r  CPU_inst/C_reg[10]_i_7/CO[3]
                         net (fo=1, routed)           0.000    23.778    CPU_inst/C_reg[10]_i_7_n_0
    SLICE_X23Y116        CARRY4 (Prop_carry4_CI_CO[1])
                                                      0.157    23.935 r  CPU_inst/C_reg[10]_i_4/CO[1]
                         net (fo=22, routed)          1.283    25.218    CPU_inst/C1_carry__2_0[9]
    SLICE_X22Y111        LUT5 (Prop_lut5_I1_O)        0.329    25.547 r  CPU_inst/C[9]_i_30/O
                         net (fo=1, routed)           0.000    25.547    CPU_inst/C[9]_i_30_n_0
    SLICE_X22Y111        CARRY4 (Prop_carry4_S[1]_CO[3])
                                                      0.550    26.097 r  CPU_inst/C_reg[9]_i_22/CO[3]
                         net (fo=1, routed)           0.000    26.097    CPU_inst/C_reg[9]_i_22_n_0
    SLICE_X22Y112        CARRY4 (Prop_carry4_CI_CO[3])
                                                      0.114    26.211 r  CPU_inst/C_reg[9]_i_17/CO[3]
                         net (fo=1, routed)           0.000    26.211    CPU_inst/C_reg[9]_i_17_n_0
    SLICE_X22Y113        CARRY4 (Prop_carry4_CI_CO[3])
                                                      0.114    26.325 r  CPU_inst/C_reg[9]_i_12/CO[3]
                         net (fo=1, routed)           0.000    26.325    CPU_inst/C_reg[9]_i_12_n_0
    SLICE_X22Y114        CARRY4 (Prop_carry4_CI_CO[3])
                                                      0.114    26.439 r  CPU_inst/C_reg[9]_i_7/CO[3]
                         net (fo=1, routed)           0.000    26.439    CPU_inst/C_reg[9]_i_7_n_0
    SLICE_X22Y115        CARRY4 (Prop_carry4_CI_CO[1])
                                                      0.157    26.596 r  CPU_inst/C_reg[9]_i_4/CO[1]
                         net (fo=22, routed)          1.308    27.904    CPU_inst/C1_carry__2_0[8]
    SLICE_X24Y109        LUT5 (Prop_lut5_I1_O)        0.329    28.233 r  CPU_inst/C[8]_i_35/O
                         net (fo=1, routed)           0.000    28.233    CPU_inst/C[8]_i_35_n_0
    SLICE_X24Y109        CARRY4 (Prop_carry4_S[1]_CO[3])
                                                      0.550    28.783 r  CPU_inst/C_reg[8]_i_27/CO[3]
                         net (fo=1, routed)           0.000    28.783    CPU_inst/C_reg[8]_i_27_n_0
    SLICE_X24Y110        CARRY4 (Prop_carry4_CI_CO[3])
                                                      0.114    28.897 r  CPU_inst/C_reg[8]_i_22/CO[3]
                         net (fo=1, routed)           0.000    28.897    CPU_inst/C_reg[8]_i_22_n_0
    SLICE_X24Y111        CARRY4 (Prop_carry4_CI_CO[3])
                                                      0.114    29.011 r  CPU_inst/C_reg[8]_i_17/CO[3]
                         net (fo=1, routed)           0.000    29.011    CPU_inst/C_reg[8]_i_17_n_0
    SLICE_X24Y112        CARRY4 (Prop_carry4_CI_CO[3])
                                                      0.114    29.125 r  CPU_inst/C_reg[8]_i_8/CO[3]
                         net (fo=1, routed)           0.000    29.125    CPU_inst/C_reg[8]_i_8_n_0
    SLICE_X24Y113        CARRY4 (Prop_carry4_CI_CO[1])
                                                      0.157    29.282 r  CPU_inst/C_reg[8]_i_4/CO[1]
                         net (fo=22, routed)          1.496    30.778    CPU_inst/C1_carry__2_0[7]
    SLICE_X26Y109        LUT5 (Prop_lut5_I1_O)        0.329    31.107 r  CPU_inst/C[7]_i_35/O
                         net (fo=1, routed)           0.000    31.107    CPU_inst/C[7]_i_35_n_0
    SLICE_X26Y109        CARRY4 (Prop_carry4_S[1]_CO[3])
                                                      0.550    31.657 r  CPU_inst/C_reg[7]_i_27/CO[3]
                         net (fo=1, routed)           0.000    31.657    CPU_inst/C_reg[7]_i_27_n_0
    SLICE_X26Y110        CARRY4 (Prop_carry4_CI_CO[3])
                                                      0.114    31.771 r  CPU_inst/C_reg[7]_i_18/CO[3]
                         net (fo=1, routed)           0.000    31.771    CPU_inst/C_reg[7]_i_18_n_0
    SLICE_X26Y111        CARRY4 (Prop_carry4_CI_CO[3])
                                                      0.114    31.885 r  CPU_inst/C_reg[7]_i_12/CO[3]
                         net (fo=1, routed)           0.000    31.885    CPU_inst/C_reg[7]_i_12_n_0
    SLICE_X26Y112        CARRY4 (Prop_carry4_CI_CO[3])
                                                      0.114    31.999 r  CPU_inst/C_reg[7]_i_7/CO[3]
                         net (fo=1, routed)           0.000    31.999    CPU_inst/C_reg[7]_i_7_n_0
    SLICE_X26Y113        CARRY4 (Prop_carry4_CI_CO[1])
                                                      0.157    32.156 r  CPU_inst/C_reg[7]_i_4/CO[1]
                         net (fo=22, routed)          1.424    33.580    CPU_inst/C1_carry__2_0[6]
    SLICE_X29Y106        LUT5 (Prop_lut5_I0_O)        0.329    33.909 r  CPU_inst/C1__972_carry_i_75/O
                         net (fo=1, routed)           0.000    33.909    CPU_inst/C1__972_carry_i_75_n_0
    SLICE_X29Y106        CARRY4 (Prop_carry4_S[3]_CO[3])
                                                      0.401    34.310 r  CPU_inst/C1__972_carry_i_65/CO[3]
                         net (fo=1, routed)           0.000    34.310    CPU_inst/C1__972_carry_i_65_n_0
    SLICE_X29Y107        CARRY4 (Prop_carry4_CI_CO[3])
                                                      0.114    34.424 r  CPU_inst/C_reg[6]_i_17/CO[3]
                         net (fo=1, routed)           0.000    34.424    CPU_inst/C_reg[6]_i_17_n_0
    SLICE_X29Y108        CARRY4 (Prop_carry4_CI_CO[3])
                                                      0.114    34.538 r  CPU_inst/C_reg[6]_i_12/CO[3]
                         net (fo=1, routed)           0.000    34.538    CPU_inst/C_reg[6]_i_12_n_0
    SLICE_X29Y109        CARRY4 (Prop_carry4_CI_CO[3])
                                                      0.114    34.652 r  CPU_inst/C_reg[6]_i_7/CO[3]
                         net (fo=1, routed)           0.000    34.652    CPU_inst/C_reg[6]_i_7_n_0
    SLICE_X29Y110        CARRY4 (Prop_carry4_CI_CO[1])
                                                      0.157    34.809 r  CPU_inst/C_reg[6]_i_4/CO[1]
                         net (fo=22, routed)          1.199    36.007    CPU_inst/C1_carry__2_0[5]
    SLICE_X30Y103        LUT5 (Prop_lut5_I1_O)        0.329    36.336 r  CPU_inst/C1__972_carry_i_73/O
                         net (fo=1, routed)           0.000    36.336    CPU_inst/C1__972_carry_i_73_n_0
    SLICE_X30Y103        CARRY4 (Prop_carry4_S[1]_CO[3])
                                                      0.533    36.869 r  CPU_inst/C1__972_carry_i_56/CO[3]
                         net (fo=1, routed)           0.000    36.869    CPU_inst/C1__972_carry_i_56_n_0
    SLICE_X30Y104        CARRY4 (Prop_carry4_CI_CO[3])
                                                      0.117    36.986 r  CPU_inst/C1__972_carry_i_51/CO[3]
                         net (fo=1, routed)           0.000    36.986    CPU_inst/C1__972_carry_i_51_n_0
    SLICE_X30Y105        CARRY4 (Prop_carry4_CI_CO[3])
                                                      0.117    37.103 r  CPU_inst/C_reg[5]_i_12/CO[3]
                         net (fo=1, routed)           0.000    37.103    CPU_inst/C_reg[5]_i_12_n_0
    SLICE_X30Y106        CARRY4 (Prop_carry4_CI_CO[3])
                                                      0.117    37.220 r  CPU_inst/C_reg[5]_i_7/CO[3]
                         net (fo=1, routed)           0.000    37.220    CPU_inst/C_reg[5]_i_7_n_0
    SLICE_X30Y107        CARRY4 (Prop_carry4_CI_CO[1])
                                                      0.157    37.377 r  CPU_inst/C_reg[5]_i_4/CO[1]
                         net (fo=22, routed)          1.068    38.445    CPU_inst/C1_carry__2_0[4]
    SLICE_X31Y102        LUT5 (Prop_lut5_I1_O)        0.332    38.777 r  CPU_inst/C1__972_carry_i_64/O
                         net (fo=1, routed)           0.000    38.777    CPU_inst/C1__972_carry_i_64_n_0
    SLICE_X31Y102        CARRY4 (Prop_carry4_S[1]_CO[3])
                                                      0.550    39.327 r  CPU_inst/C1__972_carry_i_41/CO[3]
                         net (fo=1, routed)           0.000    39.327    CPU_inst/C1__972_carry_i_41_n_0
    SLICE_X31Y103        CARRY4 (Prop_carry4_CI_CO[3])
                                                      0.114    39.441 r  CPU_inst/C1__972_carry_i_36/CO[3]
                         net (fo=1, routed)           0.000    39.441    CPU_inst/C1__972_carry_i_36_n_0
    SLICE_X31Y104        CARRY4 (Prop_carry4_CI_CO[3])
                                                      0.114    39.555 r  CPU_inst/C1__972_carry_i_31/CO[3]
                         net (fo=1, routed)           0.000    39.555    CPU_inst/C1__972_carry_i_31_n_0
    SLICE_X31Y105        CARRY4 (Prop_carry4_CI_CO[3])
                                                      0.114    39.669 r  CPU_inst/C_reg[4]_i_8/CO[3]
                         net (fo=1, routed)           0.000    39.669    CPU_inst/C_reg[4]_i_8_n_0
    SLICE_X31Y106        CARRY4 (Prop_carry4_CI_CO[1])
                                                      0.157    39.826 r  CPU_inst/C_reg[4]_i_4/CO[1]
                         net (fo=22, routed)          1.318    41.144    CPU_inst/C1_carry__2_0[3]
    SLICE_X26Y101        CARRY4 (Prop_carry4_CYINIT_CO[3])
                                                      0.785    41.929 r  CPU_inst/C1__972_carry_i_25/CO[3]
                         net (fo=1, routed)           0.000    41.929    CPU_inst/C1__972_carry_i_25_n_0
    SLICE_X26Y102        CARRY4 (Prop_carry4_CI_CO[3])
                                                      0.114    42.043 r  CPU_inst/C1__972_carry__0_i_11/CO[3]
                         net (fo=1, routed)           0.000    42.043    CPU_inst/C1__972_carry__0_i_11_n_0
    SLICE_X26Y103        CARRY4 (Prop_carry4_CI_CO[3])
                                                      0.114    42.157 r  CPU_inst/C1__972_carry_i_20/CO[3]
                         net (fo=1, routed)           0.000    42.157    CPU_inst/C1__972_carry_i_20_n_0
    SLICE_X26Y104        CARRY4 (Prop_carry4_CI_CO[3])
                                                      0.114    42.271 r  CPU_inst/C1__972_carry_i_17/CO[3]
                         net (fo=1, routed)           0.000    42.271    CPU_inst/C1__972_carry_i_17_n_0
    SLICE_X26Y105        CARRY4 (Prop_carry4_CI_CO[1])
                                                      0.157    42.428 r  CPU_inst/C_reg[3]_i_4/CO[1]
                         net (fo=22, routed)          0.972    43.400    CPU_inst/C1_carry__2_0[2]
    SLICE_X25Y101        LUT5 (Prop_lut5_I1_O)        0.329    43.729 r  CPU_inst/C1__972_carry_i_29/O
                         net (fo=1, routed)           0.000    43.729    CPU_inst/C1__972_carry_i_29_n_0
    SLICE_X25Y101        CARRY4 (Prop_carry4_S[1]_CO[3])
                                                      0.550    44.279 r  CPU_inst/C1__972_carry_i_12/CO[3]
                         net (fo=1, routed)           0.000    44.279    CPU_inst/C1__972_carry_i_12_n_0
    SLICE_X25Y102        CARRY4 (Prop_carry4_CI_CO[3])
                                                      0.114    44.393 r  CPU_inst/C1__972_carry__0_i_6/CO[3]
                         net (fo=1, routed)           0.000    44.393    CPU_inst/C1__972_carry__0_i_6_n_0
    SLICE_X25Y103        CARRY4 (Prop_carry4_CI_CO[3])
                                                      0.114    44.507 r  CPU_inst/C1__972_carry__1_i_6/CO[3]
                         net (fo=1, routed)           0.000    44.507    CPU_inst/C1__972_carry__1_i_6_n_0
    SLICE_X25Y104        CARRY4 (Prop_carry4_CI_CO[3])
                                                      0.114    44.621 r  CPU_inst/C1__972_carry_i_9/CO[3]
                         net (fo=1, routed)           0.000    44.621    CPU_inst/C1__972_carry_i_9_n_0
    SLICE_X25Y105        CARRY4 (Prop_carry4_CI_CO[1])
                                                      0.157    44.778 r  CPU_inst/C1__972_carry_i_8/CO[1]
                         net (fo=22, routed)          1.169    45.947    CPU_inst/C1_carry__2_0[1]
    SLICE_X24Y101        LUT5 (Prop_lut5_I1_O)        0.329    46.276 r  CPU_inst/C1__972_carry_i_16/O
                         net (fo=1, routed)           0.000    46.276    CPU_inst/C1__972_carry_i_16_n_0
    SLICE_X24Y101        CARRY4 (Prop_carry4_S[1]_CO[3])
                                                      0.550    46.826 r  CPU_inst/C1__972_carry_i_2/CO[3]
                         net (fo=1, routed)           0.000    46.826    CPU_inst/C1__972_carry_i_2_n_0
    SLICE_X24Y102        CARRY4 (Prop_carry4_CI_CO[3])
                                                      0.114    46.940 r  CPU_inst/C1__972_carry__0_i_1/CO[3]
                         net (fo=1, routed)           0.000    46.940    CPU_inst/C1__972_carry__0_i_1_n_0
    SLICE_X24Y103        CARRY4 (Prop_carry4_CI_CO[3])
                                                      0.114    47.054 r  CPU_inst/C1__972_carry__1_i_1/CO[3]
                         net (fo=1, routed)           0.000    47.054    CPU_inst/C1__972_carry__1_i_1_n_0
    SLICE_X24Y104        CARRY4 (Prop_carry4_CI_CO[3])
                                                      0.114    47.168 r  CPU_inst/C1__972_carry__2_i_1/CO[3]
                         net (fo=1, routed)           0.000    47.168    CPU_inst/C1__972_carry__2_i_1_n_0
    SLICE_X24Y105        CARRY4 (Prop_carry4_CI_CO[1])
                                                      0.157    47.325 r  CPU_inst/C1__972_carry_i_1/CO[1]
                         net (fo=22, routed)          1.201    48.527    CPU_inst/C1_carry__2_0[0]
    SLICE_X22Y102        LUT3 (Prop_lut3_I0_O)        0.329    48.856 r  CPU_inst/C1__972_carry_i_7/O
                         net (fo=1, routed)           0.000    48.856    CPU_inst/C1__972_carry_i_7_n_0
    SLICE_X22Y102        CARRY4 (Prop_carry4_S[0]_CO[3])
                                                      0.532    49.388 r  CPU_inst/C1__972_carry/CO[3]
                         net (fo=1, routed)           0.000    49.388    CPU_inst/C1__972_carry_n_0
    SLICE_X22Y103        CARRY4 (Prop_carry4_CI_CO[3])
                                                      0.114    49.502 r  CPU_inst/C1__972_carry__0/CO[3]
                         net (fo=1, routed)           0.000    49.502    CPU_inst/C1__972_carry__0_n_0
    SLICE_X22Y104        CARRY4 (Prop_carry4_CI_CO[3])
                                                      0.114    49.616 r  CPU_inst/C1__972_carry__1/CO[3]
                         net (fo=1, routed)           0.000    49.616    CPU_inst/C1__972_carry__1_n_0
    SLICE_X22Y105        CARRY4 (Prop_carry4_CI_CO[3])
                                                      0.114    49.730 r  CPU_inst/C1__972_carry__2/CO[3]
                         net (fo=1, routed)           0.000    49.730    CPU_inst/C1__972_carry__2_n_0
    SLICE_X22Y106        CARRY4 (Prop_carry4_CI_CO[0])
                                                      0.271    50.001 f  CPU_inst/C1__972_carry__3/CO[0]
                         net (fo=2, routed)           0.593    50.594    CPU_inst/C10_in[0]
    SLICE_X21Y105        LUT1 (Prop_lut1_I0_O)        0.373    50.967 r  CPU_inst/C[4]_i_11/O
                         net (fo=1, routed)           0.538    51.505    CPU_inst/C[4]_i_11_n_0
    SLICE_X23Y105        CARRY4 (Prop_carry4_CYINIT_CO[3])
                                                      0.580    52.085 r  CPU_inst/C_reg[4]_i_5/CO[3]
                         net (fo=1, routed)           0.000    52.085    CPU_inst/C_reg[4]_i_5_n_0
    SLICE_X23Y106        CARRY4 (Prop_carry4_CI_CO[3])
                                                      0.114    52.199 r  CPU_inst/C_reg[8]_i_5/CO[3]
                         net (fo=1, routed)           0.000    52.199    CPU_inst/C_reg[8]_i_5_n_0
    SLICE_X23Y107        CARRY4 (Prop_carry4_CI_O[1])
                                                      0.334    52.533 r  CPU_inst/C_reg[12]_i_5/O[1]
                         net (fo=1, routed)           0.437    52.970    CPU_inst/C1[10]
    SLICE_X23Y109        LUT4 (Prop_lut4_I1_O)        0.303    53.273 r  CPU_inst/C[10]_i_2/O
                         net (fo=1, routed)           0.433    53.706    CPU_inst/C[10]_i_2_n_0
    SLICE_X23Y109        LUT6 (Prop_lut6_I1_O)        0.124    53.830 r  CPU_inst/C[10]_i_1/O
                         net (fo=1, routed)           0.000    53.830    CPU_inst/C[10]
    SLICE_X23Y109        FDRE                                         r  CPU_inst/C_reg[10]/D
  -------------------------------------------------------------------    -------------------

                         (clock clk_12m rise edge)   83.333    83.333 r  
    L17                                               0.000    83.333 r  clk (IN)
                         net (fo=0)                   0.000    83.333    clk
    L17                  IBUF (Prop_ibuf_I_O)         1.406    84.739 r  clk_IBUF_inst/O
                         net (fo=1, routed)           1.868    86.607    clk_IBUF
    BUFGCTRL_X0Y0        BUFG (Prop_bufg_I_O)         0.091    86.698 r  clk_IBUF_BUFG_inst/O
                         net (fo=150, routed)         1.611    88.309    CPU_inst/CLK
    SLICE_X23Y109        FDRE                                         r  CPU_inst/C_reg[10]/C
                         clock pessimism              0.266    88.575    
                         clock uncertainty           -0.035    88.540    
    SLICE_X23Y109        FDRE (Setup_fdre_C_D)        0.029    88.569    CPU_inst/C_reg[10]
  -------------------------------------------------------------------
                         required time                         88.569    
                         arrival time                         -53.830    
  -------------------------------------------------------------------
                         slack                                 34.739    

Slack (MET) :             34.747ns  (required time - arrival time)
  Source:                 CPU_inst/B_reg[0]/C
                            (rising edge-triggered cell FDRE clocked by clk_12m  {rise@0.000ns fall@41.667ns period=83.333ns})
  Destination:            CPU_inst/C_reg[15]/D
                            (rising edge-triggered cell FDRE clocked by clk_12m  {rise@0.000ns fall@41.667ns period=83.333ns})
  Path Group:             clk_12m
  Path Type:              Setup (Max at Slow Process Corner)
  Requirement:            83.333ns  (clk_12m rise@83.333ns - clk_12m rise@0.000ns)
  Data Path Delay:        48.543ns  (logic 24.966ns (51.431%)  route 23.577ns (48.569%))
  Logic Levels:           102  (CARRY4=84 LUT1=2 LUT3=2 LUT4=1 LUT5=12 LUT6=1)
  Clock Path Skew:        -0.039ns (DCD - SCD + CPR)
    Destination Clock Delay (DCD):    4.975ns = ( 88.308 - 83.333 ) 
    Source Clock Delay      (SCD):    5.280ns
    Clock Pessimism Removal (CPR):    0.266ns
  Clock Uncertainty:      0.035ns  ((TSJ^2 + TIJ^2)^1/2 + DJ) / 2 + PE
    Total System Jitter     (TSJ):    0.071ns
    Total Input Jitter      (TIJ):    0.000ns
    Discrete Jitter          (DJ):    0.000ns
    Phase Error              (PE):    0.000ns

    Location             Delay type                Incr(ns)  Path(ns)    Netlist Resource(s)
  -------------------------------------------------------------------    -------------------
                         (clock clk_12m rise edge)    0.000     0.000 r  
    L17                                               0.000     0.000 r  clk (IN)
                         net (fo=0)                   0.000     0.000    clk
    L17                  IBUF (Prop_ibuf_I_O)         1.476     1.476 r  clk_IBUF_inst/O
                         net (fo=1, routed)           1.972     3.448    clk_IBUF
    BUFGCTRL_X0Y0        BUFG (Prop_bufg_I_O)         0.096     3.544 r  clk_IBUF_BUFG_inst/O
                         net (fo=150, routed)         1.736     5.280    CPU_inst/CLK
    SLICE_X32Y106        FDRE                                         r  CPU_inst/B_reg[0]/C
  -------------------------------------------------------------------    -------------------
    SLICE_X32Y106        FDRE (Prop_fdre_C_Q)         0.456     5.736 f  CPU_inst/B_reg[0]/Q
                         net (fo=38, routed)          1.198     6.934    CPU_inst/B_reg_n_0_[0]
    SLICE_X29Y100        LUT1 (Prop_lut1_I0_O)        0.124     7.058 r  CPU_inst/i__carry_i_1__1/O
                         net (fo=2, routed)           0.514     7.572    CPU_inst/i__carry_i_1__1_n_0
    SLICE_X29Y102        CARRY4 (Prop_carry4_CYINIT_CO[3])
                                                      0.580     8.152 r  CPU_inst/C1_carry_i_9/CO[3]
                         net (fo=1, routed)           0.000     8.152    CPU_inst/C1_carry_i_9_n_0
    SLICE_X29Y103        CARRY4 (Prop_carry4_CI_O[3])
                                                      0.313     8.465 f  CPU_inst/C1_carry__0_i_9/O[3]
                         net (fo=17, routed)          1.990    10.455    CPU_inst/C1_carry__0_i_9_n_4
    SLICE_X34Y112        LUT3 (Prop_lut3_I2_O)        0.306    10.761 r  CPU_inst/C1_carry__1_i_8/O
                         net (fo=1, routed)           0.000    10.761    CPU_inst/C1_carry__1_i_8_n_0
    SLICE_X34Y112        CARRY4 (Prop_carry4_S[0]_CO[3])
                                                      0.513    11.274 r  CPU_inst/C1_carry__1/CO[3]
                         net (fo=1, routed)           0.000    11.274    CPU_inst/C1_carry__1_n_0
    SLICE_X34Y113        CARRY4 (Prop_carry4_CI_CO[3])
                                                      0.117    11.391 r  CPU_inst/C1_carry__2/CO[3]
                         net (fo=1, routed)           0.000    11.391    CPU_inst/C1_carry__2_n_0
    SLICE_X34Y114        CARRY4 (Prop_carry4_CI_CO[0])
                                                      0.254    11.645 r  CPU_inst/C_reg[15]_i_11/CO[0]
                         net (fo=22, routed)          1.034    12.679    CPU_inst/C1_carry__2_0[14]
    SLICE_X33Y112        LUT5 (Prop_lut5_I0_O)        0.367    13.046 r  CPU_inst/C[14]_i_30/O
                         net (fo=1, routed)           0.000    13.046    CPU_inst/C[14]_i_30_n_0
    SLICE_X33Y112        CARRY4 (Prop_carry4_S[1]_CO[3])
                                                      0.550    13.596 r  CPU_inst/C_reg[14]_i_22/CO[3]
                         net (fo=1, routed)           0.000    13.596    CPU_inst/C_reg[14]_i_22_n_0
    SLICE_X33Y113        CARRY4 (Prop_carry4_CI_CO[3])
                                                      0.114    13.710 r  CPU_inst/C_reg[14]_i_17/CO[3]
                         net (fo=1, routed)           0.000    13.710    CPU_inst/C_reg[14]_i_17_n_0
    SLICE_X33Y114        CARRY4 (Prop_carry4_CI_CO[3])
                                                      0.114    13.824 r  CPU_inst/C_reg[14]_i_12/CO[3]
                         net (fo=1, routed)           0.000    13.824    CPU_inst/C_reg[14]_i_12_n_0
    SLICE_X33Y115        CARRY4 (Prop_carry4_CI_CO[3])
                                                      0.114    13.938 r  CPU_inst/C_reg[14]_i_7/CO[3]
                         net (fo=1, routed)           0.000    13.938    CPU_inst/C_reg[14]_i_7_n_0
    SLICE_X33Y116        CARRY4 (Prop_carry4_CI_CO[1])
                                                      0.157    14.095 r  CPU_inst/C_reg[14]_i_4/CO[1]
                         net (fo=22, routed)          0.818    14.913    CPU_inst/C1_carry__2_0[13]
    SLICE_X32Y112        LUT5 (Prop_lut5_I1_O)        0.329    15.242 r  CPU_inst/C[13]_i_30/O
                         net (fo=1, routed)           0.000    15.242    CPU_inst/C[13]_i_30_n_0
    SLICE_X32Y112        CARRY4 (Prop_carry4_S[1]_CO[3])
                                                      0.550    15.792 r  CPU_inst/C_reg[13]_i_22/CO[3]
                         net (fo=1, routed)           0.000    15.792    CPU_inst/C_reg[13]_i_22_n_0
    SLICE_X32Y113        CARRY4 (Prop_carry4_CI_CO[3])
                                                      0.114    15.906 r  CPU_inst/C_reg[13]_i_17/CO[3]
                         net (fo=1, routed)           0.000    15.906    CPU_inst/C_reg[13]_i_17_n_0
    SLICE_X32Y114        CARRY4 (Prop_carry4_CI_CO[3])
                                                      0.114    16.020 r  CPU_inst/C_reg[13]_i_12/CO[3]
                         net (fo=1, routed)           0.000    16.020    CPU_inst/C_reg[13]_i_12_n_0
    SLICE_X32Y115        CARRY4 (Prop_carry4_CI_CO[3])
                                                      0.114    16.134 r  CPU_inst/C_reg[13]_i_7/CO[3]
                         net (fo=1, routed)           0.000    16.134    CPU_inst/C_reg[13]_i_7_n_0
    SLICE_X32Y116        CARRY4 (Prop_carry4_CI_CO[1])
                                                      0.157    16.291 r  CPU_inst/C_reg[13]_i_4/CO[1]
                         net (fo=22, routed)          1.237    17.528    CPU_inst/C1_carry__2_0[12]
    SLICE_X31Y111        LUT5 (Prop_lut5_I1_O)        0.329    17.857 r  CPU_inst/C[12]_i_35/O
                         net (fo=1, routed)           0.000    17.857    CPU_inst/C[12]_i_35_n_0
    SLICE_X31Y111        CARRY4 (Prop_carry4_S[1]_CO[3])
                                                      0.550    18.407 r  CPU_inst/C_reg[12]_i_27/CO[3]
                         net (fo=1, routed)           0.000    18.407    CPU_inst/C_reg[12]_i_27_n_0
    SLICE_X31Y112        CARRY4 (Prop_carry4_CI_CO[3])
                                                      0.114    18.521 r  CPU_inst/C_reg[12]_i_22/CO[3]
                         net (fo=1, routed)           0.000    18.521    CPU_inst/C_reg[12]_i_22_n_0
    SLICE_X31Y113        CARRY4 (Prop_carry4_CI_CO[3])
                                                      0.114    18.635 r  CPU_inst/C_reg[12]_i_17/CO[3]
                         net (fo=1, routed)           0.000    18.635    CPU_inst/C_reg[12]_i_17_n_0
    SLICE_X31Y114        CARRY4 (Prop_carry4_CI_CO[3])
                                                      0.114    18.749 r  CPU_inst/C_reg[12]_i_8/CO[3]
                         net (fo=1, routed)           0.000    18.749    CPU_inst/C_reg[12]_i_8_n_0
    SLICE_X31Y115        CARRY4 (Prop_carry4_CI_CO[1])
                                                      0.157    18.906 r  CPU_inst/C_reg[12]_i_4/CO[1]
                         net (fo=22, routed)          0.903    19.810    CPU_inst/C1_carry__2_0[11]
    SLICE_X30Y113        LUT5 (Prop_lut5_I1_O)        0.329    20.139 r  CPU_inst/C[11]_i_30/O
                         net (fo=1, routed)           0.000    20.139    CPU_inst/C[11]_i_30_n_0
    SLICE_X30Y113        CARRY4 (Prop_carry4_S[1]_CO[3])
                                                      0.533    20.672 r  CPU_inst/C_reg[11]_i_22/CO[3]
                         net (fo=1, routed)           0.000    20.672    CPU_inst/C_reg[11]_i_22_n_0
    SLICE_X30Y114        CARRY4 (Prop_carry4_CI_CO[3])
                                                      0.117    20.789 r  CPU_inst/C_reg[11]_i_17/CO[3]
                         net (fo=1, routed)           0.000    20.789    CPU_inst/C_reg[11]_i_17_n_0
    SLICE_X30Y115        CARRY4 (Prop_carry4_CI_CO[3])
                                                      0.117    20.906 r  CPU_inst/C_reg[11]_i_12/CO[3]
                         net (fo=1, routed)           0.000    20.906    CPU_inst/C_reg[11]_i_12_n_0
    SLICE_X30Y116        CARRY4 (Prop_carry4_CI_CO[3])
                                                      0.117    21.023 r  CPU_inst/C_reg[11]_i_7/CO[3]
                         net (fo=1, routed)           0.000    21.023    CPU_inst/C_reg[11]_i_7_n_0
    SLICE_X30Y117        CARRY4 (Prop_carry4_CI_CO[1])
                                                      0.157    21.180 r  CPU_inst/C_reg[11]_i_4/CO[1]
                         net (fo=22, routed)          1.468    22.648    CPU_inst/C1_carry__2_0[10]
    SLICE_X23Y112        CARRY4 (Prop_carry4_CYINIT_CO[3])
                                                      0.788    23.436 r  CPU_inst/C_reg[10]_i_22/CO[3]
                         net (fo=1, routed)           0.000    23.436    CPU_inst/C_reg[10]_i_22_n_0
    SLICE_X23Y113        CARRY4 (Prop_carry4_CI_CO[3])
                                                      0.114    23.550 r  CPU_inst/C_reg[10]_i_17/CO[3]
                         net (fo=1, routed)           0.000    23.550    CPU_inst/C_reg[10]_i_17_n_0
    SLICE_X23Y114        CARRY4 (Prop_carry4_CI_CO[3])
                                                      0.114    23.664 r  CPU_inst/C_reg[10]_i_12/CO[3]
                         net (fo=1, routed)           0.000    23.664    CPU_inst/C_reg[10]_i_12_n_0
    SLICE_X23Y115        CARRY4 (Prop_carry4_CI_CO[3])
                                                      0.114    23.778 r  CPU_inst/C_reg[10]_i_7/CO[3]
                         net (fo=1, routed)           0.000    23.778    CPU_inst/C_reg[10]_i_7_n_0
    SLICE_X23Y116        CARRY4 (Prop_carry4_CI_CO[1])
                                                      0.157    23.935 r  CPU_inst/C_reg[10]_i_4/CO[1]
                         net (fo=22, routed)          1.283    25.218    CPU_inst/C1_carry__2_0[9]
    SLICE_X22Y111        LUT5 (Prop_lut5_I1_O)        0.329    25.547 r  CPU_inst/C[9]_i_30/O
                         net (fo=1, routed)           0.000    25.547    CPU_inst/C[9]_i_30_n_0
    SLICE_X22Y111        CARRY4 (Prop_carry4_S[1]_CO[3])
                                                      0.550    26.097 r  CPU_inst/C_reg[9]_i_22/CO[3]
                         net (fo=1, routed)           0.000    26.097    CPU_inst/C_reg[9]_i_22_n_0
    SLICE_X22Y112        CARRY4 (Prop_carry4_CI_CO[3])
                                                      0.114    26.211 r  CPU_inst/C_reg[9]_i_17/CO[3]
                         net (fo=1, routed)           0.000    26.211    CPU_inst/C_reg[9]_i_17_n_0
    SLICE_X22Y113        CARRY4 (Prop_carry4_CI_CO[3])
                                                      0.114    26.325 r  CPU_inst/C_reg[9]_i_12/CO[3]
                         net (fo=1, routed)           0.000    26.325    CPU_inst/C_reg[9]_i_12_n_0
    SLICE_X22Y114        CARRY4 (Prop_carry4_CI_CO[3])
                                                      0.114    26.439 r  CPU_inst/C_reg[9]_i_7/CO[3]
                         net (fo=1, routed)           0.000    26.439    CPU_inst/C_reg[9]_i_7_n_0
    SLICE_X22Y115        CARRY4 (Prop_carry4_CI_CO[1])
                                                      0.157    26.596 r  CPU_inst/C_reg[9]_i_4/CO[1]
                         net (fo=22, routed)          1.308    27.904    CPU_inst/C1_carry__2_0[8]
    SLICE_X24Y109        LUT5 (Prop_lut5_I1_O)        0.329    28.233 r  CPU_inst/C[8]_i_35/O
                         net (fo=1, routed)           0.000    28.233    CPU_inst/C[8]_i_35_n_0
    SLICE_X24Y109        CARRY4 (Prop_carry4_S[1]_CO[3])
                                                      0.550    28.783 r  CPU_inst/C_reg[8]_i_27/CO[3]
                         net (fo=1, routed)           0.000    28.783    CPU_inst/C_reg[8]_i_27_n_0
    SLICE_X24Y110        CARRY4 (Prop_carry4_CI_CO[3])
                                                      0.114    28.897 r  CPU_inst/C_reg[8]_i_22/CO[3]
                         net (fo=1, routed)           0.000    28.897    CPU_inst/C_reg[8]_i_22_n_0
    SLICE_X24Y111        CARRY4 (Prop_carry4_CI_CO[3])
                                                      0.114    29.011 r  CPU_inst/C_reg[8]_i_17/CO[3]
                         net (fo=1, routed)           0.000    29.011    CPU_inst/C_reg[8]_i_17_n_0
    SLICE_X24Y112        CARRY4 (Prop_carry4_CI_CO[3])
                                                      0.114    29.125 r  CPU_inst/C_reg[8]_i_8/CO[3]
                         net (fo=1, routed)           0.000    29.125    CPU_inst/C_reg[8]_i_8_n_0
    SLICE_X24Y113        CARRY4 (Prop_carry4_CI_CO[1])
                                                      0.157    29.282 r  CPU_inst/C_reg[8]_i_4/CO[1]
                         net (fo=22, routed)          1.496    30.778    CPU_inst/C1_carry__2_0[7]
    SLICE_X26Y109        LUT5 (Prop_lut5_I1_O)        0.329    31.107 r  CPU_inst/C[7]_i_35/O
                         net (fo=1, routed)           0.000    31.107    CPU_inst/C[7]_i_35_n_0
    SLICE_X26Y109        CARRY4 (Prop_carry4_S[1]_CO[3])
                                                      0.550    31.657 r  CPU_inst/C_reg[7]_i_27/CO[3]
                         net (fo=1, routed)           0.000    31.657    CPU_inst/C_reg[7]_i_27_n_0
    SLICE_X26Y110        CARRY4 (Prop_carry4_CI_CO[3])
                                                      0.114    31.771 r  CPU_inst/C_reg[7]_i_18/CO[3]
                         net (fo=1, routed)           0.000    31.771    CPU_inst/C_reg[7]_i_18_n_0
    SLICE_X26Y111        CARRY4 (Prop_carry4_CI_CO[3])
                                                      0.114    31.885 r  CPU_inst/C_reg[7]_i_12/CO[3]
                         net (fo=1, routed)           0.000    31.885    CPU_inst/C_reg[7]_i_12_n_0
    SLICE_X26Y112        CARRY4 (Prop_carry4_CI_CO[3])
                                                      0.114    31.999 r  CPU_inst/C_reg[7]_i_7/CO[3]
                         net (fo=1, routed)           0.000    31.999    CPU_inst/C_reg[7]_i_7_n_0
    SLICE_X26Y113        CARRY4 (Prop_carry4_CI_CO[1])
                                                      0.157    32.156 r  CPU_inst/C_reg[7]_i_4/CO[1]
                         net (fo=22, routed)          1.424    33.580    CPU_inst/C1_carry__2_0[6]
    SLICE_X29Y106        LUT5 (Prop_lut5_I0_O)        0.329    33.909 r  CPU_inst/C1__972_carry_i_75/O
                         net (fo=1, routed)           0.000    33.909    CPU_inst/C1__972_carry_i_75_n_0
    SLICE_X29Y106        CARRY4 (Prop_carry4_S[3]_CO[3])
                                                      0.401    34.310 r  CPU_inst/C1__972_carry_i_65/CO[3]
                         net (fo=1, routed)           0.000    34.310    CPU_inst/C1__972_carry_i_65_n_0
    SLICE_X29Y107        CARRY4 (Prop_carry4_CI_CO[3])
                                                      0.114    34.424 r  CPU_inst/C_reg[6]_i_17/CO[3]
                         net (fo=1, routed)           0.000    34.424    CPU_inst/C_reg[6]_i_17_n_0
    SLICE_X29Y108        CARRY4 (Prop_carry4_CI_CO[3])
                                                      0.114    34.538 r  CPU_inst/C_reg[6]_i_12/CO[3]
                         net (fo=1, routed)           0.000    34.538    CPU_inst/C_reg[6]_i_12_n_0
    SLICE_X29Y109        CARRY4 (Prop_carry4_CI_CO[3])
                                                      0.114    34.652 r  CPU_inst/C_reg[6]_i_7/CO[3]
                         net (fo=1, routed)           0.000    34.652    CPU_inst/C_reg[6]_i_7_n_0
    SLICE_X29Y110        CARRY4 (Prop_carry4_CI_CO[1])
                                                      0.157    34.809 r  CPU_inst/C_reg[6]_i_4/CO[1]
                         net (fo=22, routed)          1.199    36.007    CPU_inst/C1_carry__2_0[5]
    SLICE_X30Y103        LUT5 (Prop_lut5_I1_O)        0.329    36.336 r  CPU_inst/C1__972_carry_i_73/O
                         net (fo=1, routed)           0.000    36.336    CPU_inst/C1__972_carry_i_73_n_0
    SLICE_X30Y103        CARRY4 (Prop_carry4_S[1]_CO[3])
                                                      0.533    36.869 r  CPU_inst/C1__972_carry_i_56/CO[3]
                         net (fo=1, routed)           0.000    36.869    CPU_inst/C1__972_carry_i_56_n_0
    SLICE_X30Y104        CARRY4 (Prop_carry4_CI_CO[3])
                                                      0.117    36.986 r  CPU_inst/C1__972_carry_i_51/CO[3]
                         net (fo=1, routed)           0.000    36.986    CPU_inst/C1__972_carry_i_51_n_0
    SLICE_X30Y105        CARRY4 (Prop_carry4_CI_CO[3])
                                                      0.117    37.103 r  CPU_inst/C_reg[5]_i_12/CO[3]
                         net (fo=1, routed)           0.000    37.103    CPU_inst/C_reg[5]_i_12_n_0
    SLICE_X30Y106        CARRY4 (Prop_carry4_CI_CO[3])
                                                      0.117    37.220 r  CPU_inst/C_reg[5]_i_7/CO[3]
                         net (fo=1, routed)           0.000    37.220    CPU_inst/C_reg[5]_i_7_n_0
    SLICE_X30Y107        CARRY4 (Prop_carry4_CI_CO[1])
                                                      0.157    37.377 r  CPU_inst/C_reg[5]_i_4/CO[1]
                         net (fo=22, routed)          1.068    38.445    CPU_inst/C1_carry__2_0[4]
    SLICE_X31Y102        LUT5 (Prop_lut5_I1_O)        0.332    38.777 r  CPU_inst/C1__972_carry_i_64/O
                         net (fo=1, routed)           0.000    38.777    CPU_inst/C1__972_carry_i_64_n_0
    SLICE_X31Y102        CARRY4 (Prop_carry4_S[1]_CO[3])
                                                      0.550    39.327 r  CPU_inst/C1__972_carry_i_41/CO[3]
                         net (fo=1, routed)           0.000    39.327    CPU_inst/C1__972_carry_i_41_n_0
    SLICE_X31Y103        CARRY4 (Prop_carry4_CI_CO[3])
                                                      0.114    39.441 r  CPU_inst/C1__972_carry_i_36/CO[3]
                         net (fo=1, routed)           0.000    39.441    CPU_inst/C1__972_carry_i_36_n_0
    SLICE_X31Y104        CARRY4 (Prop_carry4_CI_CO[3])
                                                      0.114    39.555 r  CPU_inst/C1__972_carry_i_31/CO[3]
                         net (fo=1, routed)           0.000    39.555    CPU_inst/C1__972_carry_i_31_n_0
    SLICE_X31Y105        CARRY4 (Prop_carry4_CI_CO[3])
                                                      0.114    39.669 r  CPU_inst/C_reg[4]_i_8/CO[3]
                         net (fo=1, routed)           0.000    39.669    CPU_inst/C_reg[4]_i_8_n_0
    SLICE_X31Y106        CARRY4 (Prop_carry4_CI_CO[1])
                                                      0.157    39.826 r  CPU_inst/C_reg[4]_i_4/CO[1]
                         net (fo=22, routed)          1.318    41.144    CPU_inst/C1_carry__2_0[3]
    SLICE_X26Y101        CARRY4 (Prop_carry4_CYINIT_CO[3])
                                                      0.785    41.929 r  CPU_inst/C1__972_carry_i_25/CO[3]
                         net (fo=1, routed)           0.000    41.929    CPU_inst/C1__972_carry_i_25_n_0
    SLICE_X26Y102        CARRY4 (Prop_carry4_CI_CO[3])
                                                      0.114    42.043 r  CPU_inst/C1__972_carry__0_i_11/CO[3]
                         net (fo=1, routed)           0.000    42.043    CPU_inst/C1__972_carry__0_i_11_n_0
    SLICE_X26Y103        CARRY4 (Prop_carry4_CI_CO[3])
                                                      0.114    42.157 r  CPU_inst/C1__972_carry_i_20/CO[3]
                         net (fo=1, routed)           0.000    42.157    CPU_inst/C1__972_carry_i_20_n_0
    SLICE_X26Y104        CARRY4 (Prop_carry4_CI_CO[3])
                                                      0.114    42.271 r  CPU_inst/C1__972_carry_i_17/CO[3]
                         net (fo=1, routed)           0.000    42.271    CPU_inst/C1__972_carry_i_17_n_0
    SLICE_X26Y105        CARRY4 (Prop_carry4_CI_CO[1])
                                                      0.157    42.428 r  CPU_inst/C_reg[3]_i_4/CO[1]
                         net (fo=22, routed)          0.972    43.400    CPU_inst/C1_carry__2_0[2]
    SLICE_X25Y101        LUT5 (Prop_lut5_I1_O)        0.329    43.729 r  CPU_inst/C1__972_carry_i_29/O
                         net (fo=1, routed)           0.000    43.729    CPU_inst/C1__972_carry_i_29_n_0
    SLICE_X25Y101        CARRY4 (Prop_carry4_S[1]_CO[3])
                                                      0.550    44.279 r  CPU_inst/C1__972_carry_i_12/CO[3]
                         net (fo=1, routed)           0.000    44.279    CPU_inst/C1__972_carry_i_12_n_0
    SLICE_X25Y102        CARRY4 (Prop_carry4_CI_CO[3])
                                                      0.114    44.393 r  CPU_inst/C1__972_carry__0_i_6/CO[3]
                         net (fo=1, routed)           0.000    44.393    CPU_inst/C1__972_carry__0_i_6_n_0
    SLICE_X25Y103        CARRY4 (Prop_carry4_CI_CO[3])
                                                      0.114    44.507 r  CPU_inst/C1__972_carry__1_i_6/CO[3]
                         net (fo=1, routed)           0.000    44.507    CPU_inst/C1__972_carry__1_i_6_n_0
    SLICE_X25Y104        CARRY4 (Prop_carry4_CI_CO[3])
                                                      0.114    44.621 r  CPU_inst/C1__972_carry_i_9/CO[3]
                         net (fo=1, routed)           0.000    44.621    CPU_inst/C1__972_carry_i_9_n_0
    SLICE_X25Y105        CARRY4 (Prop_carry4_CI_CO[1])
                                                      0.157    44.778 r  CPU_inst/C1__972_carry_i_8/CO[1]
                         net (fo=22, routed)          1.169    45.947    CPU_inst/C1_carry__2_0[1]
    SLICE_X24Y101        LUT5 (Prop_lut5_I1_O)        0.329    46.276 r  CPU_inst/C1__972_carry_i_16/O
                         net (fo=1, routed)           0.000    46.276    CPU_inst/C1__972_carry_i_16_n_0
    SLICE_X24Y101        CARRY4 (Prop_carry4_S[1]_CO[3])
                                                      0.550    46.826 r  CPU_inst/C1__972_carry_i_2/CO[3]
                         net (fo=1, routed)           0.000    46.826    CPU_inst/C1__972_carry_i_2_n_0
    SLICE_X24Y102        CARRY4 (Prop_carry4_CI_CO[3])
                                                      0.114    46.940 r  CPU_inst/C1__972_carry__0_i_1/CO[3]
                         net (fo=1, routed)           0.000    46.940    CPU_inst/C1__972_carry__0_i_1_n_0
    SLICE_X24Y103        CARRY4 (Prop_carry4_CI_CO[3])
                                                      0.114    47.054 r  CPU_inst/C1__972_carry__1_i_1/CO[3]
                         net (fo=1, routed)           0.000    47.054    CPU_inst/C1__972_carry__1_i_1_n_0
    SLICE_X24Y104        CARRY4 (Prop_carry4_CI_CO[3])
                                                      0.114    47.168 r  CPU_inst/C1__972_carry__2_i_1/CO[3]
                         net (fo=1, routed)           0.000    47.168    CPU_inst/C1__972_carry__2_i_1_n_0
    SLICE_X24Y105        CARRY4 (Prop_carry4_CI_CO[1])
                                                      0.157    47.325 r  CPU_inst/C1__972_carry_i_1/CO[1]
                         net (fo=22, routed)          1.201    48.527    CPU_inst/C1_carry__2_0[0]
    SLICE_X22Y102        LUT3 (Prop_lut3_I0_O)        0.329    48.856 r  CPU_inst/C1__972_carry_i_7/O
                         net (fo=1, routed)           0.000    48.856    CPU_inst/C1__972_carry_i_7_n_0
    SLICE_X22Y102        CARRY4 (Prop_carry4_S[0]_CO[3])
                                                      0.532    49.388 r  CPU_inst/C1__972_carry/CO[3]
                         net (fo=1, routed)           0.000    49.388    CPU_inst/C1__972_carry_n_0
    SLICE_X22Y103        CARRY4 (Prop_carry4_CI_CO[3])
                                                      0.114    49.502 r  CPU_inst/C1__972_carry__0/CO[3]
                         net (fo=1, routed)           0.000    49.502    CPU_inst/C1__972_carry__0_n_0
    SLICE_X22Y104        CARRY4 (Prop_carry4_CI_CO[3])
                                                      0.114    49.616 r  CPU_inst/C1__972_carry__1/CO[3]
                         net (fo=1, routed)           0.000    49.616    CPU_inst/C1__972_carry__1_n_0
    SLICE_X22Y105        CARRY4 (Prop_carry4_CI_CO[3])
                                                      0.114    49.730 r  CPU_inst/C1__972_carry__2/CO[3]
                         net (fo=1, routed)           0.000    49.730    CPU_inst/C1__972_carry__2_n_0
    SLICE_X22Y106        CARRY4 (Prop_carry4_CI_CO[0])
                                                      0.271    50.001 f  CPU_inst/C1__972_carry__3/CO[0]
                         net (fo=2, routed)           0.593    50.594    CPU_inst/C10_in[0]
    SLICE_X21Y105        LUT1 (Prop_lut1_I0_O)        0.373    50.967 r  CPU_inst/C[4]_i_11/O
                         net (fo=1, routed)           0.538    51.505    CPU_inst/C[4]_i_11_n_0
    SLICE_X23Y105        CARRY4 (Prop_carry4_CYINIT_CO[3])
                                                      0.580    52.085 r  CPU_inst/C_reg[4]_i_5/CO[3]
                         net (fo=1, routed)           0.000    52.085    CPU_inst/C_reg[4]_i_5_n_0
    SLICE_X23Y106        CARRY4 (Prop_carry4_CI_CO[3])
                                                      0.114    52.199 r  CPU_inst/C_reg[8]_i_5/CO[3]
                         net (fo=1, routed)           0.000    52.199    CPU_inst/C_reg[8]_i_5_n_0
    SLICE_X23Y107        CARRY4 (Prop_carry4_CI_CO[3])
                                                      0.114    52.313 r  CPU_inst/C_reg[12]_i_5/CO[3]
                         net (fo=1, routed)           0.000    52.313    CPU_inst/C_reg[12]_i_5_n_0
    SLICE_X23Y108        CARRY4 (Prop_carry4_CI_O[2])
                                                      0.239    52.552 r  CPU_inst/C_reg[15]_i_12/O[2]
                         net (fo=1, routed)           0.548    53.101    CPU_inst/C1[15]
    SLICE_X23Y109        LUT4 (Prop_lut4_I1_O)        0.302    53.403 r  CPU_inst/C[15]_i_7/O
                         net (fo=1, routed)           0.296    53.699    CPU_inst/C[15]_i_7_n_0
    SLICE_X25Y109        LUT6 (Prop_lut6_I1_O)        0.124    53.823 r  CPU_inst/C[15]_i_2/O
                         net (fo=1, routed)           0.000    53.823    CPU_inst/C[15]
    SLICE_X25Y109        FDRE                                         r  CPU_inst/C_reg[15]/D
  -------------------------------------------------------------------    -------------------

                         (clock clk_12m rise edge)   83.333    83.333 r  
    L17                                               0.000    83.333 r  clk (IN)
                         net (fo=0)                   0.000    83.333    clk
    L17                  IBUF (Prop_ibuf_I_O)         1.406    84.739 r  clk_IBUF_inst/O
                         net (fo=1, routed)           1.868    86.607    clk_IBUF
    BUFGCTRL_X0Y0        BUFG (Prop_bufg_I_O)         0.091    86.698 r  clk_IBUF_BUFG_inst/O
                         net (fo=150, routed)         1.610    88.308    CPU_inst/CLK
    SLICE_X25Y109        FDRE                                         r  CPU_inst/C_reg[15]/C
                         clock pessimism              0.266    88.574    
                         clock uncertainty           -0.035    88.539    
    SLICE_X25Y109        FDRE (Setup_fdre_C_D)        0.031    88.570    CPU_inst/C_reg[15]
  -------------------------------------------------------------------
                         required time                         88.570    
                         arrival time                         -53.823    
  -------------------------------------------------------------------
                         slack                                 34.747    

Slack (MET) :             34.803ns  (required time - arrival time)
  Source:                 CPU_inst/B_reg[0]/C
                            (rising edge-triggered cell FDRE clocked by clk_12m  {rise@0.000ns fall@41.667ns period=83.333ns})
  Destination:            CPU_inst/C_reg[6]/D
                            (rising edge-triggered cell FDRE clocked by clk_12m  {rise@0.000ns fall@41.667ns period=83.333ns})
  Path Group:             clk_12m
  Path Type:              Setup (Max at Slow Process Corner)
  Requirement:            83.333ns  (clk_12m rise@83.333ns - clk_12m rise@0.000ns)
  Data Path Delay:        48.488ns  (logic 24.834ns (51.217%)  route 23.654ns (48.783%))
  Logic Levels:           100  (CARRY4=82 LUT1=2 LUT3=2 LUT4=1 LUT5=12 LUT6=1)
  Clock Path Skew:        -0.036ns (DCD - SCD + CPR)
    Destination Clock Delay (DCD):    4.978ns = ( 88.311 - 83.333 ) 
    Source Clock Delay      (SCD):    5.280ns
    Clock Pessimism Removal (CPR):    0.266ns
  Clock Uncertainty:      0.035ns  ((TSJ^2 + TIJ^2)^1/2 + DJ) / 2 + PE
    Total System Jitter     (TSJ):    0.071ns
    Total Input Jitter      (TIJ):    0.000ns
    Discrete Jitter          (DJ):    0.000ns
    Phase Error              (PE):    0.000ns

    Location             Delay type                Incr(ns)  Path(ns)    Netlist Resource(s)
  -------------------------------------------------------------------    -------------------
                         (clock clk_12m rise edge)    0.000     0.000 r  
    L17                                               0.000     0.000 r  clk (IN)
                         net (fo=0)                   0.000     0.000    clk
    L17                  IBUF (Prop_ibuf_I_O)         1.476     1.476 r  clk_IBUF_inst/O
                         net (fo=1, routed)           1.972     3.448    clk_IBUF
    BUFGCTRL_X0Y0        BUFG (Prop_bufg_I_O)         0.096     3.544 r  clk_IBUF_BUFG_inst/O
                         net (fo=150, routed)         1.736     5.280    CPU_inst/CLK
    SLICE_X32Y106        FDRE                                         r  CPU_inst/B_reg[0]/C
  -------------------------------------------------------------------    -------------------
    SLICE_X32Y106        FDRE (Prop_fdre_C_Q)         0.456     5.736 f  CPU_inst/B_reg[0]/Q
                         net (fo=38, routed)          1.198     6.934    CPU_inst/B_reg_n_0_[0]
    SLICE_X29Y100        LUT1 (Prop_lut1_I0_O)        0.124     7.058 r  CPU_inst/i__carry_i_1__1/O
                         net (fo=2, routed)           0.514     7.572    CPU_inst/i__carry_i_1__1_n_0
    SLICE_X29Y102        CARRY4 (Prop_carry4_CYINIT_CO[3])
                                                      0.580     8.152 r  CPU_inst/C1_carry_i_9/CO[3]
                         net (fo=1, routed)           0.000     8.152    CPU_inst/C1_carry_i_9_n_0
    SLICE_X29Y103        CARRY4 (Prop_carry4_CI_O[3])
                                                      0.313     8.465 f  CPU_inst/C1_carry__0_i_9/O[3]
                         net (fo=17, routed)          1.990    10.455    CPU_inst/C1_carry__0_i_9_n_4
    SLICE_X34Y112        LUT3 (Prop_lut3_I2_O)        0.306    10.761 r  CPU_inst/C1_carry__1_i_8/O
                         net (fo=1, routed)           0.000    10.761    CPU_inst/C1_carry__1_i_8_n_0
    SLICE_X34Y112        CARRY4 (Prop_carry4_S[0]_CO[3])
                                                      0.513    11.274 r  CPU_inst/C1_carry__1/CO[3]
                         net (fo=1, routed)           0.000    11.274    CPU_inst/C1_carry__1_n_0
    SLICE_X34Y113        CARRY4 (Prop_carry4_CI_CO[3])
                                                      0.117    11.391 r  CPU_inst/C1_carry__2/CO[3]
                         net (fo=1, routed)           0.000    11.391    CPU_inst/C1_carry__2_n_0
    SLICE_X34Y114        CARRY4 (Prop_carry4_CI_CO[0])
                                                      0.254    11.645 r  CPU_inst/C_reg[15]_i_11/CO[0]
                         net (fo=22, routed)          1.034    12.679    CPU_inst/C1_carry__2_0[14]
    SLICE_X33Y112        LUT5 (Prop_lut5_I0_O)        0.367    13.046 r  CPU_inst/C[14]_i_30/O
                         net (fo=1, routed)           0.000    13.046    CPU_inst/C[14]_i_30_n_0
    SLICE_X33Y112        CARRY4 (Prop_carry4_S[1]_CO[3])
                                                      0.550    13.596 r  CPU_inst/C_reg[14]_i_22/CO[3]
                         net (fo=1, routed)           0.000    13.596    CPU_inst/C_reg[14]_i_22_n_0
    SLICE_X33Y113        CARRY4 (Prop_carry4_CI_CO[3])
                                                      0.114    13.710 r  CPU_inst/C_reg[14]_i_17/CO[3]
                         net (fo=1, routed)           0.000    13.710    CPU_inst/C_reg[14]_i_17_n_0
    SLICE_X33Y114        CARRY4 (Prop_carry4_CI_CO[3])
                                                      0.114    13.824 r  CPU_inst/C_reg[14]_i_12/CO[3]
                         net (fo=1, routed)           0.000    13.824    CPU_inst/C_reg[14]_i_12_n_0
    SLICE_X33Y115        CARRY4 (Prop_carry4_CI_CO[3])
                                                      0.114    13.938 r  CPU_inst/C_reg[14]_i_7/CO[3]
                         net (fo=1, routed)           0.000    13.938    CPU_inst/C_reg[14]_i_7_n_0
    SLICE_X33Y116        CARRY4 (Prop_carry4_CI_CO[1])
                                                      0.157    14.095 r  CPU_inst/C_reg[14]_i_4/CO[1]
                         net (fo=22, routed)          0.818    14.913    CPU_inst/C1_carry__2_0[13]
    SLICE_X32Y112        LUT5 (Prop_lut5_I1_O)        0.329    15.242 r  CPU_inst/C[13]_i_30/O
                         net (fo=1, routed)           0.000    15.242    CPU_inst/C[13]_i_30_n_0
    SLICE_X32Y112        CARRY4 (Prop_carry4_S[1]_CO[3])
                                                      0.550    15.792 r  CPU_inst/C_reg[13]_i_22/CO[3]
                         net (fo=1, routed)           0.000    15.792    CPU_inst/C_reg[13]_i_22_n_0
    SLICE_X32Y113        CARRY4 (Prop_carry4_CI_CO[3])
                                                      0.114    15.906 r  CPU_inst/C_reg[13]_i_17/CO[3]
                         net (fo=1, routed)           0.000    15.906    CPU_inst/C_reg[13]_i_17_n_0
    SLICE_X32Y114        CARRY4 (Prop_carry4_CI_CO[3])
                                                      0.114    16.020 r  CPU_inst/C_reg[13]_i_12/CO[3]
                         net (fo=1, routed)           0.000    16.020    CPU_inst/C_reg[13]_i_12_n_0
    SLICE_X32Y115        CARRY4 (Prop_carry4_CI_CO[3])
                                                      0.114    16.134 r  CPU_inst/C_reg[13]_i_7/CO[3]
                         net (fo=1, routed)           0.000    16.134    CPU_inst/C_reg[13]_i_7_n_0
    SLICE_X32Y116        CARRY4 (Prop_carry4_CI_CO[1])
                                                      0.157    16.291 r  CPU_inst/C_reg[13]_i_4/CO[1]
                         net (fo=22, routed)          1.237    17.528    CPU_inst/C1_carry__2_0[12]
    SLICE_X31Y111        LUT5 (Prop_lut5_I1_O)        0.329    17.857 r  CPU_inst/C[12]_i_35/O
                         net (fo=1, routed)           0.000    17.857    CPU_inst/C[12]_i_35_n_0
    SLICE_X31Y111        CARRY4 (Prop_carry4_S[1]_CO[3])
                                                      0.550    18.407 r  CPU_inst/C_reg[12]_i_27/CO[3]
                         net (fo=1, routed)           0.000    18.407    CPU_inst/C_reg[12]_i_27_n_0
    SLICE_X31Y112        CARRY4 (Prop_carry4_CI_CO[3])
                                                      0.114    18.521 r  CPU_inst/C_reg[12]_i_22/CO[3]
                         net (fo=1, routed)           0.000    18.521    CPU_inst/C_reg[12]_i_22_n_0
    SLICE_X31Y113        CARRY4 (Prop_carry4_CI_CO[3])
                                                      0.114    18.635 r  CPU_inst/C_reg[12]_i_17/CO[3]
                         net (fo=1, routed)           0.000    18.635    CPU_inst/C_reg[12]_i_17_n_0
    SLICE_X31Y114        CARRY4 (Prop_carry4_CI_CO[3])
                                                      0.114    18.749 r  CPU_inst/C_reg[12]_i_8/CO[3]
                         net (fo=1, routed)           0.000    18.749    CPU_inst/C_reg[12]_i_8_n_0
    SLICE_X31Y115        CARRY4 (Prop_carry4_CI_CO[1])
                                                      0.157    18.906 r  CPU_inst/C_reg[12]_i_4/CO[1]
                         net (fo=22, routed)          0.903    19.810    CPU_inst/C1_carry__2_0[11]
    SLICE_X30Y113        LUT5 (Prop_lut5_I1_O)        0.329    20.139 r  CPU_inst/C[11]_i_30/O
                         net (fo=1, routed)           0.000    20.139    CPU_inst/C[11]_i_30_n_0
    SLICE_X30Y113        CARRY4 (Prop_carry4_S[1]_CO[3])
                                                      0.533    20.672 r  CPU_inst/C_reg[11]_i_22/CO[3]
                         net (fo=1, routed)           0.000    20.672    CPU_inst/C_reg[11]_i_22_n_0
    SLICE_X30Y114        CARRY4 (Prop_carry4_CI_CO[3])
                                                      0.117    20.789 r  CPU_inst/C_reg[11]_i_17/CO[3]
                         net (fo=1, routed)           0.000    20.789    CPU_inst/C_reg[11]_i_17_n_0
    SLICE_X30Y115        CARRY4 (Prop_carry4_CI_CO[3])
                                                      0.117    20.906 r  CPU_inst/C_reg[11]_i_12/CO[3]
                         net (fo=1, routed)           0.000    20.906    CPU_inst/C_reg[11]_i_12_n_0
    SLICE_X30Y116        CARRY4 (Prop_carry4_CI_CO[3])
                                                      0.117    21.023 r  CPU_inst/C_reg[11]_i_7/CO[3]
                         net (fo=1, routed)           0.000    21.023    CPU_inst/C_reg[11]_i_7_n_0
    SLICE_X30Y117        CARRY4 (Prop_carry4_CI_CO[1])
                                                      0.157    21.180 r  CPU_inst/C_reg[11]_i_4/CO[1]
                         net (fo=22, routed)          1.468    22.648    CPU_inst/C1_carry__2_0[10]
    SLICE_X23Y112        CARRY4 (Prop_carry4_CYINIT_CO[3])
                                                      0.788    23.436 r  CPU_inst/C_reg[10]_i_22/CO[3]
                         net (fo=1, routed)           0.000    23.436    CPU_inst/C_reg[10]_i_22_n_0
    SLICE_X23Y113        CARRY4 (Prop_carry4_CI_CO[3])
                                                      0.114    23.550 r  CPU_inst/C_reg[10]_i_17/CO[3]
                         net (fo=1, routed)           0.000    23.550    CPU_inst/C_reg[10]_i_17_n_0
    SLICE_X23Y114        CARRY4 (Prop_carry4_CI_CO[3])
                                                      0.114    23.664 r  CPU_inst/C_reg[10]_i_12/CO[3]
                         net (fo=1, routed)           0.000    23.664    CPU_inst/C_reg[10]_i_12_n_0
    SLICE_X23Y115        CARRY4 (Prop_carry4_CI_CO[3])
                                                      0.114    23.778 r  CPU_inst/C_reg[10]_i_7/CO[3]
                         net (fo=1, routed)           0.000    23.778    CPU_inst/C_reg[10]_i_7_n_0
    SLICE_X23Y116        CARRY4 (Prop_carry4_CI_CO[1])
                                                      0.157    23.935 r  CPU_inst/C_reg[10]_i_4/CO[1]
                         net (fo=22, routed)          1.283    25.218    CPU_inst/C1_carry__2_0[9]
    SLICE_X22Y111        LUT5 (Prop_lut5_I1_O)        0.329    25.547 r  CPU_inst/C[9]_i_30/O
                         net (fo=1, routed)           0.000    25.547    CPU_inst/C[9]_i_30_n_0
    SLICE_X22Y111        CARRY4 (Prop_carry4_S[1]_CO[3])
                                                      0.550    26.097 r  CPU_inst/C_reg[9]_i_22/CO[3]
                         net (fo=1, routed)           0.000    26.097    CPU_inst/C_reg[9]_i_22_n_0
    SLICE_X22Y112        CARRY4 (Prop_carry4_CI_CO[3])
                                                      0.114    26.211 r  CPU_inst/C_reg[9]_i_17/CO[3]
                         net (fo=1, routed)           0.000    26.211    CPU_inst/C_reg[9]_i_17_n_0
    SLICE_X22Y113        CARRY4 (Prop_carry4_CI_CO[3])
                                                      0.114    26.325 r  CPU_inst/C_reg[9]_i_12/CO[3]
                         net (fo=1, routed)           0.000    26.325    CPU_inst/C_reg[9]_i_12_n_0
    SLICE_X22Y114        CARRY4 (Prop_carry4_CI_CO[3])
                                                      0.114    26.439 r  CPU_inst/C_reg[9]_i_7/CO[3]
                         net (fo=1, routed)           0.000    26.439    CPU_inst/C_reg[9]_i_7_n_0
    SLICE_X22Y115        CARRY4 (Prop_carry4_CI_CO[1])
                                                      0.157    26.596 r  CPU_inst/C_reg[9]_i_4/CO[1]
                         net (fo=22, routed)          1.308    27.904    CPU_inst/C1_carry__2_0[8]
    SLICE_X24Y109        LUT5 (Prop_lut5_I1_O)        0.329    28.233 r  CPU_inst/C[8]_i_35/O
                         net (fo=1, routed)           0.000    28.233    CPU_inst/C[8]_i_35_n_0
    SLICE_X24Y109        CARRY4 (Prop_carry4_S[1]_CO[3])
                                                      0.550    28.783 r  CPU_inst/C_reg[8]_i_27/CO[3]
                         net (fo=1, routed)           0.000    28.783    CPU_inst/C_reg[8]_i_27_n_0
    SLICE_X24Y110        CARRY4 (Prop_carry4_CI_CO[3])
                                                      0.114    28.897 r  CPU_inst/C_reg[8]_i_22/CO[3]
                         net (fo=1, routed)           0.000    28.897    CPU_inst/C_reg[8]_i_22_n_0
    SLICE_X24Y111        CARRY4 (Prop_carry4_CI_CO[3])
                                                      0.114    29.011 r  CPU_inst/C_reg[8]_i_17/CO[3]
                         net (fo=1, routed)           0.000    29.011    CPU_inst/C_reg[8]_i_17_n_0
    SLICE_X24Y112        CARRY4 (Prop_carry4_CI_CO[3])
                                                      0.114    29.125 r  CPU_inst/C_reg[8]_i_8/CO[3]
                         net (fo=1, routed)           0.000    29.125    CPU_inst/C_reg[8]_i_8_n_0
    SLICE_X24Y113        CARRY4 (Prop_carry4_CI_CO[1])
                                                      0.157    29.282 r  CPU_inst/C_reg[8]_i_4/CO[1]
                         net (fo=22, routed)          1.496    30.778    CPU_inst/C1_carry__2_0[7]
    SLICE_X26Y109        LUT5 (Prop_lut5_I1_O)        0.329    31.107 r  CPU_inst/C[7]_i_35/O
                         net (fo=1, routed)           0.000    31.107    CPU_inst/C[7]_i_35_n_0
    SLICE_X26Y109        CARRY4 (Prop_carry4_S[1]_CO[3])
                                                      0.550    31.657 r  CPU_inst/C_reg[7]_i_27/CO[3]
                         net (fo=1, routed)           0.000    31.657    CPU_inst/C_reg[7]_i_27_n_0
    SLICE_X26Y110        CARRY4 (Prop_carry4_CI_CO[3])
                                                      0.114    31.771 r  CPU_inst/C_reg[7]_i_18/CO[3]
                         net (fo=1, routed)           0.000    31.771    CPU_inst/C_reg[7]_i_18_n_0
    SLICE_X26Y111        CARRY4 (Prop_carry4_CI_CO[3])
                                                      0.114    31.885 r  CPU_inst/C_reg[7]_i_12/CO[3]
                         net (fo=1, routed)           0.000    31.885    CPU_inst/C_reg[7]_i_12_n_0
    SLICE_X26Y112        CARRY4 (Prop_carry4_CI_CO[3])
                                                      0.114    31.999 r  CPU_inst/C_reg[7]_i_7/CO[3]
                         net (fo=1, routed)           0.000    31.999    CPU_inst/C_reg[7]_i_7_n_0
    SLICE_X26Y113        CARRY4 (Prop_carry4_CI_CO[1])
                                                      0.157    32.156 r  CPU_inst/C_reg[7]_i_4/CO[1]
                         net (fo=22, routed)          1.424    33.580    CPU_inst/C1_carry__2_0[6]
    SLICE_X29Y106        LUT5 (Prop_lut5_I0_O)        0.329    33.909 r  CPU_inst/C1__972_carry_i_75/O
                         net (fo=1, routed)           0.000    33.909    CPU_inst/C1__972_carry_i_75_n_0
    SLICE_X29Y106        CARRY4 (Prop_carry4_S[3]_CO[3])
                                                      0.401    34.310 r  CPU_inst/C1__972_carry_i_65/CO[3]
                         net (fo=1, routed)           0.000    34.310    CPU_inst/C1__972_carry_i_65_n_0
    SLICE_X29Y107        CARRY4 (Prop_carry4_CI_CO[3])
                                                      0.114    34.424 r  CPU_inst/C_reg[6]_i_17/CO[3]
                         net (fo=1, routed)           0.000    34.424    CPU_inst/C_reg[6]_i_17_n_0
    SLICE_X29Y108        CARRY4 (Prop_carry4_CI_CO[3])
                                                      0.114    34.538 r  CPU_inst/C_reg[6]_i_12/CO[3]
                         net (fo=1, routed)           0.000    34.538    CPU_inst/C_reg[6]_i_12_n_0
    SLICE_X29Y109        CARRY4 (Prop_carry4_CI_CO[3])
                                                      0.114    34.652 r  CPU_inst/C_reg[6]_i_7/CO[3]
                         net (fo=1, routed)           0.000    34.652    CPU_inst/C_reg[6]_i_7_n_0
    SLICE_X29Y110        CARRY4 (Prop_carry4_CI_CO[1])
                                                      0.157    34.809 r  CPU_inst/C_reg[6]_i_4/CO[1]
                         net (fo=22, routed)          1.199    36.007    CPU_inst/C1_carry__2_0[5]
    SLICE_X30Y103        LUT5 (Prop_lut5_I1_O)        0.329    36.336 r  CPU_inst/C1__972_carry_i_73/O
                         net (fo=1, routed)           0.000    36.336    CPU_inst/C1__972_carry_i_73_n_0
    SLICE_X30Y103        CARRY4 (Prop_carry4_S[1]_CO[3])
                                                      0.533    36.869 r  CPU_inst/C1__972_carry_i_56/CO[3]
                         net (fo=1, routed)           0.000    36.869    CPU_inst/C1__972_carry_i_56_n_0
    SLICE_X30Y104        CARRY4 (Prop_carry4_CI_CO[3])
                                                      0.117    36.986 r  CPU_inst/C1__972_carry_i_51/CO[3]
                         net (fo=1, routed)           0.000    36.986    CPU_inst/C1__972_carry_i_51_n_0
    SLICE_X30Y105        CARRY4 (Prop_carry4_CI_CO[3])
                                                      0.117    37.103 r  CPU_inst/C_reg[5]_i_12/CO[3]
                         net (fo=1, routed)           0.000    37.103    CPU_inst/C_reg[5]_i_12_n_0
    SLICE_X30Y106        CARRY4 (Prop_carry4_CI_CO[3])
                                                      0.117    37.220 r  CPU_inst/C_reg[5]_i_7/CO[3]
                         net (fo=1, routed)           0.000    37.220    CPU_inst/C_reg[5]_i_7_n_0
    SLICE_X30Y107        CARRY4 (Prop_carry4_CI_CO[1])
                                                      0.157    37.377 r  CPU_inst/C_reg[5]_i_4/CO[1]
                         net (fo=22, routed)          1.068    38.445    CPU_inst/C1_carry__2_0[4]
    SLICE_X31Y102        LUT5 (Prop_lut5_I1_O)        0.332    38.777 r  CPU_inst/C1__972_carry_i_64/O
                         net (fo=1, routed)           0.000    38.777    CPU_inst/C1__972_carry_i_64_n_0
    SLICE_X31Y102        CARRY4 (Prop_carry4_S[1]_CO[3])
                                                      0.550    39.327 r  CPU_inst/C1__972_carry_i_41/CO[3]
                         net (fo=1, routed)           0.000    39.327    CPU_inst/C1__972_carry_i_41_n_0
    SLICE_X31Y103        CARRY4 (Prop_carry4_CI_CO[3])
                                                      0.114    39.441 r  CPU_inst/C1__972_carry_i_36/CO[3]
                         net (fo=1, routed)           0.000    39.441    CPU_inst/C1__972_carry_i_36_n_0
    SLICE_X31Y104        CARRY4 (Prop_carry4_CI_CO[3])
                                                      0.114    39.555 r  CPU_inst/C1__972_carry_i_31/CO[3]
                         net (fo=1, routed)           0.000    39.555    CPU_inst/C1__972_carry_i_31_n_0
    SLICE_X31Y105        CARRY4 (Prop_carry4_CI_CO[3])
                                                      0.114    39.669 r  CPU_inst/C_reg[4]_i_8/CO[3]
                         net (fo=1, routed)           0.000    39.669    CPU_inst/C_reg[4]_i_8_n_0
    SLICE_X31Y106        CARRY4 (Prop_carry4_CI_CO[1])
                                                      0.157    39.826 r  CPU_inst/C_reg[4]_i_4/CO[1]
                         net (fo=22, routed)          1.318    41.144    CPU_inst/C1_carry__2_0[3]
    SLICE_X26Y101        CARRY4 (Prop_carry4_CYINIT_CO[3])
                                                      0.785    41.929 r  CPU_inst/C1__972_carry_i_25/CO[3]
                         net (fo=1, routed)           0.000    41.929    CPU_inst/C1__972_carry_i_25_n_0
    SLICE_X26Y102        CARRY4 (Prop_carry4_CI_CO[3])
                                                      0.114    42.043 r  CPU_inst/C1__972_carry__0_i_11/CO[3]
                         net (fo=1, routed)           0.000    42.043    CPU_inst/C1__972_carry__0_i_11_n_0
    SLICE_X26Y103        CARRY4 (Prop_carry4_CI_CO[3])
                                                      0.114    42.157 r  CPU_inst/C1__972_carry_i_20/CO[3]
                         net (fo=1, routed)           0.000    42.157    CPU_inst/C1__972_carry_i_20_n_0
    SLICE_X26Y104        CARRY4 (Prop_carry4_CI_CO[3])
                                                      0.114    42.271 r  CPU_inst/C1__972_carry_i_17/CO[3]
                         net (fo=1, routed)           0.000    42.271    CPU_inst/C1__972_carry_i_17_n_0
    SLICE_X26Y105        CARRY4 (Prop_carry4_CI_CO[1])
                                                      0.157    42.428 r  CPU_inst/C_reg[3]_i_4/CO[1]
                         net (fo=22, routed)          0.972    43.400    CPU_inst/C1_carry__2_0[2]
    SLICE_X25Y101        LUT5 (Prop_lut5_I1_O)        0.329    43.729 r  CPU_inst/C1__972_carry_i_29/O
                         net (fo=1, routed)           0.000    43.729    CPU_inst/C1__972_carry_i_29_n_0
    SLICE_X25Y101        CARRY4 (Prop_carry4_S[1]_CO[3])
                                                      0.550    44.279 r  CPU_inst/C1__972_carry_i_12/CO[3]
                         net (fo=1, routed)           0.000    44.279    CPU_inst/C1__972_carry_i_12_n_0
    SLICE_X25Y102        CARRY4 (Prop_carry4_CI_CO[3])
                                                      0.114    44.393 r  CPU_inst/C1__972_carry__0_i_6/CO[3]
                         net (fo=1, routed)           0.000    44.393    CPU_inst/C1__972_carry__0_i_6_n_0
    SLICE_X25Y103        CARRY4 (Prop_carry4_CI_CO[3])
                                                      0.114    44.507 r  CPU_inst/C1__972_carry__1_i_6/CO[3]
                         net (fo=1, routed)           0.000    44.507    CPU_inst/C1__972_carry__1_i_6_n_0
    SLICE_X25Y104        CARRY4 (Prop_carry4_CI_CO[3])
                                                      0.114    44.621 r  CPU_inst/C1__972_carry_i_9/CO[3]
                         net (fo=1, routed)           0.000    44.621    CPU_inst/C1__972_carry_i_9_n_0
    SLICE_X25Y105        CARRY4 (Prop_carry4_CI_CO[1])
                                                      0.157    44.778 r  CPU_inst/C1__972_carry_i_8/CO[1]
                         net (fo=22, routed)          1.169    45.947    CPU_inst/C1_carry__2_0[1]
    SLICE_X24Y101        LUT5 (Prop_lut5_I1_O)        0.329    46.276 r  CPU_inst/C1__972_carry_i_16/O
                         net (fo=1, routed)           0.000    46.276    CPU_inst/C1__972_carry_i_16_n_0
    SLICE_X24Y101        CARRY4 (Prop_carry4_S[1]_CO[3])
                                                      0.550    46.826 r  CPU_inst/C1__972_carry_i_2/CO[3]
                         net (fo=1, routed)           0.000    46.826    CPU_inst/C1__972_carry_i_2_n_0
    SLICE_X24Y102        CARRY4 (Prop_carry4_CI_CO[3])
                                                      0.114    46.940 r  CPU_inst/C1__972_carry__0_i_1/CO[3]
                         net (fo=1, routed)           0.000    46.940    CPU_inst/C1__972_carry__0_i_1_n_0
    SLICE_X24Y103        CARRY4 (Prop_carry4_CI_CO[3])
                                                      0.114    47.054 r  CPU_inst/C1__972_carry__1_i_1/CO[3]
                         net (fo=1, routed)           0.000    47.054    CPU_inst/C1__972_carry__1_i_1_n_0
    SLICE_X24Y104        CARRY4 (Prop_carry4_CI_CO[3])
                                                      0.114    47.168 r  CPU_inst/C1__972_carry__2_i_1/CO[3]
                         net (fo=1, routed)           0.000    47.168    CPU_inst/C1__972_carry__2_i_1_n_0
    SLICE_X24Y105        CARRY4 (Prop_carry4_CI_CO[1])
                                                      0.157    47.325 r  CPU_inst/C1__972_carry_i_1/CO[1]
                         net (fo=22, routed)          1.201    48.527    CPU_inst/C1_carry__2_0[0]
    SLICE_X22Y102        LUT3 (Prop_lut3_I0_O)        0.329    48.856 r  CPU_inst/C1__972_carry_i_7/O
                         net (fo=1, routed)           0.000    48.856    CPU_inst/C1__972_carry_i_7_n_0
    SLICE_X22Y102        CARRY4 (Prop_carry4_S[0]_CO[3])
                                                      0.532    49.388 r  CPU_inst/C1__972_carry/CO[3]
                         net (fo=1, routed)           0.000    49.388    CPU_inst/C1__972_carry_n_0
    SLICE_X22Y103        CARRY4 (Prop_carry4_CI_CO[3])
                                                      0.114    49.502 r  CPU_inst/C1__972_carry__0/CO[3]
                         net (fo=1, routed)           0.000    49.502    CPU_inst/C1__972_carry__0_n_0
    SLICE_X22Y104        CARRY4 (Prop_carry4_CI_CO[3])
                                                      0.114    49.616 r  CPU_inst/C1__972_carry__1/CO[3]
                         net (fo=1, routed)           0.000    49.616    CPU_inst/C1__972_carry__1_n_0
    SLICE_X22Y105        CARRY4 (Prop_carry4_CI_CO[3])
                                                      0.114    49.730 r  CPU_inst/C1__972_carry__2/CO[3]
                         net (fo=1, routed)           0.000    49.730    CPU_inst/C1__972_carry__2_n_0
    SLICE_X22Y106        CARRY4 (Prop_carry4_CI_CO[0])
                                                      0.271    50.001 f  CPU_inst/C1__972_carry__3/CO[0]
                         net (fo=2, routed)           0.593    50.594    CPU_inst/C10_in[0]
    SLICE_X21Y105        LUT1 (Prop_lut1_I0_O)        0.373    50.967 r  CPU_inst/C[4]_i_11/O
                         net (fo=1, routed)           0.538    51.505    CPU_inst/C[4]_i_11_n_0
    SLICE_X23Y105        CARRY4 (Prop_carry4_CYINIT_CO[3])
                                                      0.580    52.085 r  CPU_inst/C_reg[4]_i_5/CO[3]
                         net (fo=1, routed)           0.000    52.085    CPU_inst/C_reg[4]_i_5_n_0
    SLICE_X23Y106        CARRY4 (Prop_carry4_CI_O[1])
                                                      0.334    52.419 r  CPU_inst/C_reg[8]_i_5/O[1]
                         net (fo=1, routed)           0.571    52.990    CPU_inst/C1[6]
    SLICE_X21Y106        LUT4 (Prop_lut4_I1_O)        0.303    53.293 r  CPU_inst/C[6]_i_2/O
                         net (fo=1, routed)           0.351    53.644    CPU_inst/C[6]_i_2_n_0
    SLICE_X20Y106        LUT6 (Prop_lut6_I1_O)        0.124    53.768 r  CPU_inst/C[6]_i_1/O
                         net (fo=1, routed)           0.000    53.768    CPU_inst/C[6]
    SLICE_X20Y106        FDRE                                         r  CPU_inst/C_reg[6]/D
  -------------------------------------------------------------------    -------------------

                         (clock clk_12m rise edge)   83.333    83.333 r  
    L17                                               0.000    83.333 r  clk (IN)
                         net (fo=0)                   0.000    83.333    clk
    L17                  IBUF (Prop_ibuf_I_O)         1.406    84.739 r  clk_IBUF_inst/O
                         net (fo=1, routed)           1.868    86.607    clk_IBUF
    BUFGCTRL_X0Y0        BUFG (Prop_bufg_I_O)         0.091    86.698 r  clk_IBUF_BUFG_inst/O
                         net (fo=150, routed)         1.613    88.311    CPU_inst/CLK
    SLICE_X20Y106        FDRE                                         r  CPU_inst/C_reg[6]/C
                         clock pessimism              0.266    88.577    
                         clock uncertainty           -0.035    88.542    
    SLICE_X20Y106        FDRE (Setup_fdre_C_D)        0.029    88.571    CPU_inst/C_reg[6]
  -------------------------------------------------------------------
                         required time                         88.571    
                         arrival time                         -53.768    
  -------------------------------------------------------------------
                         slack                                 34.803    

Slack (MET) :             34.873ns  (required time - arrival time)
  Source:                 CPU_inst/B_reg[0]/C
                            (rising edge-triggered cell FDRE clocked by clk_12m  {rise@0.000ns fall@41.667ns period=83.333ns})
  Destination:            CPU_inst/C_reg[12]/D
                            (rising edge-triggered cell FDRE clocked by clk_12m  {rise@0.000ns fall@41.667ns period=83.333ns})
  Path Group:             clk_12m
  Path Type:              Setup (Max at Slow Process Corner)
  Requirement:            83.333ns  (clk_12m rise@83.333ns - clk_12m rise@0.000ns)
  Data Path Delay:        48.414ns  (logic 24.930ns (51.493%)  route 23.484ns (48.507%))
  Logic Levels:           101  (CARRY4=83 LUT1=2 LUT3=2 LUT4=1 LUT5=12 LUT6=1)
  Clock Path Skew:        -0.039ns (DCD - SCD + CPR)
    Destination Clock Delay (DCD):    4.975ns = ( 88.308 - 83.333 ) 
    Source Clock Delay      (SCD):    5.280ns
    Clock Pessimism Removal (CPR):    0.266ns
  Clock Uncertainty:      0.035ns  ((TSJ^2 + TIJ^2)^1/2 + DJ) / 2 + PE
    Total System Jitter     (TSJ):    0.071ns
    Total Input Jitter      (TIJ):    0.000ns
    Discrete Jitter          (DJ):    0.000ns
    Phase Error              (PE):    0.000ns

    Location             Delay type                Incr(ns)  Path(ns)    Netlist Resource(s)
  -------------------------------------------------------------------    -------------------
                         (clock clk_12m rise edge)    0.000     0.000 r  
    L17                                               0.000     0.000 r  clk (IN)
                         net (fo=0)                   0.000     0.000    clk
    L17                  IBUF (Prop_ibuf_I_O)         1.476     1.476 r  clk_IBUF_inst/O
                         net (fo=1, routed)           1.972     3.448    clk_IBUF
    BUFGCTRL_X0Y0        BUFG (Prop_bufg_I_O)         0.096     3.544 r  clk_IBUF_BUFG_inst/O
                         net (fo=150, routed)         1.736     5.280    CPU_inst/CLK
    SLICE_X32Y106        FDRE                                         r  CPU_inst/B_reg[0]/C
  -------------------------------------------------------------------    -------------------
    SLICE_X32Y106        FDRE (Prop_fdre_C_Q)         0.456     5.736 f  CPU_inst/B_reg[0]/Q
                         net (fo=38, routed)          1.198     6.934    CPU_inst/B_reg_n_0_[0]
    SLICE_X29Y100        LUT1 (Prop_lut1_I0_O)        0.124     7.058 r  CPU_inst/i__carry_i_1__1/O
                         net (fo=2, routed)           0.514     7.572    CPU_inst/i__carry_i_1__1_n_0
    SLICE_X29Y102        CARRY4 (Prop_carry4_CYINIT_CO[3])
                                                      0.580     8.152 r  CPU_inst/C1_carry_i_9/CO[3]
                         net (fo=1, routed)           0.000     8.152    CPU_inst/C1_carry_i_9_n_0
    SLICE_X29Y103        CARRY4 (Prop_carry4_CI_O[3])
                                                      0.313     8.465 f  CPU_inst/C1_carry__0_i_9/O[3]
                         net (fo=17, routed)          1.990    10.455    CPU_inst/C1_carry__0_i_9_n_4
    SLICE_X34Y112        LUT3 (Prop_lut3_I2_O)        0.306    10.761 r  CPU_inst/C1_carry__1_i_8/O
                         net (fo=1, routed)           0.000    10.761    CPU_inst/C1_carry__1_i_8_n_0
    SLICE_X34Y112        CARRY4 (Prop_carry4_S[0]_CO[3])
                                                      0.513    11.274 r  CPU_inst/C1_carry__1/CO[3]
                         net (fo=1, routed)           0.000    11.274    CPU_inst/C1_carry__1_n_0
    SLICE_X34Y113        CARRY4 (Prop_carry4_CI_CO[3])
                                                      0.117    11.391 r  CPU_inst/C1_carry__2/CO[3]
                         net (fo=1, routed)           0.000    11.391    CPU_inst/C1_carry__2_n_0
    SLICE_X34Y114        CARRY4 (Prop_carry4_CI_CO[0])
                                                      0.254    11.645 r  CPU_inst/C_reg[15]_i_11/CO[0]
                         net (fo=22, routed)          1.034    12.679    CPU_inst/C1_carry__2_0[14]
    SLICE_X33Y112        LUT5 (Prop_lut5_I0_O)        0.367    13.046 r  CPU_inst/C[14]_i_30/O
                         net (fo=1, routed)           0.000    13.046    CPU_inst/C[14]_i_30_n_0
    SLICE_X33Y112        CARRY4 (Prop_carry4_S[1]_CO[3])
                                                      0.550    13.596 r  CPU_inst/C_reg[14]_i_22/CO[3]
                         net (fo=1, routed)           0.000    13.596    CPU_inst/C_reg[14]_i_22_n_0
    SLICE_X33Y113        CARRY4 (Prop_carry4_CI_CO[3])
                                                      0.114    13.710 r  CPU_inst/C_reg[14]_i_17/CO[3]
                         net (fo=1, routed)           0.000    13.710    CPU_inst/C_reg[14]_i_17_n_0
    SLICE_X33Y114        CARRY4 (Prop_carry4_CI_CO[3])
                                                      0.114    13.824 r  CPU_inst/C_reg[14]_i_12/CO[3]
                         net (fo=1, routed)           0.000    13.824    CPU_inst/C_reg[14]_i_12_n_0
    SLICE_X33Y115        CARRY4 (Prop_carry4_CI_CO[3])
                                                      0.114    13.938 r  CPU_inst/C_reg[14]_i_7/CO[3]
                         net (fo=1, routed)           0.000    13.938    CPU_inst/C_reg[14]_i_7_n_0
    SLICE_X33Y116        CARRY4 (Prop_carry4_CI_CO[1])
                                                      0.157    14.095 r  CPU_inst/C_reg[14]_i_4/CO[1]
                         net (fo=22, routed)          0.818    14.913    CPU_inst/C1_carry__2_0[13]
    SLICE_X32Y112        LUT5 (Prop_lut5_I1_O)        0.329    15.242 r  CPU_inst/C[13]_i_30/O
                         net (fo=1, routed)           0.000    15.242    CPU_inst/C[13]_i_30_n_0
    SLICE_X32Y112        CARRY4 (Prop_carry4_S[1]_CO[3])
                                                      0.550    15.792 r  CPU_inst/C_reg[13]_i_22/CO[3]
                         net (fo=1, routed)           0.000    15.792    CPU_inst/C_reg[13]_i_22_n_0
    SLICE_X32Y113        CARRY4 (Prop_carry4_CI_CO[3])
                                                      0.114    15.906 r  CPU_inst/C_reg[13]_i_17/CO[3]
                         net (fo=1, routed)           0.000    15.906    CPU_inst/C_reg[13]_i_17_n_0
    SLICE_X32Y114        CARRY4 (Prop_carry4_CI_CO[3])
                                                      0.114    16.020 r  CPU_inst/C_reg[13]_i_12/CO[3]
                         net (fo=1, routed)           0.000    16.020    CPU_inst/C_reg[13]_i_12_n_0
    SLICE_X32Y115        CARRY4 (Prop_carry4_CI_CO[3])
                                                      0.114    16.134 r  CPU_inst/C_reg[13]_i_7/CO[3]
                         net (fo=1, routed)           0.000    16.134    CPU_inst/C_reg[13]_i_7_n_0
    SLICE_X32Y116        CARRY4 (Prop_carry4_CI_CO[1])
                                                      0.157    16.291 r  CPU_inst/C_reg[13]_i_4/CO[1]
                         net (fo=22, routed)          1.237    17.528    CPU_inst/C1_carry__2_0[12]
    SLICE_X31Y111        LUT5 (Prop_lut5_I1_O)        0.329    17.857 r  CPU_inst/C[12]_i_35/O
                         net (fo=1, routed)           0.000    17.857    CPU_inst/C[12]_i_35_n_0
    SLICE_X31Y111        CARRY4 (Prop_carry4_S[1]_CO[3])
                                                      0.550    18.407 r  CPU_inst/C_reg[12]_i_27/CO[3]
                         net (fo=1, routed)           0.000    18.407    CPU_inst/C_reg[12]_i_27_n_0
    SLICE_X31Y112        CARRY4 (Prop_carry4_CI_CO[3])
                                                      0.114    18.521 r  CPU_inst/C_reg[12]_i_22/CO[3]
                         net (fo=1, routed)           0.000    18.521    CPU_inst/C_reg[12]_i_22_n_0
    SLICE_X31Y113        CARRY4 (Prop_carry4_CI_CO[3])
                                                      0.114    18.635 r  CPU_inst/C_reg[12]_i_17/CO[3]
                         net (fo=1, routed)           0.000    18.635    CPU_inst/C_reg[12]_i_17_n_0
    SLICE_X31Y114        CARRY4 (Prop_carry4_CI_CO[3])
                                                      0.114    18.749 r  CPU_inst/C_reg[12]_i_8/CO[3]
                         net (fo=1, routed)           0.000    18.749    CPU_inst/C_reg[12]_i_8_n_0
    SLICE_X31Y115        CARRY4 (Prop_carry4_CI_CO[1])
                                                      0.157    18.906 r  CPU_inst/C_reg[12]_i_4/CO[1]
                         net (fo=22, routed)          0.903    19.810    CPU_inst/C1_carry__2_0[11]
    SLICE_X30Y113        LUT5 (Prop_lut5_I1_O)        0.329    20.139 r  CPU_inst/C[11]_i_30/O
                         net (fo=1, routed)           0.000    20.139    CPU_inst/C[11]_i_30_n_0
    SLICE_X30Y113        CARRY4 (Prop_carry4_S[1]_CO[3])
                                                      0.533    20.672 r  CPU_inst/C_reg[11]_i_22/CO[3]
                         net (fo=1, routed)           0.000    20.672    CPU_inst/C_reg[11]_i_22_n_0
    SLICE_X30Y114        CARRY4 (Prop_carry4_CI_CO[3])
                                                      0.117    20.789 r  CPU_inst/C_reg[11]_i_17/CO[3]
                         net (fo=1, routed)           0.000    20.789    CPU_inst/C_reg[11]_i_17_n_0
    SLICE_X30Y115        CARRY4 (Prop_carry4_CI_CO[3])
                                                      0.117    20.906 r  CPU_inst/C_reg[11]_i_12/CO[3]
                         net (fo=1, routed)           0.000    20.906    CPU_inst/C_reg[11]_i_12_n_0
    SLICE_X30Y116        CARRY4 (Prop_carry4_CI_CO[3])
                                                      0.117    21.023 r  CPU_inst/C_reg[11]_i_7/CO[3]
                         net (fo=1, routed)           0.000    21.023    CPU_inst/C_reg[11]_i_7_n_0
    SLICE_X30Y117        CARRY4 (Prop_carry4_CI_CO[1])
                                                      0.157    21.180 r  CPU_inst/C_reg[11]_i_4/CO[1]
                         net (fo=22, routed)          1.468    22.648    CPU_inst/C1_carry__2_0[10]
    SLICE_X23Y112        CARRY4 (Prop_carry4_CYINIT_CO[3])
                                                      0.788    23.436 r  CPU_inst/C_reg[10]_i_22/CO[3]
                         net (fo=1, routed)           0.000    23.436    CPU_inst/C_reg[10]_i_22_n_0
    SLICE_X23Y113        CARRY4 (Prop_carry4_CI_CO[3])
                                                      0.114    23.550 r  CPU_inst/C_reg[10]_i_17/CO[3]
                         net (fo=1, routed)           0.000    23.550    CPU_inst/C_reg[10]_i_17_n_0
    SLICE_X23Y114        CARRY4 (Prop_carry4_CI_CO[3])
                                                      0.114    23.664 r  CPU_inst/C_reg[10]_i_12/CO[3]
                         net (fo=1, routed)           0.000    23.664    CPU_inst/C_reg[10]_i_12_n_0
    SLICE_X23Y115        CARRY4 (Prop_carry4_CI_CO[3])
                                                      0.114    23.778 r  CPU_inst/C_reg[10]_i_7/CO[3]
                         net (fo=1, routed)           0.000    23.778    CPU_inst/C_reg[10]_i_7_n_0
    SLICE_X23Y116        CARRY4 (Prop_carry4_CI_CO[1])
                                                      0.157    23.935 r  CPU_inst/C_reg[10]_i_4/CO[1]
                         net (fo=22, routed)          1.283    25.218    CPU_inst/C1_carry__2_0[9]
    SLICE_X22Y111        LUT5 (Prop_lut5_I1_O)        0.329    25.547 r  CPU_inst/C[9]_i_30/O
                         net (fo=1, routed)           0.000    25.547    CPU_inst/C[9]_i_30_n_0
    SLICE_X22Y111        CARRY4 (Prop_carry4_S[1]_CO[3])
                                                      0.550    26.097 r  CPU_inst/C_reg[9]_i_22/CO[3]
                         net (fo=1, routed)           0.000    26.097    CPU_inst/C_reg[9]_i_22_n_0
    SLICE_X22Y112        CARRY4 (Prop_carry4_CI_CO[3])
                                                      0.114    26.211 r  CPU_inst/C_reg[9]_i_17/CO[3]
                         net (fo=1, routed)           0.000    26.211    CPU_inst/C_reg[9]_i_17_n_0
    SLICE_X22Y113        CARRY4 (Prop_carry4_CI_CO[3])
                                                      0.114    26.325 r  CPU_inst/C_reg[9]_i_12/CO[3]
                         net (fo=1, routed)           0.000    26.325    CPU_inst/C_reg[9]_i_12_n_0
    SLICE_X22Y114        CARRY4 (Prop_carry4_CI_CO[3])
                                                      0.114    26.439 r  CPU_inst/C_reg[9]_i_7/CO[3]
                         net (fo=1, routed)           0.000    26.439    CPU_inst/C_reg[9]_i_7_n_0
    SLICE_X22Y115        CARRY4 (Prop_carry4_CI_CO[1])
                                                      0.157    26.596 r  CPU_inst/C_reg[9]_i_4/CO[1]
                         net (fo=22, routed)          1.308    27.904    CPU_inst/C1_carry__2_0[8]
    SLICE_X24Y109        LUT5 (Prop_lut5_I1_O)        0.329    28.233 r  CPU_inst/C[8]_i_35/O
                         net (fo=1, routed)           0.000    28.233    CPU_inst/C[8]_i_35_n_0
    SLICE_X24Y109        CARRY4 (Prop_carry4_S[1]_CO[3])
                                                      0.550    28.783 r  CPU_inst/C_reg[8]_i_27/CO[3]
                         net (fo=1, routed)           0.000    28.783    CPU_inst/C_reg[8]_i_27_n_0
    SLICE_X24Y110        CARRY4 (Prop_carry4_CI_CO[3])
                                                      0.114    28.897 r  CPU_inst/C_reg[8]_i_22/CO[3]
                         net (fo=1, routed)           0.000    28.897    CPU_inst/C_reg[8]_i_22_n_0
    SLICE_X24Y111        CARRY4 (Prop_carry4_CI_CO[3])
                                                      0.114    29.011 r  CPU_inst/C_reg[8]_i_17/CO[3]
                         net (fo=1, routed)           0.000    29.011    CPU_inst/C_reg[8]_i_17_n_0
    SLICE_X24Y112        CARRY4 (Prop_carry4_CI_CO[3])
                                                      0.114    29.125 r  CPU_inst/C_reg[8]_i_8/CO[3]
                         net (fo=1, routed)           0.000    29.125    CPU_inst/C_reg[8]_i_8_n_0
    SLICE_X24Y113        CARRY4 (Prop_carry4_CI_CO[1])
                                                      0.157    29.282 r  CPU_inst/C_reg[8]_i_4/CO[1]
                         net (fo=22, routed)          1.496    30.778    CPU_inst/C1_carry__2_0[7]
    SLICE_X26Y109        LUT5 (Prop_lut5_I1_O)        0.329    31.107 r  CPU_inst/C[7]_i_35/O
                         net (fo=1, routed)           0.000    31.107    CPU_inst/C[7]_i_35_n_0
    SLICE_X26Y109        CARRY4 (Prop_carry4_S[1]_CO[3])
                                                      0.550    31.657 r  CPU_inst/C_reg[7]_i_27/CO[3]
                         net (fo=1, routed)           0.000    31.657    CPU_inst/C_reg[7]_i_27_n_0
    SLICE_X26Y110        CARRY4 (Prop_carry4_CI_CO[3])
                                                      0.114    31.771 r  CPU_inst/C_reg[7]_i_18/CO[3]
                         net (fo=1, routed)           0.000    31.771    CPU_inst/C_reg[7]_i_18_n_0
    SLICE_X26Y111        CARRY4 (Prop_carry4_CI_CO[3])
                                                      0.114    31.885 r  CPU_inst/C_reg[7]_i_12/CO[3]
                         net (fo=1, routed)           0.000    31.885    CPU_inst/C_reg[7]_i_12_n_0
    SLICE_X26Y112        CARRY4 (Prop_carry4_CI_CO[3])
                                                      0.114    31.999 r  CPU_inst/C_reg[7]_i_7/CO[3]
                         net (fo=1, routed)           0.000    31.999    CPU_inst/C_reg[7]_i_7_n_0
    SLICE_X26Y113        CARRY4 (Prop_carry4_CI_CO[1])
                                                      0.157    32.156 r  CPU_inst/C_reg[7]_i_4/CO[1]
                         net (fo=22, routed)          1.424    33.580    CPU_inst/C1_carry__2_0[6]
    SLICE_X29Y106        LUT5 (Prop_lut5_I0_O)        0.329    33.909 r  CPU_inst/C1__972_carry_i_75/O
                         net (fo=1, routed)           0.000    33.909    CPU_inst/C1__972_carry_i_75_n_0
    SLICE_X29Y106        CARRY4 (Prop_carry4_S[3]_CO[3])
                                                      0.401    34.310 r  CPU_inst/C1__972_carry_i_65/CO[3]
                         net (fo=1, routed)           0.000    34.310    CPU_inst/C1__972_carry_i_65_n_0
    SLICE_X29Y107        CARRY4 (Prop_carry4_CI_CO[3])
                                                      0.114    34.424 r  CPU_inst/C_reg[6]_i_17/CO[3]
                         net (fo=1, routed)           0.000    34.424    CPU_inst/C_reg[6]_i_17_n_0
    SLICE_X29Y108        CARRY4 (Prop_carry4_CI_CO[3])
                                                      0.114    34.538 r  CPU_inst/C_reg[6]_i_12/CO[3]
                         net (fo=1, routed)           0.000    34.538    CPU_inst/C_reg[6]_i_12_n_0
    SLICE_X29Y109        CARRY4 (Prop_carry4_CI_CO[3])
                                                      0.114    34.652 r  CPU_inst/C_reg[6]_i_7/CO[3]
                         net (fo=1, routed)           0.000    34.652    CPU_inst/C_reg[6]_i_7_n_0
    SLICE_X29Y110        CARRY4 (Prop_carry4_CI_CO[1])
                                                      0.157    34.809 r  CPU_inst/C_reg[6]_i_4/CO[1]
                         net (fo=22, routed)          1.199    36.007    CPU_inst/C1_carry__2_0[5]
    SLICE_X30Y103        LUT5 (Prop_lut5_I1_O)        0.329    36.336 r  CPU_inst/C1__972_carry_i_73/O
                         net (fo=1, routed)           0.000    36.336    CPU_inst/C1__972_carry_i_73_n_0
    SLICE_X30Y103        CARRY4 (Prop_carry4_S[1]_CO[3])
                                                      0.533    36.869 r  CPU_inst/C1__972_carry_i_56/CO[3]
                         net (fo=1, routed)           0.000    36.869    CPU_inst/C1__972_carry_i_56_n_0
    SLICE_X30Y104        CARRY4 (Prop_carry4_CI_CO[3])
                                                      0.117    36.986 r  CPU_inst/C1__972_carry_i_51/CO[3]
                         net (fo=1, routed)           0.000    36.986    CPU_inst/C1__972_carry_i_51_n_0
    SLICE_X30Y105        CARRY4 (Prop_carry4_CI_CO[3])
                                                      0.117    37.103 r  CPU_inst/C_reg[5]_i_12/CO[3]
                         net (fo=1, routed)           0.000    37.103    CPU_inst/C_reg[5]_i_12_n_0
    SLICE_X30Y106        CARRY4 (Prop_carry4_CI_CO[3])
                                                      0.117    37.220 r  CPU_inst/C_reg[5]_i_7/CO[3]
                         net (fo=1, routed)           0.000    37.220    CPU_inst/C_reg[5]_i_7_n_0
    SLICE_X30Y107        CARRY4 (Prop_carry4_CI_CO[1])
                                                      0.157    37.377 r  CPU_inst/C_reg[5]_i_4/CO[1]
                         net (fo=22, routed)          1.068    38.445    CPU_inst/C1_carry__2_0[4]
    SLICE_X31Y102        LUT5 (Prop_lut5_I1_O)        0.332    38.777 r  CPU_inst/C1__972_carry_i_64/O
                         net (fo=1, routed)           0.000    38.777    CPU_inst/C1__972_carry_i_64_n_0
    SLICE_X31Y102        CARRY4 (Prop_carry4_S[1]_CO[3])
                                                      0.550    39.327 r  CPU_inst/C1__972_carry_i_41/CO[3]
                         net (fo=1, routed)           0.000    39.327    CPU_inst/C1__972_carry_i_41_n_0
    SLICE_X31Y103        CARRY4 (Prop_carry4_CI_CO[3])
                                                      0.114    39.441 r  CPU_inst/C1__972_carry_i_36/CO[3]
                         net (fo=1, routed)           0.000    39.441    CPU_inst/C1__972_carry_i_36_n_0
    SLICE_X31Y104        CARRY4 (Prop_carry4_CI_CO[3])
                                                      0.114    39.555 r  CPU_inst/C1__972_carry_i_31/CO[3]
                         net (fo=1, routed)           0.000    39.555    CPU_inst/C1__972_carry_i_31_n_0
    SLICE_X31Y105        CARRY4 (Prop_carry4_CI_CO[3])
                                                      0.114    39.669 r  CPU_inst/C_reg[4]_i_8/CO[3]
                         net (fo=1, routed)           0.000    39.669    CPU_inst/C_reg[4]_i_8_n_0
    SLICE_X31Y106        CARRY4 (Prop_carry4_CI_CO[1])
                                                      0.157    39.826 r  CPU_inst/C_reg[4]_i_4/CO[1]
                         net (fo=22, routed)          1.318    41.144    CPU_inst/C1_carry__2_0[3]
    SLICE_X26Y101        CARRY4 (Prop_carry4_CYINIT_CO[3])
                                                      0.785    41.929 r  CPU_inst/C1__972_carry_i_25/CO[3]
                         net (fo=1, routed)           0.000    41.929    CPU_inst/C1__972_carry_i_25_n_0
    SLICE_X26Y102        CARRY4 (Prop_carry4_CI_CO[3])
                                                      0.114    42.043 r  CPU_inst/C1__972_carry__0_i_11/CO[3]
                         net (fo=1, routed)           0.000    42.043    CPU_inst/C1__972_carry__0_i_11_n_0
    SLICE_X26Y103        CARRY4 (Prop_carry4_CI_CO[3])
                                                      0.114    42.157 r  CPU_inst/C1__972_carry_i_20/CO[3]
                         net (fo=1, routed)           0.000    42.157    CPU_inst/C1__972_carry_i_20_n_0
    SLICE_X26Y104        CARRY4 (Prop_carry4_CI_CO[3])
                                                      0.114    42.271 r  CPU_inst/C1__972_carry_i_17/CO[3]
                         net (fo=1, routed)           0.000    42.271    CPU_inst/C1__972_carry_i_17_n_0
    SLICE_X26Y105        CARRY4 (Prop_carry4_CI_CO[1])
                                                      0.157    42.428 r  CPU_inst/C_reg[3]_i_4/CO[1]
                         net (fo=22, routed)          0.972    43.400    CPU_inst/C1_carry__2_0[2]
    SLICE_X25Y101        LUT5 (Prop_lut5_I1_O)        0.329    43.729 r  CPU_inst/C1__972_carry_i_29/O
                         net (fo=1, routed)           0.000    43.729    CPU_inst/C1__972_carry_i_29_n_0
    SLICE_X25Y101        CARRY4 (Prop_carry4_S[1]_CO[3])
                                                      0.550    44.279 r  CPU_inst/C1__972_carry_i_12/CO[3]
                         net (fo=1, routed)           0.000    44.279    CPU_inst/C1__972_carry_i_12_n_0
    SLICE_X25Y102        CARRY4 (Prop_carry4_CI_CO[3])
                                                      0.114    44.393 r  CPU_inst/C1__972_carry__0_i_6/CO[3]
                         net (fo=1, routed)           0.000    44.393    CPU_inst/C1__972_carry__0_i_6_n_0
    SLICE_X25Y103        CARRY4 (Prop_carry4_CI_CO[3])
                                                      0.114    44.507 r  CPU_inst/C1__972_carry__1_i_6/CO[3]
                         net (fo=1, routed)           0.000    44.507    CPU_inst/C1__972_carry__1_i_6_n_0
    SLICE_X25Y104        CARRY4 (Prop_carry4_CI_CO[3])
                                                      0.114    44.621 r  CPU_inst/C1__972_carry_i_9/CO[3]
                         net (fo=1, routed)           0.000    44.621    CPU_inst/C1__972_carry_i_9_n_0
    SLICE_X25Y105        CARRY4 (Prop_carry4_CI_CO[1])
                                                      0.157    44.778 r  CPU_inst/C1__972_carry_i_8/CO[1]
                         net (fo=22, routed)          1.169    45.947    CPU_inst/C1_carry__2_0[1]
    SLICE_X24Y101        LUT5 (Prop_lut5_I1_O)        0.329    46.276 r  CPU_inst/C1__972_carry_i_16/O
                         net (fo=1, routed)           0.000    46.276    CPU_inst/C1__972_carry_i_16_n_0
    SLICE_X24Y101        CARRY4 (Prop_carry4_S[1]_CO[3])
                                                      0.550    46.826 r  CPU_inst/C1__972_carry_i_2/CO[3]
                         net (fo=1, routed)           0.000    46.826    CPU_inst/C1__972_carry_i_2_n_0
    SLICE_X24Y102        CARRY4 (Prop_carry4_CI_CO[3])
                                                      0.114    46.940 r  CPU_inst/C1__972_carry__0_i_1/CO[3]
                         net (fo=1, routed)           0.000    46.940    CPU_inst/C1__972_carry__0_i_1_n_0
    SLICE_X24Y103        CARRY4 (Prop_carry4_CI_CO[3])
                                                      0.114    47.054 r  CPU_inst/C1__972_carry__1_i_1/CO[3]
                         net (fo=1, routed)           0.000    47.054    CPU_inst/C1__972_carry__1_i_1_n_0
    SLICE_X24Y104        CARRY4 (Prop_carry4_CI_CO[3])
                                                      0.114    47.168 r  CPU_inst/C1__972_carry__2_i_1/CO[3]
                         net (fo=1, routed)           0.000    47.168    CPU_inst/C1__972_carry__2_i_1_n_0
    SLICE_X24Y105        CARRY4 (Prop_carry4_CI_CO[1])
                                                      0.157    47.325 r  CPU_inst/C1__972_carry_i_1/CO[1]
                         net (fo=22, routed)          1.201    48.527    CPU_inst/C1_carry__2_0[0]
    SLICE_X22Y102        LUT3 (Prop_lut3_I0_O)        0.329    48.856 r  CPU_inst/C1__972_carry_i_7/O
                         net (fo=1, routed)           0.000    48.856    CPU_inst/C1__972_carry_i_7_n_0
    SLICE_X22Y102        CARRY4 (Prop_carry4_S[0]_CO[3])
                                                      0.532    49.388 r  CPU_inst/C1__972_carry/CO[3]
                         net (fo=1, routed)           0.000    49.388    CPU_inst/C1__972_carry_n_0
    SLICE_X22Y103        CARRY4 (Prop_carry4_CI_CO[3])
                                                      0.114    49.502 r  CPU_inst/C1__972_carry__0/CO[3]
                         net (fo=1, routed)           0.000    49.502    CPU_inst/C1__972_carry__0_n_0
    SLICE_X22Y104        CARRY4 (Prop_carry4_CI_CO[3])
                                                      0.114    49.616 r  CPU_inst/C1__972_carry__1/CO[3]
                         net (fo=1, routed)           0.000    49.616    CPU_inst/C1__972_carry__1_n_0
    SLICE_X22Y105        CARRY4 (Prop_carry4_CI_CO[3])
                                                      0.114    49.730 r  CPU_inst/C1__972_carry__2/CO[3]
                         net (fo=1, routed)           0.000    49.730    CPU_inst/C1__972_carry__2_n_0
    SLICE_X22Y106        CARRY4 (Prop_carry4_CI_CO[0])
                                                      0.271    50.001 f  CPU_inst/C1__972_carry__3/CO[0]
                         net (fo=2, routed)           0.593    50.594    CPU_inst/C10_in[0]
    SLICE_X21Y105        LUT1 (Prop_lut1_I0_O)        0.373    50.967 r  CPU_inst/C[4]_i_11/O
                         net (fo=1, routed)           0.538    51.505    CPU_inst/C[4]_i_11_n_0
    SLICE_X23Y105        CARRY4 (Prop_carry4_CYINIT_CO[3])
                                                      0.580    52.085 r  CPU_inst/C_reg[4]_i_5/CO[3]
                         net (fo=1, routed)           0.000    52.085    CPU_inst/C_reg[4]_i_5_n_0
    SLICE_X23Y106        CARRY4 (Prop_carry4_CI_CO[3])
                                                      0.114    52.199 r  CPU_inst/C_reg[8]_i_5/CO[3]
                         net (fo=1, routed)           0.000    52.199    CPU_inst/C_reg[8]_i_5_n_0
    SLICE_X23Y107        CARRY4 (Prop_carry4_CI_O[3])
                                                      0.313    52.512 r  CPU_inst/C_reg[12]_i_5/O[3]
                         net (fo=1, routed)           0.295    52.807    CPU_inst/C1[12]
    SLICE_X23Y109        LUT4 (Prop_lut4_I1_O)        0.306    53.113 r  CPU_inst/C[12]_i_2/O
                         net (fo=1, routed)           0.457    53.570    CPU_inst/C[12]_i_2_n_0
    SLICE_X25Y109        LUT6 (Prop_lut6_I1_O)        0.124    53.694 r  CPU_inst/C[12]_i_1/O
                         net (fo=1, routed)           0.000    53.694    CPU_inst/C[12]
    SLICE_X25Y109        FDRE                                         r  CPU_inst/C_reg[12]/D
  -------------------------------------------------------------------    -------------------

                         (clock clk_12m rise edge)   83.333    83.333 r  
    L17                                               0.000    83.333 r  clk (IN)
                         net (fo=0)                   0.000    83.333    clk
    L17                  IBUF (Prop_ibuf_I_O)         1.406    84.739 r  clk_IBUF_inst/O
                         net (fo=1, routed)           1.868    86.607    clk_IBUF
    BUFGCTRL_X0Y0        BUFG (Prop_bufg_I_O)         0.091    86.698 r  clk_IBUF_BUFG_inst/O
                         net (fo=150, routed)         1.610    88.308    CPU_inst/CLK
    SLICE_X25Y109        FDRE                                         r  CPU_inst/C_reg[12]/C
                         clock pessimism              0.266    88.574    
                         clock uncertainty           -0.035    88.539    
    SLICE_X25Y109        FDRE (Setup_fdre_C_D)        0.029    88.568    CPU_inst/C_reg[12]
  -------------------------------------------------------------------
                         required time                         88.568    
                         arrival time                         -53.694    
  -------------------------------------------------------------------
                         slack                                 34.873    

Slack (MET) :             34.952ns  (required time - arrival time)
  Source:                 CPU_inst/B_reg[0]/C
                            (rising edge-triggered cell FDRE clocked by clk_12m  {rise@0.000ns fall@41.667ns period=83.333ns})
  Destination:            CPU_inst/C_reg[7]/D
                            (rising edge-triggered cell FDRE clocked by clk_12m  {rise@0.000ns fall@41.667ns period=83.333ns})
  Path Group:             clk_12m
  Path Type:              Setup (Max at Slow Process Corner)
  Requirement:            83.333ns  (clk_12m rise@83.333ns - clk_12m rise@0.000ns)
  Data Path Delay:        48.339ns  (logic 24.738ns (51.176%)  route 23.601ns (48.824%))
  Logic Levels:           100  (CARRY4=82 LUT1=2 LUT3=2 LUT4=1 LUT5=12 LUT6=1)
  Clock Path Skew:        -0.036ns (DCD - SCD + CPR)
    Destination Clock Delay (DCD):    4.978ns = ( 88.311 - 83.333 ) 
    Source Clock Delay      (SCD):    5.280ns
    Clock Pessimism Removal (CPR):    0.266ns
  Clock Uncertainty:      0.035ns  ((TSJ^2 + TIJ^2)^1/2 + DJ) / 2 + PE
    Total System Jitter     (TSJ):    0.071ns
    Total Input Jitter      (TIJ):    0.000ns
    Discrete Jitter          (DJ):    0.000ns
    Phase Error              (PE):    0.000ns

    Location             Delay type                Incr(ns)  Path(ns)    Netlist Resource(s)
  -------------------------------------------------------------------    -------------------
                         (clock clk_12m rise edge)    0.000     0.000 r  
    L17                                               0.000     0.000 r  clk (IN)
                         net (fo=0)                   0.000     0.000    clk
    L17                  IBUF (Prop_ibuf_I_O)         1.476     1.476 r  clk_IBUF_inst/O
                         net (fo=1, routed)           1.972     3.448    clk_IBUF
    BUFGCTRL_X0Y0        BUFG (Prop_bufg_I_O)         0.096     3.544 r  clk_IBUF_BUFG_inst/O
                         net (fo=150, routed)         1.736     5.280    CPU_inst/CLK
    SLICE_X32Y106        FDRE                                         r  CPU_inst/B_reg[0]/C
  -------------------------------------------------------------------    -------------------
    SLICE_X32Y106        FDRE (Prop_fdre_C_Q)         0.456     5.736 f  CPU_inst/B_reg[0]/Q
                         net (fo=38, routed)          1.198     6.934    CPU_inst/B_reg_n_0_[0]
    SLICE_X29Y100        LUT1 (Prop_lut1_I0_O)        0.124     7.058 r  CPU_inst/i__carry_i_1__1/O
                         net (fo=2, routed)           0.514     7.572    CPU_inst/i__carry_i_1__1_n_0
    SLICE_X29Y102        CARRY4 (Prop_carry4_CYINIT_CO[3])
                                                      0.580     8.152 r  CPU_inst/C1_carry_i_9/CO[3]
                         net (fo=1, routed)           0.000     8.152    CPU_inst/C1_carry_i_9_n_0
    SLICE_X29Y103        CARRY4 (Prop_carry4_CI_O[3])
                                                      0.313     8.465 f  CPU_inst/C1_carry__0_i_9/O[3]
                         net (fo=17, routed)          1.990    10.455    CPU_inst/C1_carry__0_i_9_n_4
    SLICE_X34Y112        LUT3 (Prop_lut3_I2_O)        0.306    10.761 r  CPU_inst/C1_carry__1_i_8/O
                         net (fo=1, routed)           0.000    10.761    CPU_inst/C1_carry__1_i_8_n_0
    SLICE_X34Y112        CARRY4 (Prop_carry4_S[0]_CO[3])
                                                      0.513    11.274 r  CPU_inst/C1_carry__1/CO[3]
                         net (fo=1, routed)           0.000    11.274    CPU_inst/C1_carry__1_n_0
    SLICE_X34Y113        CARRY4 (Prop_carry4_CI_CO[3])
                                                      0.117    11.391 r  CPU_inst/C1_carry__2/CO[3]
                         net (fo=1, routed)           0.000    11.391    CPU_inst/C1_carry__2_n_0
    SLICE_X34Y114        CARRY4 (Prop_carry4_CI_CO[0])
                                                      0.254    11.645 r  CPU_inst/C_reg[15]_i_11/CO[0]
                         net (fo=22, routed)          1.034    12.679    CPU_inst/C1_carry__2_0[14]
    SLICE_X33Y112        LUT5 (Prop_lut5_I0_O)        0.367    13.046 r  CPU_inst/C[14]_i_30/O
                         net (fo=1, routed)           0.000    13.046    CPU_inst/C[14]_i_30_n_0
    SLICE_X33Y112        CARRY4 (Prop_carry4_S[1]_CO[3])
                                                      0.550    13.596 r  CPU_inst/C_reg[14]_i_22/CO[3]
                         net (fo=1, routed)           0.000    13.596    CPU_inst/C_reg[14]_i_22_n_0
    SLICE_X33Y113        CARRY4 (Prop_carry4_CI_CO[3])
                                                      0.114    13.710 r  CPU_inst/C_reg[14]_i_17/CO[3]
                         net (fo=1, routed)           0.000    13.710    CPU_inst/C_reg[14]_i_17_n_0
    SLICE_X33Y114        CARRY4 (Prop_carry4_CI_CO[3])
                                                      0.114    13.824 r  CPU_inst/C_reg[14]_i_12/CO[3]
                         net (fo=1, routed)           0.000    13.824    CPU_inst/C_reg[14]_i_12_n_0
    SLICE_X33Y115        CARRY4 (Prop_carry4_CI_CO[3])
                                                      0.114    13.938 r  CPU_inst/C_reg[14]_i_7/CO[3]
                         net (fo=1, routed)           0.000    13.938    CPU_inst/C_reg[14]_i_7_n_0
    SLICE_X33Y116        CARRY4 (Prop_carry4_CI_CO[1])
                                                      0.157    14.095 r  CPU_inst/C_reg[14]_i_4/CO[1]
                         net (fo=22, routed)          0.818    14.913    CPU_inst/C1_carry__2_0[13]
    SLICE_X32Y112        LUT5 (Prop_lut5_I1_O)        0.329    15.242 r  CPU_inst/C[13]_i_30/O
                         net (fo=1, routed)           0.000    15.242    CPU_inst/C[13]_i_30_n_0
    SLICE_X32Y112        CARRY4 (Prop_carry4_S[1]_CO[3])
                                                      0.550    15.792 r  CPU_inst/C_reg[13]_i_22/CO[3]
                         net (fo=1, routed)           0.000    15.792    CPU_inst/C_reg[13]_i_22_n_0
    SLICE_X32Y113        CARRY4 (Prop_carry4_CI_CO[3])
                                                      0.114    15.906 r  CPU_inst/C_reg[13]_i_17/CO[3]
                         net (fo=1, routed)           0.000    15.906    CPU_inst/C_reg[13]_i_17_n_0
    SLICE_X32Y114        CARRY4 (Prop_carry4_CI_CO[3])
                                                      0.114    16.020 r  CPU_inst/C_reg[13]_i_12/CO[3]
                         net (fo=1, routed)           0.000    16.020    CPU_inst/C_reg[13]_i_12_n_0
    SLICE_X32Y115        CARRY4 (Prop_carry4_CI_CO[3])
                                                      0.114    16.134 r  CPU_inst/C_reg[13]_i_7/CO[3]
                         net (fo=1, routed)           0.000    16.134    CPU_inst/C_reg[13]_i_7_n_0
    SLICE_X32Y116        CARRY4 (Prop_carry4_CI_CO[1])
                                                      0.157    16.291 r  CPU_inst/C_reg[13]_i_4/CO[1]
                         net (fo=22, routed)          1.237    17.528    CPU_inst/C1_carry__2_0[12]
    SLICE_X31Y111        LUT5 (Prop_lut5_I1_O)        0.329    17.857 r  CPU_inst/C[12]_i_35/O
                         net (fo=1, routed)           0.000    17.857    CPU_inst/C[12]_i_35_n_0
    SLICE_X31Y111        CARRY4 (Prop_carry4_S[1]_CO[3])
                                                      0.550    18.407 r  CPU_inst/C_reg[12]_i_27/CO[3]
                         net (fo=1, routed)           0.000    18.407    CPU_inst/C_reg[12]_i_27_n_0
    SLICE_X31Y112        CARRY4 (Prop_carry4_CI_CO[3])
                                                      0.114    18.521 r  CPU_inst/C_reg[12]_i_22/CO[3]
                         net (fo=1, routed)           0.000    18.521    CPU_inst/C_reg[12]_i_22_n_0
    SLICE_X31Y113        CARRY4 (Prop_carry4_CI_CO[3])
                                                      0.114    18.635 r  CPU_inst/C_reg[12]_i_17/CO[3]
                         net (fo=1, routed)           0.000    18.635    CPU_inst/C_reg[12]_i_17_n_0
    SLICE_X31Y114        CARRY4 (Prop_carry4_CI_CO[3])
                                                      0.114    18.749 r  CPU_inst/C_reg[12]_i_8/CO[3]
                         net (fo=1, routed)           0.000    18.749    CPU_inst/C_reg[12]_i_8_n_0
    SLICE_X31Y115        CARRY4 (Prop_carry4_CI_CO[1])
                                                      0.157    18.906 r  CPU_inst/C_reg[12]_i_4/CO[1]
                         net (fo=22, routed)          0.903    19.810    CPU_inst/C1_carry__2_0[11]
    SLICE_X30Y113        LUT5 (Prop_lut5_I1_O)        0.329    20.139 r  CPU_inst/C[11]_i_30/O
                         net (fo=1, routed)           0.000    20.139    CPU_inst/C[11]_i_30_n_0
    SLICE_X30Y113        CARRY4 (Prop_carry4_S[1]_CO[3])
                                                      0.533    20.672 r  CPU_inst/C_reg[11]_i_22/CO[3]
                         net (fo=1, routed)           0.000    20.672    CPU_inst/C_reg[11]_i_22_n_0
    SLICE_X30Y114        CARRY4 (Prop_carry4_CI_CO[3])
                                                      0.117    20.789 r  CPU_inst/C_reg[11]_i_17/CO[3]
                         net (fo=1, routed)           0.000    20.789    CPU_inst/C_reg[11]_i_17_n_0
    SLICE_X30Y115        CARRY4 (Prop_carry4_CI_CO[3])
                                                      0.117    20.906 r  CPU_inst/C_reg[11]_i_12/CO[3]
                         net (fo=1, routed)           0.000    20.906    CPU_inst/C_reg[11]_i_12_n_0
    SLICE_X30Y116        CARRY4 (Prop_carry4_CI_CO[3])
                                                      0.117    21.023 r  CPU_inst/C_reg[11]_i_7/CO[3]
                         net (fo=1, routed)           0.000    21.023    CPU_inst/C_reg[11]_i_7_n_0
    SLICE_X30Y117        CARRY4 (Prop_carry4_CI_CO[1])
                                                      0.157    21.180 r  CPU_inst/C_reg[11]_i_4/CO[1]
                         net (fo=22, routed)          1.468    22.648    CPU_inst/C1_carry__2_0[10]
    SLICE_X23Y112        CARRY4 (Prop_carry4_CYINIT_CO[3])
                                                      0.788    23.436 r  CPU_inst/C_reg[10]_i_22/CO[3]
                         net (fo=1, routed)           0.000    23.436    CPU_inst/C_reg[10]_i_22_n_0
    SLICE_X23Y113        CARRY4 (Prop_carry4_CI_CO[3])
                                                      0.114    23.550 r  CPU_inst/C_reg[10]_i_17/CO[3]
                         net (fo=1, routed)           0.000    23.550    CPU_inst/C_reg[10]_i_17_n_0
    SLICE_X23Y114        CARRY4 (Prop_carry4_CI_CO[3])
                                                      0.114    23.664 r  CPU_inst/C_reg[10]_i_12/CO[3]
                         net (fo=1, routed)           0.000    23.664    CPU_inst/C_reg[10]_i_12_n_0
    SLICE_X23Y115        CARRY4 (Prop_carry4_CI_CO[3])
                                                      0.114    23.778 r  CPU_inst/C_reg[10]_i_7/CO[3]
                         net (fo=1, routed)           0.000    23.778    CPU_inst/C_reg[10]_i_7_n_0
    SLICE_X23Y116        CARRY4 (Prop_carry4_CI_CO[1])
                                                      0.157    23.935 r  CPU_inst/C_reg[10]_i_4/CO[1]
                         net (fo=22, routed)          1.283    25.218    CPU_inst/C1_carry__2_0[9]
    SLICE_X22Y111        LUT5 (Prop_lut5_I1_O)        0.329    25.547 r  CPU_inst/C[9]_i_30/O
                         net (fo=1, routed)           0.000    25.547    CPU_inst/C[9]_i_30_n_0
    SLICE_X22Y111        CARRY4 (Prop_carry4_S[1]_CO[3])
                                                      0.550    26.097 r  CPU_inst/C_reg[9]_i_22/CO[3]
                         net (fo=1, routed)           0.000    26.097    CPU_inst/C_reg[9]_i_22_n_0
    SLICE_X22Y112        CARRY4 (Prop_carry4_CI_CO[3])
                                                      0.114    26.211 r  CPU_inst/C_reg[9]_i_17/CO[3]
                         net (fo=1, routed)           0.000    26.211    CPU_inst/C_reg[9]_i_17_n_0
    SLICE_X22Y113        CARRY4 (Prop_carry4_CI_CO[3])
                                                      0.114    26.325 r  CPU_inst/C_reg[9]_i_12/CO[3]
                         net (fo=1, routed)           0.000    26.325    CPU_inst/C_reg[9]_i_12_n_0
    SLICE_X22Y114        CARRY4 (Prop_carry4_CI_CO[3])
                                                      0.114    26.439 r  CPU_inst/C_reg[9]_i_7/CO[3]
                         net (fo=1, routed)           0.000    26.439    CPU_inst/C_reg[9]_i_7_n_0
    SLICE_X22Y115        CARRY4 (Prop_carry4_CI_CO[1])
                                                      0.157    26.596 r  CPU_inst/C_reg[9]_i_4/CO[1]
                         net (fo=22, routed)          1.308    27.904    CPU_inst/C1_carry__2_0[8]
    SLICE_X24Y109        LUT5 (Prop_lut5_I1_O)        0.329    28.233 r  CPU_inst/C[8]_i_35/O
                         net (fo=1, routed)           0.000    28.233    CPU_inst/C[8]_i_35_n_0
    SLICE_X24Y109        CARRY4 (Prop_carry4_S[1]_CO[3])
                                                      0.550    28.783 r  CPU_inst/C_reg[8]_i_27/CO[3]
                         net (fo=1, routed)           0.000    28.783    CPU_inst/C_reg[8]_i_27_n_0
    SLICE_X24Y110        CARRY4 (Prop_carry4_CI_CO[3])
                                                      0.114    28.897 r  CPU_inst/C_reg[8]_i_22/CO[3]
                         net (fo=1, routed)           0.000    28.897    CPU_inst/C_reg[8]_i_22_n_0
    SLICE_X24Y111        CARRY4 (Prop_carry4_CI_CO[3])
                                                      0.114    29.011 r  CPU_inst/C_reg[8]_i_17/CO[3]
                         net (fo=1, routed)           0.000    29.011    CPU_inst/C_reg[8]_i_17_n_0
    SLICE_X24Y112        CARRY4 (Prop_carry4_CI_CO[3])
                                                      0.114    29.125 r  CPU_inst/C_reg[8]_i_8/CO[3]
                         net (fo=1, routed)           0.000    29.125    CPU_inst/C_reg[8]_i_8_n_0
    SLICE_X24Y113        CARRY4 (Prop_carry4_CI_CO[1])
                                                      0.157    29.282 r  CPU_inst/C_reg[8]_i_4/CO[1]
                         net (fo=22, routed)          1.496    30.778    CPU_inst/C1_carry__2_0[7]
    SLICE_X26Y109        LUT5 (Prop_lut5_I1_O)        0.329    31.107 r  CPU_inst/C[7]_i_35/O
                         net (fo=1, routed)           0.000    31.107    CPU_inst/C[7]_i_35_n_0
    SLICE_X26Y109        CARRY4 (Prop_carry4_S[1]_CO[3])
                                                      0.550    31.657 r  CPU_inst/C_reg[7]_i_27/CO[3]
                         net (fo=1, routed)           0.000    31.657    CPU_inst/C_reg[7]_i_27_n_0
    SLICE_X26Y110        CARRY4 (Prop_carry4_CI_CO[3])
                                                      0.114    31.771 r  CPU_inst/C_reg[7]_i_18/CO[3]
                         net (fo=1, routed)           0.000    31.771    CPU_inst/C_reg[7]_i_18_n_0
    SLICE_X26Y111        CARRY4 (Prop_carry4_CI_CO[3])
                                                      0.114    31.885 r  CPU_inst/C_reg[7]_i_12/CO[3]
                         net (fo=1, routed)           0.000    31.885    CPU_inst/C_reg[7]_i_12_n_0
    SLICE_X26Y112        CARRY4 (Prop_carry4_CI_CO[3])
                                                      0.114    31.999 r  CPU_inst/C_reg[7]_i_7/CO[3]
                         net (fo=1, routed)           0.000    31.999    CPU_inst/C_reg[7]_i_7_n_0
    SLICE_X26Y113        CARRY4 (Prop_carry4_CI_CO[1])
                                                      0.157    32.156 r  CPU_inst/C_reg[7]_i_4/CO[1]
                         net (fo=22, routed)          1.424    33.580    CPU_inst/C1_carry__2_0[6]
    SLICE_X29Y106        LUT5 (Prop_lut5_I0_O)        0.329    33.909 r  CPU_inst/C1__972_carry_i_75/O
                         net (fo=1, routed)           0.000    33.909    CPU_inst/C1__972_carry_i_75_n_0
    SLICE_X29Y106        CARRY4 (Prop_carry4_S[3]_CO[3])
                                                      0.401    34.310 r  CPU_inst/C1__972_carry_i_65/CO[3]
                         net (fo=1, routed)           0.000    34.310    CPU_inst/C1__972_carry_i_65_n_0
    SLICE_X29Y107        CARRY4 (Prop_carry4_CI_CO[3])
                                                      0.114    34.424 r  CPU_inst/C_reg[6]_i_17/CO[3]
                         net (fo=1, routed)           0.000    34.424    CPU_inst/C_reg[6]_i_17_n_0
    SLICE_X29Y108        CARRY4 (Prop_carry4_CI_CO[3])
                                                      0.114    34.538 r  CPU_inst/C_reg[6]_i_12/CO[3]
                         net (fo=1, routed)           0.000    34.538    CPU_inst/C_reg[6]_i_12_n_0
    SLICE_X29Y109        CARRY4 (Prop_carry4_CI_CO[3])
                                                      0.114    34.652 r  CPU_inst/C_reg[6]_i_7/CO[3]
                         net (fo=1, routed)           0.000    34.652    CPU_inst/C_reg[6]_i_7_n_0
    SLICE_X29Y110        CARRY4 (Prop_carry4_CI_CO[1])
                                                      0.157    34.809 r  CPU_inst/C_reg[6]_i_4/CO[1]
                         net (fo=22, routed)          1.199    36.007    CPU_inst/C1_carry__2_0[5]
    SLICE_X30Y103        LUT5 (Prop_lut5_I1_O)        0.329    36.336 r  CPU_inst/C1__972_carry_i_73/O
                         net (fo=1, routed)           0.000    36.336    CPU_inst/C1__972_carry_i_73_n_0
    SLICE_X30Y103        CARRY4 (Prop_carry4_S[1]_CO[3])
                                                      0.533    36.869 r  CPU_inst/C1__972_carry_i_56/CO[3]
                         net (fo=1, routed)           0.000    36.869    CPU_inst/C1__972_carry_i_56_n_0
    SLICE_X30Y104        CARRY4 (Prop_carry4_CI_CO[3])
                                                      0.117    36.986 r  CPU_inst/C1__972_carry_i_51/CO[3]
                         net (fo=1, routed)           0.000    36.986    CPU_inst/C1__972_carry_i_51_n_0
    SLICE_X30Y105        CARRY4 (Prop_carry4_CI_CO[3])
                                                      0.117    37.103 r  CPU_inst/C_reg[5]_i_12/CO[3]
                         net (fo=1, routed)           0.000    37.103    CPU_inst/C_reg[5]_i_12_n_0
    SLICE_X30Y106        CARRY4 (Prop_carry4_CI_CO[3])
                                                      0.117    37.220 r  CPU_inst/C_reg[5]_i_7/CO[3]
                         net (fo=1, routed)           0.000    37.220    CPU_inst/C_reg[5]_i_7_n_0
    SLICE_X30Y107        CARRY4 (Prop_carry4_CI_CO[1])
                                                      0.157    37.377 r  CPU_inst/C_reg[5]_i_4/CO[1]
                         net (fo=22, routed)          1.068    38.445    CPU_inst/C1_carry__2_0[4]
    SLICE_X31Y102        LUT5 (Prop_lut5_I1_O)        0.332    38.777 r  CPU_inst/C1__972_carry_i_64/O
                         net (fo=1, routed)           0.000    38.777    CPU_inst/C1__972_carry_i_64_n_0
    SLICE_X31Y102        CARRY4 (Prop_carry4_S[1]_CO[3])
                                                      0.550    39.327 r  CPU_inst/C1__972_carry_i_41/CO[3]
                         net (fo=1, routed)           0.000    39.327    CPU_inst/C1__972_carry_i_41_n_0
    SLICE_X31Y103        CARRY4 (Prop_carry4_CI_CO[3])
                                                      0.114    39.441 r  CPU_inst/C1__972_carry_i_36/CO[3]
                         net (fo=1, routed)           0.000    39.441    CPU_inst/C1__972_carry_i_36_n_0
    SLICE_X31Y104        CARRY4 (Prop_carry4_CI_CO[3])
                                                      0.114    39.555 r  CPU_inst/C1__972_carry_i_31/CO[3]
                         net (fo=1, routed)           0.000    39.555    CPU_inst/C1__972_carry_i_31_n_0
    SLICE_X31Y105        CARRY4 (Prop_carry4_CI_CO[3])
                                                      0.114    39.669 r  CPU_inst/C_reg[4]_i_8/CO[3]
                         net (fo=1, routed)           0.000    39.669    CPU_inst/C_reg[4]_i_8_n_0
    SLICE_X31Y106        CARRY4 (Prop_carry4_CI_CO[1])
                                                      0.157    39.826 r  CPU_inst/C_reg[4]_i_4/CO[1]
                         net (fo=22, routed)          1.318    41.144    CPU_inst/C1_carry__2_0[3]
    SLICE_X26Y101        CARRY4 (Prop_carry4_CYINIT_CO[3])
                                                      0.785    41.929 r  CPU_inst/C1__972_carry_i_25/CO[3]
                         net (fo=1, routed)           0.000    41.929    CPU_inst/C1__972_carry_i_25_n_0
    SLICE_X26Y102        CARRY4 (Prop_carry4_CI_CO[3])
                                                      0.114    42.043 r  CPU_inst/C1__972_carry__0_i_11/CO[3]
                         net (fo=1, routed)           0.000    42.043    CPU_inst/C1__972_carry__0_i_11_n_0
    SLICE_X26Y103        CARRY4 (Prop_carry4_CI_CO[3])
                                                      0.114    42.157 r  CPU_inst/C1__972_carry_i_20/CO[3]
                         net (fo=1, routed)           0.000    42.157    CPU_inst/C1__972_carry_i_20_n_0
    SLICE_X26Y104        CARRY4 (Prop_carry4_CI_CO[3])
                                                      0.114    42.271 r  CPU_inst/C1__972_carry_i_17/CO[3]
                         net (fo=1, routed)           0.000    42.271    CPU_inst/C1__972_carry_i_17_n_0
    SLICE_X26Y105        CARRY4 (Prop_carry4_CI_CO[1])
                                                      0.157    42.428 r  CPU_inst/C_reg[3]_i_4/CO[1]
                         net (fo=22, routed)          0.972    43.400    CPU_inst/C1_carry__2_0[2]
    SLICE_X25Y101        LUT5 (Prop_lut5_I1_O)        0.329    43.729 r  CPU_inst/C1__972_carry_i_29/O
                         net (fo=1, routed)           0.000    43.729    CPU_inst/C1__972_carry_i_29_n_0
    SLICE_X25Y101        CARRY4 (Prop_carry4_S[1]_CO[3])
                                                      0.550    44.279 r  CPU_inst/C1__972_carry_i_12/CO[3]
                         net (fo=1, routed)           0.000    44.279    CPU_inst/C1__972_carry_i_12_n_0
    SLICE_X25Y102        CARRY4 (Prop_carry4_CI_CO[3])
                                                      0.114    44.393 r  CPU_inst/C1__972_carry__0_i_6/CO[3]
                         net (fo=1, routed)           0.000    44.393    CPU_inst/C1__972_carry__0_i_6_n_0
    SLICE_X25Y103        CARRY4 (Prop_carry4_CI_CO[3])
                                                      0.114    44.507 r  CPU_inst/C1__972_carry__1_i_6/CO[3]
                         net (fo=1, routed)           0.000    44.507    CPU_inst/C1__972_carry__1_i_6_n_0
    SLICE_X25Y104        CARRY4 (Prop_carry4_CI_CO[3])
                                                      0.114    44.621 r  CPU_inst/C1__972_carry_i_9/CO[3]
                         net (fo=1, routed)           0.000    44.621    CPU_inst/C1__972_carry_i_9_n_0
    SLICE_X25Y105        CARRY4 (Prop_carry4_CI_CO[1])
                                                      0.157    44.778 r  CPU_inst/C1__972_carry_i_8/CO[1]
                         net (fo=22, routed)          1.169    45.947    CPU_inst/C1_carry__2_0[1]
    SLICE_X24Y101        LUT5 (Prop_lut5_I1_O)        0.329    46.276 r  CPU_inst/C1__972_carry_i_16/O
                         net (fo=1, routed)           0.000    46.276    CPU_inst/C1__972_carry_i_16_n_0
    SLICE_X24Y101        CARRY4 (Prop_carry4_S[1]_CO[3])
                                                      0.550    46.826 r  CPU_inst/C1__972_carry_i_2/CO[3]
                         net (fo=1, routed)           0.000    46.826    CPU_inst/C1__972_carry_i_2_n_0
    SLICE_X24Y102        CARRY4 (Prop_carry4_CI_CO[3])
                                                      0.114    46.940 r  CPU_inst/C1__972_carry__0_i_1/CO[3]
                         net (fo=1, routed)           0.000    46.940    CPU_inst/C1__972_carry__0_i_1_n_0
    SLICE_X24Y103        CARRY4 (Prop_carry4_CI_CO[3])
                                                      0.114    47.054 r  CPU_inst/C1__972_carry__1_i_1/CO[3]
                         net (fo=1, routed)           0.000    47.054    CPU_inst/C1__972_carry__1_i_1_n_0
    SLICE_X24Y104        CARRY4 (Prop_carry4_CI_CO[3])
                                                      0.114    47.168 r  CPU_inst/C1__972_carry__2_i_1/CO[3]
                         net (fo=1, routed)           0.000    47.168    CPU_inst/C1__972_carry__2_i_1_n_0
    SLICE_X24Y105        CARRY4 (Prop_carry4_CI_CO[1])
                                                      0.157    47.325 r  CPU_inst/C1__972_carry_i_1/CO[1]
                         net (fo=22, routed)          1.201    48.527    CPU_inst/C1_carry__2_0[0]
    SLICE_X22Y102        LUT3 (Prop_lut3_I0_O)        0.329    48.856 r  CPU_inst/C1__972_carry_i_7/O
                         net (fo=1, routed)           0.000    48.856    CPU_inst/C1__972_carry_i_7_n_0
    SLICE_X22Y102        CARRY4 (Prop_carry4_S[0]_CO[3])
                                                      0.532    49.388 r  CPU_inst/C1__972_carry/CO[3]
                         net (fo=1, routed)           0.000    49.388    CPU_inst/C1__972_carry_n_0
    SLICE_X22Y103        CARRY4 (Prop_carry4_CI_CO[3])
                                                      0.114    49.502 r  CPU_inst/C1__972_carry__0/CO[3]
                         net (fo=1, routed)           0.000    49.502    CPU_inst/C1__972_carry__0_n_0
    SLICE_X22Y104        CARRY4 (Prop_carry4_CI_CO[3])
                                                      0.114    49.616 r  CPU_inst/C1__972_carry__1/CO[3]
                         net (fo=1, routed)           0.000    49.616    CPU_inst/C1__972_carry__1_n_0
    SLICE_X22Y105        CARRY4 (Prop_carry4_CI_CO[3])
                                                      0.114    49.730 r  CPU_inst/C1__972_carry__2/CO[3]
                         net (fo=1, routed)           0.000    49.730    CPU_inst/C1__972_carry__2_n_0
    SLICE_X22Y106        CARRY4 (Prop_carry4_CI_CO[0])
                                                      0.271    50.001 f  CPU_inst/C1__972_carry__3/CO[0]
                         net (fo=2, routed)           0.593    50.594    CPU_inst/C10_in[0]
    SLICE_X21Y105        LUT1 (Prop_lut1_I0_O)        0.373    50.967 r  CPU_inst/C[4]_i_11/O
                         net (fo=1, routed)           0.538    51.505    CPU_inst/C[4]_i_11_n_0
    SLICE_X23Y105        CARRY4 (Prop_carry4_CYINIT_CO[3])
                                                      0.580    52.085 r  CPU_inst/C_reg[4]_i_5/CO[3]
                         net (fo=1, routed)           0.000    52.085    CPU_inst/C_reg[4]_i_5_n_0
    SLICE_X23Y106        CARRY4 (Prop_carry4_CI_O[2])
                                                      0.239    52.324 r  CPU_inst/C_reg[8]_i_5/O[2]
                         net (fo=1, routed)           0.314    52.638    CPU_inst/C1[7]
    SLICE_X24Y106        LUT4 (Prop_lut4_I1_O)        0.302    52.940 r  CPU_inst/C[7]_i_2/O
                         net (fo=1, routed)           0.555    53.495    CPU_inst/C[7]_i_2_n_0
    SLICE_X21Y106        LUT6 (Prop_lut6_I1_O)        0.124    53.619 r  CPU_inst/C[7]_i_1/O
                         net (fo=1, routed)           0.000    53.619    CPU_inst/C[7]
    SLICE_X21Y106        FDRE                                         r  CPU_inst/C_reg[7]/D
  -------------------------------------------------------------------    -------------------

                         (clock clk_12m rise edge)   83.333    83.333 r  
    L17                                               0.000    83.333 r  clk (IN)
                         net (fo=0)                   0.000    83.333    clk
    L17                  IBUF (Prop_ibuf_I_O)         1.406    84.739 r  clk_IBUF_inst/O
                         net (fo=1, routed)           1.868    86.607    clk_IBUF
    BUFGCTRL_X0Y0        BUFG (Prop_bufg_I_O)         0.091    86.698 r  clk_IBUF_BUFG_inst/O
                         net (fo=150, routed)         1.613    88.311    CPU_inst/CLK
    SLICE_X21Y106        FDRE                                         r  CPU_inst/C_reg[7]/C
                         clock pessimism              0.266    88.577    
                         clock uncertainty           -0.035    88.542    
    SLICE_X21Y106        FDRE (Setup_fdre_C_D)        0.029    88.571    CPU_inst/C_reg[7]
  -------------------------------------------------------------------
                         required time                         88.571    
                         arrival time                         -53.619    
  -------------------------------------------------------------------
                         slack                                 34.952    

Slack (MET) :             35.001ns  (required time - arrival time)
  Source:                 CPU_inst/B_reg[0]/C
                            (rising edge-triggered cell FDRE clocked by clk_12m  {rise@0.000ns fall@41.667ns period=83.333ns})
  Destination:            CPU_inst/C_reg[4]/D
                            (rising edge-triggered cell FDRE clocked by clk_12m  {rise@0.000ns fall@41.667ns period=83.333ns})
  Path Group:             clk_12m
  Path Type:              Setup (Max at Slow Process Corner)
  Requirement:            83.333ns  (clk_12m rise@83.333ns - clk_12m rise@0.000ns)
  Data Path Delay:        48.290ns  (logic 24.565ns (50.870%)  route 23.725ns (49.130%))
  Logic Levels:           99  (CARRY4=81 LUT1=2 LUT3=2 LUT4=1 LUT5=12 LUT6=1)
  Clock Path Skew:        -0.036ns (DCD - SCD + CPR)
    Destination Clock Delay (DCD):    4.978ns = ( 88.311 - 83.333 ) 
    Source Clock Delay      (SCD):    5.280ns
    Clock Pessimism Removal (CPR):    0.266ns
  Clock Uncertainty:      0.035ns  ((TSJ^2 + TIJ^2)^1/2 + DJ) / 2 + PE
    Total System Jitter     (TSJ):    0.071ns
    Total Input Jitter      (TIJ):    0.000ns
    Discrete Jitter          (DJ):    0.000ns
    Phase Error              (PE):    0.000ns

    Location             Delay type                Incr(ns)  Path(ns)    Netlist Resource(s)
  -------------------------------------------------------------------    -------------------
                         (clock clk_12m rise edge)    0.000     0.000 r  
    L17                                               0.000     0.000 r  clk (IN)
                         net (fo=0)                   0.000     0.000    clk
    L17                  IBUF (Prop_ibuf_I_O)         1.476     1.476 r  clk_IBUF_inst/O
                         net (fo=1, routed)           1.972     3.448    clk_IBUF
    BUFGCTRL_X0Y0        BUFG (Prop_bufg_I_O)         0.096     3.544 r  clk_IBUF_BUFG_inst/O
                         net (fo=150, routed)         1.736     5.280    CPU_inst/CLK
    SLICE_X32Y106        FDRE                                         r  CPU_inst/B_reg[0]/C
  -------------------------------------------------------------------    -------------------
    SLICE_X32Y106        FDRE (Prop_fdre_C_Q)         0.456     5.736 f  CPU_inst/B_reg[0]/Q
                         net (fo=38, routed)          1.198     6.934    CPU_inst/B_reg_n_0_[0]
    SLICE_X29Y100        LUT1 (Prop_lut1_I0_O)        0.124     7.058 r  CPU_inst/i__carry_i_1__1/O
                         net (fo=2, routed)           0.514     7.572    CPU_inst/i__carry_i_1__1_n_0
    SLICE_X29Y102        CARRY4 (Prop_carry4_CYINIT_CO[3])
                                                      0.580     8.152 r  CPU_inst/C1_carry_i_9/CO[3]
                         net (fo=1, routed)           0.000     8.152    CPU_inst/C1_carry_i_9_n_0
    SLICE_X29Y103        CARRY4 (Prop_carry4_CI_O[3])
                                                      0.313     8.465 f  CPU_inst/C1_carry__0_i_9/O[3]
                         net (fo=17, routed)          1.990    10.455    CPU_inst/C1_carry__0_i_9_n_4
    SLICE_X34Y112        LUT3 (Prop_lut3_I2_O)        0.306    10.761 r  CPU_inst/C1_carry__1_i_8/O
                         net (fo=1, routed)           0.000    10.761    CPU_inst/C1_carry__1_i_8_n_0
    SLICE_X34Y112        CARRY4 (Prop_carry4_S[0]_CO[3])
                                                      0.513    11.274 r  CPU_inst/C1_carry__1/CO[3]
                         net (fo=1, routed)           0.000    11.274    CPU_inst/C1_carry__1_n_0
    SLICE_X34Y113        CARRY4 (Prop_carry4_CI_CO[3])
                                                      0.117    11.391 r  CPU_inst/C1_carry__2/CO[3]
                         net (fo=1, routed)           0.000    11.391    CPU_inst/C1_carry__2_n_0
    SLICE_X34Y114        CARRY4 (Prop_carry4_CI_CO[0])
                                                      0.254    11.645 r  CPU_inst/C_reg[15]_i_11/CO[0]
                         net (fo=22, routed)          1.034    12.679    CPU_inst/C1_carry__2_0[14]
    SLICE_X33Y112        LUT5 (Prop_lut5_I0_O)        0.367    13.046 r  CPU_inst/C[14]_i_30/O
                         net (fo=1, routed)           0.000    13.046    CPU_inst/C[14]_i_30_n_0
    SLICE_X33Y112        CARRY4 (Prop_carry4_S[1]_CO[3])
                                                      0.550    13.596 r  CPU_inst/C_reg[14]_i_22/CO[3]
                         net (fo=1, routed)           0.000    13.596    CPU_inst/C_reg[14]_i_22_n_0
    SLICE_X33Y113        CARRY4 (Prop_carry4_CI_CO[3])
                                                      0.114    13.710 r  CPU_inst/C_reg[14]_i_17/CO[3]
                         net (fo=1, routed)           0.000    13.710    CPU_inst/C_reg[14]_i_17_n_0
    SLICE_X33Y114        CARRY4 (Prop_carry4_CI_CO[3])
                                                      0.114    13.824 r  CPU_inst/C_reg[14]_i_12/CO[3]
                         net (fo=1, routed)           0.000    13.824    CPU_inst/C_reg[14]_i_12_n_0
    SLICE_X33Y115        CARRY4 (Prop_carry4_CI_CO[3])
                                                      0.114    13.938 r  CPU_inst/C_reg[14]_i_7/CO[3]
                         net (fo=1, routed)           0.000    13.938    CPU_inst/C_reg[14]_i_7_n_0
    SLICE_X33Y116        CARRY4 (Prop_carry4_CI_CO[1])
                                                      0.157    14.095 r  CPU_inst/C_reg[14]_i_4/CO[1]
                         net (fo=22, routed)          0.818    14.913    CPU_inst/C1_carry__2_0[13]
    SLICE_X32Y112        LUT5 (Prop_lut5_I1_O)        0.329    15.242 r  CPU_inst/C[13]_i_30/O
                         net (fo=1, routed)           0.000    15.242    CPU_inst/C[13]_i_30_n_0
    SLICE_X32Y112        CARRY4 (Prop_carry4_S[1]_CO[3])
                                                      0.550    15.792 r  CPU_inst/C_reg[13]_i_22/CO[3]
                         net (fo=1, routed)           0.000    15.792    CPU_inst/C_reg[13]_i_22_n_0
    SLICE_X32Y113        CARRY4 (Prop_carry4_CI_CO[3])
                                                      0.114    15.906 r  CPU_inst/C_reg[13]_i_17/CO[3]
                         net (fo=1, routed)           0.000    15.906    CPU_inst/C_reg[13]_i_17_n_0
    SLICE_X32Y114        CARRY4 (Prop_carry4_CI_CO[3])
                                                      0.114    16.020 r  CPU_inst/C_reg[13]_i_12/CO[3]
                         net (fo=1, routed)           0.000    16.020    CPU_inst/C_reg[13]_i_12_n_0
    SLICE_X32Y115        CARRY4 (Prop_carry4_CI_CO[3])
                                                      0.114    16.134 r  CPU_inst/C_reg[13]_i_7/CO[3]
                         net (fo=1, routed)           0.000    16.134    CPU_inst/C_reg[13]_i_7_n_0
    SLICE_X32Y116        CARRY4 (Prop_carry4_CI_CO[1])
                                                      0.157    16.291 r  CPU_inst/C_reg[13]_i_4/CO[1]
                         net (fo=22, routed)          1.237    17.528    CPU_inst/C1_carry__2_0[12]
    SLICE_X31Y111        LUT5 (Prop_lut5_I1_O)        0.329    17.857 r  CPU_inst/C[12]_i_35/O
                         net (fo=1, routed)           0.000    17.857    CPU_inst/C[12]_i_35_n_0
    SLICE_X31Y111        CARRY4 (Prop_carry4_S[1]_CO[3])
                                                      0.550    18.407 r  CPU_inst/C_reg[12]_i_27/CO[3]
                         net (fo=1, routed)           0.000    18.407    CPU_inst/C_reg[12]_i_27_n_0
    SLICE_X31Y112        CARRY4 (Prop_carry4_CI_CO[3])
                                                      0.114    18.521 r  CPU_inst/C_reg[12]_i_22/CO[3]
                         net (fo=1, routed)           0.000    18.521    CPU_inst/C_reg[12]_i_22_n_0
    SLICE_X31Y113        CARRY4 (Prop_carry4_CI_CO[3])
                                                      0.114    18.635 r  CPU_inst/C_reg[12]_i_17/CO[3]
                         net (fo=1, routed)           0.000    18.635    CPU_inst/C_reg[12]_i_17_n_0
    SLICE_X31Y114        CARRY4 (Prop_carry4_CI_CO[3])
                                                      0.114    18.749 r  CPU_inst/C_reg[12]_i_8/CO[3]
                         net (fo=1, routed)           0.000    18.749    CPU_inst/C_reg[12]_i_8_n_0
    SLICE_X31Y115        CARRY4 (Prop_carry4_CI_CO[1])
                                                      0.157    18.906 r  CPU_inst/C_reg[12]_i_4/CO[1]
                         net (fo=22, routed)          0.903    19.810    CPU_inst/C1_carry__2_0[11]
    SLICE_X30Y113        LUT5 (Prop_lut5_I1_O)        0.329    20.139 r  CPU_inst/C[11]_i_30/O
                         net (fo=1, routed)           0.000    20.139    CPU_inst/C[11]_i_30_n_0
    SLICE_X30Y113        CARRY4 (Prop_carry4_S[1]_CO[3])
                                                      0.533    20.672 r  CPU_inst/C_reg[11]_i_22/CO[3]
                         net (fo=1, routed)           0.000    20.672    CPU_inst/C_reg[11]_i_22_n_0
    SLICE_X30Y114        CARRY4 (Prop_carry4_CI_CO[3])
                                                      0.117    20.789 r  CPU_inst/C_reg[11]_i_17/CO[3]
                         net (fo=1, routed)           0.000    20.789    CPU_inst/C_reg[11]_i_17_n_0
    SLICE_X30Y115        CARRY4 (Prop_carry4_CI_CO[3])
                                                      0.117    20.906 r  CPU_inst/C_reg[11]_i_12/CO[3]
                         net (fo=1, routed)           0.000    20.906    CPU_inst/C_reg[11]_i_12_n_0
    SLICE_X30Y116        CARRY4 (Prop_carry4_CI_CO[3])
                                                      0.117    21.023 r  CPU_inst/C_reg[11]_i_7/CO[3]
                         net (fo=1, routed)           0.000    21.023    CPU_inst/C_reg[11]_i_7_n_0
    SLICE_X30Y117        CARRY4 (Prop_carry4_CI_CO[1])
                                                      0.157    21.180 r  CPU_inst/C_reg[11]_i_4/CO[1]
                         net (fo=22, routed)          1.468    22.648    CPU_inst/C1_carry__2_0[10]
    SLICE_X23Y112        CARRY4 (Prop_carry4_CYINIT_CO[3])
                                                      0.788    23.436 r  CPU_inst/C_reg[10]_i_22/CO[3]
                         net (fo=1, routed)           0.000    23.436    CPU_inst/C_reg[10]_i_22_n_0
    SLICE_X23Y113        CARRY4 (Prop_carry4_CI_CO[3])
                                                      0.114    23.550 r  CPU_inst/C_reg[10]_i_17/CO[3]
                         net (fo=1, routed)           0.000    23.550    CPU_inst/C_reg[10]_i_17_n_0
    SLICE_X23Y114        CARRY4 (Prop_carry4_CI_CO[3])
                                                      0.114    23.664 r  CPU_inst/C_reg[10]_i_12/CO[3]
                         net (fo=1, routed)           0.000    23.664    CPU_inst/C_reg[10]_i_12_n_0
    SLICE_X23Y115        CARRY4 (Prop_carry4_CI_CO[3])
                                                      0.114    23.778 r  CPU_inst/C_reg[10]_i_7/CO[3]
                         net (fo=1, routed)           0.000    23.778    CPU_inst/C_reg[10]_i_7_n_0
    SLICE_X23Y116        CARRY4 (Prop_carry4_CI_CO[1])
                                                      0.157    23.935 r  CPU_inst/C_reg[10]_i_4/CO[1]
                         net (fo=22, routed)          1.283    25.218    CPU_inst/C1_carry__2_0[9]
    SLICE_X22Y111        LUT5 (Prop_lut5_I1_O)        0.329    25.547 r  CPU_inst/C[9]_i_30/O
                         net (fo=1, routed)           0.000    25.547    CPU_inst/C[9]_i_30_n_0
    SLICE_X22Y111        CARRY4 (Prop_carry4_S[1]_CO[3])
                                                      0.550    26.097 r  CPU_inst/C_reg[9]_i_22/CO[3]
                         net (fo=1, routed)           0.000    26.097    CPU_inst/C_reg[9]_i_22_n_0
    SLICE_X22Y112        CARRY4 (Prop_carry4_CI_CO[3])
                                                      0.114    26.211 r  CPU_inst/C_reg[9]_i_17/CO[3]
                         net (fo=1, routed)           0.000    26.211    CPU_inst/C_reg[9]_i_17_n_0
    SLICE_X22Y113        CARRY4 (Prop_carry4_CI_CO[3])
                                                      0.114    26.325 r  CPU_inst/C_reg[9]_i_12/CO[3]
                         net (fo=1, routed)           0.000    26.325    CPU_inst/C_reg[9]_i_12_n_0
    SLICE_X22Y114        CARRY4 (Prop_carry4_CI_CO[3])
                                                      0.114    26.439 r  CPU_inst/C_reg[9]_i_7/CO[3]
                         net (fo=1, routed)           0.000    26.439    CPU_inst/C_reg[9]_i_7_n_0
    SLICE_X22Y115        CARRY4 (Prop_carry4_CI_CO[1])
                                                      0.157    26.596 r  CPU_inst/C_reg[9]_i_4/CO[1]
                         net (fo=22, routed)          1.308    27.904    CPU_inst/C1_carry__2_0[8]
    SLICE_X24Y109        LUT5 (Prop_lut5_I1_O)        0.329    28.233 r  CPU_inst/C[8]_i_35/O
                         net (fo=1, routed)           0.000    28.233    CPU_inst/C[8]_i_35_n_0
    SLICE_X24Y109        CARRY4 (Prop_carry4_S[1]_CO[3])
                                                      0.550    28.783 r  CPU_inst/C_reg[8]_i_27/CO[3]
                         net (fo=1, routed)           0.000    28.783    CPU_inst/C_reg[8]_i_27_n_0
    SLICE_X24Y110        CARRY4 (Prop_carry4_CI_CO[3])
                                                      0.114    28.897 r  CPU_inst/C_reg[8]_i_22/CO[3]
                         net (fo=1, routed)           0.000    28.897    CPU_inst/C_reg[8]_i_22_n_0
    SLICE_X24Y111        CARRY4 (Prop_carry4_CI_CO[3])
                                                      0.114    29.011 r  CPU_inst/C_reg[8]_i_17/CO[3]
                         net (fo=1, routed)           0.000    29.011    CPU_inst/C_reg[8]_i_17_n_0
    SLICE_X24Y112        CARRY4 (Prop_carry4_CI_CO[3])
                                                      0.114    29.125 r  CPU_inst/C_reg[8]_i_8/CO[3]
                         net (fo=1, routed)           0.000    29.125    CPU_inst/C_reg[8]_i_8_n_0
    SLICE_X24Y113        CARRY4 (Prop_carry4_CI_CO[1])
                                                      0.157    29.282 r  CPU_inst/C_reg[8]_i_4/CO[1]
                         net (fo=22, routed)          1.496    30.778    CPU_inst/C1_carry__2_0[7]
    SLICE_X26Y109        LUT5 (Prop_lut5_I1_O)        0.329    31.107 r  CPU_inst/C[7]_i_35/O
                         net (fo=1, routed)           0.000    31.107    CPU_inst/C[7]_i_35_n_0
    SLICE_X26Y109        CARRY4 (Prop_carry4_S[1]_CO[3])
                                                      0.550    31.657 r  CPU_inst/C_reg[7]_i_27/CO[3]
                         net (fo=1, routed)           0.000    31.657    CPU_inst/C_reg[7]_i_27_n_0
    SLICE_X26Y110        CARRY4 (Prop_carry4_CI_CO[3])
                                                      0.114    31.771 r  CPU_inst/C_reg[7]_i_18/CO[3]
                         net (fo=1, routed)           0.000    31.771    CPU_inst/C_reg[7]_i_18_n_0
    SLICE_X26Y111        CARRY4 (Prop_carry4_CI_CO[3])
                                                      0.114    31.885 r  CPU_inst/C_reg[7]_i_12/CO[3]
                         net (fo=1, routed)           0.000    31.885    CPU_inst/C_reg[7]_i_12_n_0
    SLICE_X26Y112        CARRY4 (Prop_carry4_CI_CO[3])
                                                      0.114    31.999 r  CPU_inst/C_reg[7]_i_7/CO[3]
                         net (fo=1, routed)           0.000    31.999    CPU_inst/C_reg[7]_i_7_n_0
    SLICE_X26Y113        CARRY4 (Prop_carry4_CI_CO[1])
                                                      0.157    32.156 r  CPU_inst/C_reg[7]_i_4/CO[1]
                         net (fo=22, routed)          1.424    33.580    CPU_inst/C1_carry__2_0[6]
    SLICE_X29Y106        LUT5 (Prop_lut5_I0_O)        0.329    33.909 r  CPU_inst/C1__972_carry_i_75/O
                         net (fo=1, routed)           0.000    33.909    CPU_inst/C1__972_carry_i_75_n_0
    SLICE_X29Y106        CARRY4 (Prop_carry4_S[3]_CO[3])
                                                      0.401    34.310 r  CPU_inst/C1__972_carry_i_65/CO[3]
                         net (fo=1, routed)           0.000    34.310    CPU_inst/C1__972_carry_i_65_n_0
    SLICE_X29Y107        CARRY4 (Prop_carry4_CI_CO[3])
                                                      0.114    34.424 r  CPU_inst/C_reg[6]_i_17/CO[3]
                         net (fo=1, routed)           0.000    34.424    CPU_inst/C_reg[6]_i_17_n_0
    SLICE_X29Y108        CARRY4 (Prop_carry4_CI_CO[3])
                                                      0.114    34.538 r  CPU_inst/C_reg[6]_i_12/CO[3]
                         net (fo=1, routed)           0.000    34.538    CPU_inst/C_reg[6]_i_12_n_0
    SLICE_X29Y109        CARRY4 (Prop_carry4_CI_CO[3])
                                                      0.114    34.652 r  CPU_inst/C_reg[6]_i_7/CO[3]
                         net (fo=1, routed)           0.000    34.652    CPU_inst/C_reg[6]_i_7_n_0
    SLICE_X29Y110        CARRY4 (Prop_carry4_CI_CO[1])
                                                      0.157    34.809 r  CPU_inst/C_reg[6]_i_4/CO[1]
                         net (fo=22, routed)          1.199    36.007    CPU_inst/C1_carry__2_0[5]
    SLICE_X30Y103        LUT5 (Prop_lut5_I1_O)        0.329    36.336 r  CPU_inst/C1__972_carry_i_73/O
                         net (fo=1, routed)           0.000    36.336    CPU_inst/C1__972_carry_i_73_n_0
    SLICE_X30Y103        CARRY4 (Prop_carry4_S[1]_CO[3])
                                                      0.533    36.869 r  CPU_inst/C1__972_carry_i_56/CO[3]
                         net (fo=1, routed)           0.000    36.869    CPU_inst/C1__972_carry_i_56_n_0
    SLICE_X30Y104        CARRY4 (Prop_carry4_CI_CO[3])
                                                      0.117    36.986 r  CPU_inst/C1__972_carry_i_51/CO[3]
                         net (fo=1, routed)           0.000    36.986    CPU_inst/C1__972_carry_i_51_n_0
    SLICE_X30Y105        CARRY4 (Prop_carry4_CI_CO[3])
                                                      0.117    37.103 r  CPU_inst/C_reg[5]_i_12/CO[3]
                         net (fo=1, routed)           0.000    37.103    CPU_inst/C_reg[5]_i_12_n_0
    SLICE_X30Y106        CARRY4 (Prop_carry4_CI_CO[3])
                                                      0.117    37.220 r  CPU_inst/C_reg[5]_i_7/CO[3]
                         net (fo=1, routed)           0.000    37.220    CPU_inst/C_reg[5]_i_7_n_0
    SLICE_X30Y107        CARRY4 (Prop_carry4_CI_CO[1])
                                                      0.157    37.377 r  CPU_inst/C_reg[5]_i_4/CO[1]
                         net (fo=22, routed)          1.068    38.445    CPU_inst/C1_carry__2_0[4]
    SLICE_X31Y102        LUT5 (Prop_lut5_I1_O)        0.332    38.777 r  CPU_inst/C1__972_carry_i_64/O
                         net (fo=1, routed)           0.000    38.777    CPU_inst/C1__972_carry_i_64_n_0
    SLICE_X31Y102        CARRY4 (Prop_carry4_S[1]_CO[3])
                                                      0.550    39.327 r  CPU_inst/C1__972_carry_i_41/CO[3]
                         net (fo=1, routed)           0.000    39.327    CPU_inst/C1__972_carry_i_41_n_0
    SLICE_X31Y103        CARRY4 (Prop_carry4_CI_CO[3])
                                                      0.114    39.441 r  CPU_inst/C1__972_carry_i_36/CO[3]
                         net (fo=1, routed)           0.000    39.441    CPU_inst/C1__972_carry_i_36_n_0
    SLICE_X31Y104        CARRY4 (Prop_carry4_CI_CO[3])
                                                      0.114    39.555 r  CPU_inst/C1__972_carry_i_31/CO[3]
                         net (fo=1, routed)           0.000    39.555    CPU_inst/C1__972_carry_i_31_n_0
    SLICE_X31Y105        CARRY4 (Prop_carry4_CI_CO[3])
                                                      0.114    39.669 r  CPU_inst/C_reg[4]_i_8/CO[3]
                         net (fo=1, routed)           0.000    39.669    CPU_inst/C_reg[4]_i_8_n_0
    SLICE_X31Y106        CARRY4 (Prop_carry4_CI_CO[1])
                                                      0.157    39.826 r  CPU_inst/C_reg[4]_i_4/CO[1]
                         net (fo=22, routed)          1.318    41.144    CPU_inst/C1_carry__2_0[3]
    SLICE_X26Y101        CARRY4 (Prop_carry4_CYINIT_CO[3])
                                                      0.785    41.929 r  CPU_inst/C1__972_carry_i_25/CO[3]
                         net (fo=1, routed)           0.000    41.929    CPU_inst/C1__972_carry_i_25_n_0
    SLICE_X26Y102        CARRY4 (Prop_carry4_CI_CO[3])
                                                      0.114    42.043 r  CPU_inst/C1__972_carry__0_i_11/CO[3]
                         net (fo=1, routed)           0.000    42.043    CPU_inst/C1__972_carry__0_i_11_n_0
    SLICE_X26Y103        CARRY4 (Prop_carry4_CI_CO[3])
                                                      0.114    42.157 r  CPU_inst/C1__972_carry_i_20/CO[3]
                         net (fo=1, routed)           0.000    42.157    CPU_inst/C1__972_carry_i_20_n_0
    SLICE_X26Y104        CARRY4 (Prop_carry4_CI_CO[3])
                                                      0.114    42.271 r  CPU_inst/C1__972_carry_i_17/CO[3]
                         net (fo=1, routed)           0.000    42.271    CPU_inst/C1__972_carry_i_17_n_0
    SLICE_X26Y105        CARRY4 (Prop_carry4_CI_CO[1])
                                                      0.157    42.428 r  CPU_inst/C_reg[3]_i_4/CO[1]
                         net (fo=22, routed)          0.972    43.400    CPU_inst/C1_carry__2_0[2]
    SLICE_X25Y101        LUT5 (Prop_lut5_I1_O)        0.329    43.729 r  CPU_inst/C1__972_carry_i_29/O
                         net (fo=1, routed)           0.000    43.729    CPU_inst/C1__972_carry_i_29_n_0
    SLICE_X25Y101        CARRY4 (Prop_carry4_S[1]_CO[3])
                                                      0.550    44.279 r  CPU_inst/C1__972_carry_i_12/CO[3]
                         net (fo=1, routed)           0.000    44.279    CPU_inst/C1__972_carry_i_12_n_0
    SLICE_X25Y102        CARRY4 (Prop_carry4_CI_CO[3])
                                                      0.114    44.393 r  CPU_inst/C1__972_carry__0_i_6/CO[3]
                         net (fo=1, routed)           0.000    44.393    CPU_inst/C1__972_carry__0_i_6_n_0
    SLICE_X25Y103        CARRY4 (Prop_carry4_CI_CO[3])
                                                      0.114    44.507 r  CPU_inst/C1__972_carry__1_i_6/CO[3]
                         net (fo=1, routed)           0.000    44.507    CPU_inst/C1__972_carry__1_i_6_n_0
    SLICE_X25Y104        CARRY4 (Prop_carry4_CI_CO[3])
                                                      0.114    44.621 r  CPU_inst/C1__972_carry_i_9/CO[3]
                         net (fo=1, routed)           0.000    44.621    CPU_inst/C1__972_carry_i_9_n_0
    SLICE_X25Y105        CARRY4 (Prop_carry4_CI_CO[1])
                                                      0.157    44.778 r  CPU_inst/C1__972_carry_i_8/CO[1]
                         net (fo=22, routed)          1.169    45.947    CPU_inst/C1_carry__2_0[1]
    SLICE_X24Y101        LUT5 (Prop_lut5_I1_O)        0.329    46.276 r  CPU_inst/C1__972_carry_i_16/O
                         net (fo=1, routed)           0.000    46.276    CPU_inst/C1__972_carry_i_16_n_0
    SLICE_X24Y101        CARRY4 (Prop_carry4_S[1]_CO[3])
                                                      0.550    46.826 r  CPU_inst/C1__972_carry_i_2/CO[3]
                         net (fo=1, routed)           0.000    46.826    CPU_inst/C1__972_carry_i_2_n_0
    SLICE_X24Y102        CARRY4 (Prop_carry4_CI_CO[3])
                                                      0.114    46.940 r  CPU_inst/C1__972_carry__0_i_1/CO[3]
                         net (fo=1, routed)           0.000    46.940    CPU_inst/C1__972_carry__0_i_1_n_0
    SLICE_X24Y103        CARRY4 (Prop_carry4_CI_CO[3])
                                                      0.114    47.054 r  CPU_inst/C1__972_carry__1_i_1/CO[3]
                         net (fo=1, routed)           0.000    47.054    CPU_inst/C1__972_carry__1_i_1_n_0
    SLICE_X24Y104        CARRY4 (Prop_carry4_CI_CO[3])
                                                      0.114    47.168 r  CPU_inst/C1__972_carry__2_i_1/CO[3]
                         net (fo=1, routed)           0.000    47.168    CPU_inst/C1__972_carry__2_i_1_n_0
    SLICE_X24Y105        CARRY4 (Prop_carry4_CI_CO[1])
                                                      0.157    47.325 r  CPU_inst/C1__972_carry_i_1/CO[1]
                         net (fo=22, routed)          1.201    48.527    CPU_inst/C1_carry__2_0[0]
    SLICE_X22Y102        LUT3 (Prop_lut3_I0_O)        0.329    48.856 r  CPU_inst/C1__972_carry_i_7/O
                         net (fo=1, routed)           0.000    48.856    CPU_inst/C1__972_carry_i_7_n_0
    SLICE_X22Y102        CARRY4 (Prop_carry4_S[0]_CO[3])
                                                      0.532    49.388 r  CPU_inst/C1__972_carry/CO[3]
                         net (fo=1, routed)           0.000    49.388    CPU_inst/C1__972_carry_n_0
    SLICE_X22Y103        CARRY4 (Prop_carry4_CI_CO[3])
                                                      0.114    49.502 r  CPU_inst/C1__972_carry__0/CO[3]
                         net (fo=1, routed)           0.000    49.502    CPU_inst/C1__972_carry__0_n_0
    SLICE_X22Y104        CARRY4 (Prop_carry4_CI_CO[3])
                                                      0.114    49.616 r  CPU_inst/C1__972_carry__1/CO[3]
                         net (fo=1, routed)           0.000    49.616    CPU_inst/C1__972_carry__1_n_0
    SLICE_X22Y105        CARRY4 (Prop_carry4_CI_CO[3])
                                                      0.114    49.730 r  CPU_inst/C1__972_carry__2/CO[3]
                         net (fo=1, routed)           0.000    49.730    CPU_inst/C1__972_carry__2_n_0
    SLICE_X22Y106        CARRY4 (Prop_carry4_CI_CO[0])
                                                      0.271    50.001 f  CPU_inst/C1__972_carry__3/CO[0]
                         net (fo=2, routed)           0.593    50.594    CPU_inst/C10_in[0]
    SLICE_X21Y105        LUT1 (Prop_lut1_I0_O)        0.373    50.967 r  CPU_inst/C[4]_i_11/O
                         net (fo=1, routed)           0.538    51.505    CPU_inst/C[4]_i_11_n_0
    SLICE_X23Y105        CARRY4 (Prop_carry4_CYINIT_O[3])
                                                      0.642    52.147 r  CPU_inst/C_reg[4]_i_5/O[3]
                         net (fo=1, routed)           0.567    52.714    CPU_inst/C1[4]
    SLICE_X21Y105        LUT4 (Prop_lut4_I1_O)        0.306    53.020 r  CPU_inst/C[4]_i_2/O
                         net (fo=1, routed)           0.426    53.446    CPU_inst/C[4]_i_2_n_0
    SLICE_X20Y105        LUT6 (Prop_lut6_I1_O)        0.124    53.570 r  CPU_inst/C[4]_i_1/O
                         net (fo=1, routed)           0.000    53.570    CPU_inst/C[4]
    SLICE_X20Y105        FDRE                                         r  CPU_inst/C_reg[4]/D
  -------------------------------------------------------------------    -------------------

                         (clock clk_12m rise edge)   83.333    83.333 r  
    L17                                               0.000    83.333 r  clk (IN)
                         net (fo=0)                   0.000    83.333    clk
    L17                  IBUF (Prop_ibuf_I_O)         1.406    84.739 r  clk_IBUF_inst/O
                         net (fo=1, routed)           1.868    86.607    clk_IBUF
    BUFGCTRL_X0Y0        BUFG (Prop_bufg_I_O)         0.091    86.698 r  clk_IBUF_BUFG_inst/O
                         net (fo=150, routed)         1.613    88.311    CPU_inst/CLK
    SLICE_X20Y105        FDRE                                         r  CPU_inst/C_reg[4]/C
                         clock pessimism              0.266    88.577    
                         clock uncertainty           -0.035    88.542    
    SLICE_X20Y105        FDRE (Setup_fdre_C_D)        0.029    88.571    CPU_inst/C_reg[4]
  -------------------------------------------------------------------
                         required time                         88.571    
                         arrival time                         -53.570    
  -------------------------------------------------------------------
                         slack                                 35.001    





Min Delay Paths
--------------------------------------------------------------------------------------
Slack (MET) :             0.250ns  (arrival time - required time)
  Source:                 CPU_inst/fetch_execute_reg/C
                            (rising edge-triggered cell FDRE clocked by clk_12m  {rise@0.000ns fall@41.667ns period=83.333ns})
  Destination:            CPU_inst/IR_reg[3]/D
                            (rising edge-triggered cell FDRE clocked by clk_12m  {rise@0.000ns fall@41.667ns period=83.333ns})
  Path Group:             clk_12m
  Path Type:              Hold (Min at Fast Process Corner)
  Requirement:            0.000ns  (clk_12m rise@0.000ns - clk_12m rise@0.000ns)
  Data Path Delay:        0.357ns  (logic 0.209ns (58.595%)  route 0.148ns (41.405%))
  Logic Levels:           1  (LUT4=1)
  Clock Path Skew:        0.016ns (DCD - SCD - CPR)
    Destination Clock Delay (DCD):    2.067ns
    Source Clock Delay      (SCD):    1.548ns
    Clock Pessimism Removal (CPR):    0.502ns

    Location             Delay type                Incr(ns)  Path(ns)    Netlist Resource(s)
  -------------------------------------------------------------------    -------------------
                         (clock clk_12m rise edge)    0.000     0.000 r  
    L17                                               0.000     0.000 r  clk (IN)
                         net (fo=0)                   0.000     0.000    clk
    L17                  IBUF (Prop_ibuf_I_O)         0.244     0.244 r  clk_IBUF_inst/O
                         net (fo=1, routed)           0.634     0.878    clk_IBUF
    BUFGCTRL_X0Y0        BUFG (Prop_bufg_I_O)         0.026     0.904 r  clk_IBUF_BUFG_inst/O
                         net (fo=150, routed)         0.644     1.548    CPU_inst/CLK
    SLICE_X30Y100        FDRE                                         r  CPU_inst/fetch_execute_reg/C
  -------------------------------------------------------------------    -------------------
    SLICE_X30Y100        FDRE (Prop_fdre_C_Q)         0.164     1.712 r  CPU_inst/fetch_execute_reg/Q
                         net (fo=60, routed)          0.148     1.860    CPU_inst/fetch_execute_reg_n_0
    SLICE_X33Y101        LUT4 (Prop_lut4_I2_O)        0.045     1.905 r  CPU_inst/IR[3]_i_1/O
                         net (fo=1, routed)           0.000     1.905    CPU_inst/IR[3]_i_1_n_0
    SLICE_X33Y101        FDRE                                         r  CPU_inst/IR_reg[3]/D
  -------------------------------------------------------------------    -------------------

                         (clock clk_12m rise edge)    0.000     0.000 r  
    L17                                               0.000     0.000 r  clk (IN)
                         net (fo=0)                   0.000     0.000    clk
    L17                  IBUF (Prop_ibuf_I_O)         0.432     0.432 r  clk_IBUF_inst/O
                         net (fo=1, routed)           0.689     1.120    clk_IBUF
    BUFGCTRL_X0Y0        BUFG (Prop_bufg_I_O)         0.029     1.149 r  clk_IBUF_BUFG_inst/O
                         net (fo=150, routed)         0.917     2.067    CPU_inst/CLK
    SLICE_X33Y101        FDRE                                         r  CPU_inst/IR_reg[3]/C
                         clock pessimism             -0.502     1.564    
    SLICE_X33Y101        FDRE (Hold_fdre_C_D)         0.091     1.655    CPU_inst/IR_reg[3]
  -------------------------------------------------------------------
                         required time                         -1.655    
                         arrival time                           1.905    
  -------------------------------------------------------------------
                         slack                                  0.250    

Slack (MET) :             0.253ns  (arrival time - required time)
  Source:                 CPU_inst/PC_reg[6]/C
                            (rising edge-triggered cell FDRE clocked by clk_12m  {rise@0.000ns fall@41.667ns period=83.333ns})
  Destination:            CPU_inst/OUT_addr_reg[6]/D
                            (rising edge-triggered cell FDRE clocked by clk_12m  {rise@0.000ns fall@41.667ns period=83.333ns})
  Path Group:             clk_12m
  Path Type:              Hold (Min at Fast Process Corner)
  Requirement:            0.000ns  (clk_12m rise@0.000ns - clk_12m rise@0.000ns)
  Data Path Delay:        0.409ns  (logic 0.186ns (45.510%)  route 0.223ns (54.490%))
  Logic Levels:           1  (LUT5=1)
  Clock Path Skew:        0.036ns (DCD - SCD - CPR)
    Destination Clock Delay (DCD):    2.069ns
    Source Clock Delay      (SCD):    1.549ns
    Clock Pessimism Removal (CPR):    0.483ns

    Location             Delay type                Incr(ns)  Path(ns)    Netlist Resource(s)
  -------------------------------------------------------------------    -------------------
                         (clock clk_12m rise edge)    0.000     0.000 r  
    L17                                               0.000     0.000 r  clk (IN)
                         net (fo=0)                   0.000     0.000    clk
    L17                  IBUF (Prop_ibuf_I_O)         0.244     0.244 r  clk_IBUF_inst/O
                         net (fo=1, routed)           0.634     0.878    clk_IBUF
    BUFGCTRL_X0Y0        BUFG (Prop_bufg_I_O)         0.026     0.904 r  clk_IBUF_BUFG_inst/O
                         net (fo=150, routed)         0.645     1.549    CPU_inst/CLK
    SLICE_X17Y108        FDRE                                         r  CPU_inst/PC_reg[6]/C
  -------------------------------------------------------------------    -------------------
    SLICE_X17Y108        FDRE (Prop_fdre_C_Q)         0.141     1.690 r  CPU_inst/PC_reg[6]/Q
                         net (fo=11, routed)          0.223     1.913    CPU_inst/PC_reg_n_0_[6]
    SLICE_X12Y108        LUT5 (Prop_lut5_I3_O)        0.045     1.958 r  CPU_inst/OUT_addr[6]_i_1/O
                         net (fo=1, routed)           0.000     1.958    CPU_inst/OUT_addr[6]_i_1_n_0
    SLICE_X12Y108        FDRE                                         r  CPU_inst/OUT_addr_reg[6]/D
  -------------------------------------------------------------------    -------------------

                         (clock clk_12m rise edge)    0.000     0.000 r  
    L17                                               0.000     0.000 r  clk (IN)
                         net (fo=0)                   0.000     0.000    clk
    L17                  IBUF (Prop_ibuf_I_O)         0.432     0.432 r  clk_IBUF_inst/O
                         net (fo=1, routed)           0.689     1.120    clk_IBUF
    BUFGCTRL_X0Y0        BUFG (Prop_bufg_I_O)         0.029     1.149 r  clk_IBUF_BUFG_inst/O
                         net (fo=150, routed)         0.919     2.069    CPU_inst/CLK
    SLICE_X12Y108        FDRE                                         r  CPU_inst/OUT_addr_reg[6]/C
                         clock pessimism             -0.483     1.585    
    SLICE_X12Y108        FDRE (Hold_fdre_C_D)         0.120     1.705    CPU_inst/OUT_addr_reg[6]
  -------------------------------------------------------------------
                         required time                         -1.705    
                         arrival time                           1.958    
  -------------------------------------------------------------------
                         slack                                  0.253    

Slack (MET) :             0.255ns  (arrival time - required time)
  Source:                 CPU_inst/_RAM_W_reg/C
                            (rising edge-triggered cell FDRE clocked by clk_12m  {rise@0.000ns fall@41.667ns period=83.333ns})
  Destination:            CPU_inst/_RAM_W_reg/D
                            (rising edge-triggered cell FDRE clocked by clk_12m  {rise@0.000ns fall@41.667ns period=83.333ns})
  Path Group:             clk_12m
  Path Type:              Hold (Min at Fast Process Corner)
  Requirement:            0.000ns  (clk_12m rise@0.000ns - clk_12m rise@0.000ns)
  Data Path Delay:        0.346ns  (logic 0.186ns (53.687%)  route 0.160ns (46.313%))
  Logic Levels:           1  (LUT6=1)
  Clock Path Skew:        0.000ns (DCD - SCD - CPR)
    Destination Clock Delay (DCD):    2.068ns
    Source Clock Delay      (SCD):    1.548ns
    Clock Pessimism Removal (CPR):    0.519ns

    Location             Delay type                Incr(ns)  Path(ns)    Netlist Resource(s)
  -------------------------------------------------------------------    -------------------
                         (clock clk_12m rise edge)    0.000     0.000 r  
    L17                                               0.000     0.000 r  clk (IN)
                         net (fo=0)                   0.000     0.000    clk
    L17                  IBUF (Prop_ibuf_I_O)         0.244     0.244 r  clk_IBUF_inst/O
                         net (fo=1, routed)           0.634     0.878    clk_IBUF
    BUFGCTRL_X0Y0        BUFG (Prop_bufg_I_O)         0.026     0.904 r  clk_IBUF_BUFG_inst/O
                         net (fo=150, routed)         0.644     1.548    CPU_inst/CLK
    SLICE_X15Y110        FDRE                                         r  CPU_inst/_RAM_W_reg/C
  -------------------------------------------------------------------    -------------------
    SLICE_X15Y110        FDRE (Prop_fdre_C_Q)         0.141     1.689 r  CPU_inst/_RAM_W_reg/Q
                         net (fo=18, routed)          0.160     1.850    CPU_inst/RAM_W
    SLICE_X15Y110        LUT6 (Prop_lut6_I5_O)        0.045     1.895 r  CPU_inst/_RAM_W_i_1/O
                         net (fo=1, routed)           0.000     1.895    CPU_inst/_RAM_W_i_1_n_0
    SLICE_X15Y110        FDRE                                         r  CPU_inst/_RAM_W_reg/D
  -------------------------------------------------------------------    -------------------

                         (clock clk_12m rise edge)    0.000     0.000 r  
    L17                                               0.000     0.000 r  clk (IN)
                         net (fo=0)                   0.000     0.000    clk
    L17                  IBUF (Prop_ibuf_I_O)         0.432     0.432 r  clk_IBUF_inst/O
                         net (fo=1, routed)           0.689     1.120    clk_IBUF
    BUFGCTRL_X0Y0        BUFG (Prop_bufg_I_O)         0.029     1.149 r  clk_IBUF_BUFG_inst/O
                         net (fo=150, routed)         0.918     2.068    CPU_inst/CLK
    SLICE_X15Y110        FDRE                                         r  CPU_inst/_RAM_W_reg/C
                         clock pessimism             -0.519     1.548    
    SLICE_X15Y110        FDRE (Hold_fdre_C_D)         0.091     1.639    CPU_inst/_RAM_W_reg
  -------------------------------------------------------------------
                         required time                         -1.639    
                         arrival time                           1.895    
  -------------------------------------------------------------------
                         slack                                  0.255    

Slack (MET) :             0.258ns  (arrival time - required time)
  Source:                 CPU_inst/TS_reg[1]/C
                            (rising edge-triggered cell FDRE clocked by clk_12m  {rise@0.000ns fall@41.667ns period=83.333ns})
  Destination:            CPU_inst/TS_reg[3]/D
                            (rising edge-triggered cell FDRE clocked by clk_12m  {rise@0.000ns fall@41.667ns period=83.333ns})
  Path Group:             clk_12m
  Path Type:              Hold (Min at Fast Process Corner)
  Requirement:            0.000ns  (clk_12m rise@0.000ns - clk_12m rise@0.000ns)
  Data Path Delay:        0.365ns  (logic 0.186ns (50.990%)  route 0.179ns (49.010%))
  Logic Levels:           1  (LUT6=1)
  Clock Path Skew:        0.016ns (DCD - SCD - CPR)
    Destination Clock Delay (DCD):    2.070ns
    Source Clock Delay      (SCD):    1.551ns
    Clock Pessimism Removal (CPR):    0.502ns

    Location             Delay type                Incr(ns)  Path(ns)    Netlist Resource(s)
  -------------------------------------------------------------------    -------------------
                         (clock clk_12m rise edge)    0.000     0.000 r  
    L17                                               0.000     0.000 r  clk (IN)
                         net (fo=0)                   0.000     0.000    clk
    L17                  IBUF (Prop_ibuf_I_O)         0.244     0.244 r  clk_IBUF_inst/O
                         net (fo=1, routed)           0.634     0.878    clk_IBUF
    BUFGCTRL_X0Y0        BUFG (Prop_bufg_I_O)         0.026     0.904 r  clk_IBUF_BUFG_inst/O
                         net (fo=150, routed)         0.647     1.551    CPU_inst/CLK
    SLICE_X18Y102        FDRE                                         r  CPU_inst/TS_reg[1]/C
  -------------------------------------------------------------------    -------------------
    SLICE_X18Y102        FDRE (Prop_fdre_C_Q)         0.141     1.692 r  CPU_inst/TS_reg[1]/Q
                         net (fo=106, routed)         0.179     1.871    CPU_inst/TS_reg_n_0_[1]
    SLICE_X18Y101        LUT6 (Prop_lut6_I2_O)        0.045     1.916 r  CPU_inst/TS[3]_i_2/O
                         net (fo=1, routed)           0.000     1.916    CPU_inst/TS[3]_i_2_n_0
    SLICE_X18Y101        FDRE                                         r  CPU_inst/TS_reg[3]/D
  -------------------------------------------------------------------    -------------------

                         (clock clk_12m rise edge)    0.000     0.000 r  
    L17                                               0.000     0.000 r  clk (IN)
                         net (fo=0)                   0.000     0.000    clk
    L17                  IBUF (Prop_ibuf_I_O)         0.432     0.432 r  clk_IBUF_inst/O
                         net (fo=1, routed)           0.689     1.120    clk_IBUF
    BUFGCTRL_X0Y0        BUFG (Prop_bufg_I_O)         0.029     1.149 r  clk_IBUF_BUFG_inst/O
                         net (fo=150, routed)         0.920     2.070    CPU_inst/CLK
    SLICE_X18Y101        FDRE                                         r  CPU_inst/TS_reg[3]/C
                         clock pessimism             -0.502     1.567    
    SLICE_X18Y101        FDRE (Hold_fdre_C_D)         0.091     1.658    CPU_inst/TS_reg[3]
  -------------------------------------------------------------------
                         required time                         -1.658    
                         arrival time                           1.916    
  -------------------------------------------------------------------
                         slack                                  0.258    

Slack (MET) :             0.263ns  (arrival time - required time)
  Source:                 CPU_inst/PC_reg[4]/C
                            (rising edge-triggered cell FDRE clocked by clk_12m  {rise@0.000ns fall@41.667ns period=83.333ns})
  Destination:            CPU_inst/OUT_addr_reg[4]/D
                            (rising edge-triggered cell FDRE clocked by clk_12m  {rise@0.000ns fall@41.667ns period=83.333ns})
  Path Group:             clk_12m
  Path Type:              Hold (Min at Fast Process Corner)
  Requirement:            0.000ns  (clk_12m rise@0.000ns - clk_12m rise@0.000ns)
  Data Path Delay:        0.421ns  (logic 0.186ns (44.190%)  route 0.235ns (55.810%))
  Logic Levels:           1  (LUT5=1)
  Clock Path Skew:        0.037ns (DCD - SCD - CPR)
    Destination Clock Delay (DCD):    2.070ns
    Source Clock Delay      (SCD):    1.549ns
    Clock Pessimism Removal (CPR):    0.483ns

    Location             Delay type                Incr(ns)  Path(ns)    Netlist Resource(s)
  -------------------------------------------------------------------    -------------------
                         (clock clk_12m rise edge)    0.000     0.000 r  
    L17                                               0.000     0.000 r  clk (IN)
                         net (fo=0)                   0.000     0.000    clk
    L17                  IBUF (Prop_ibuf_I_O)         0.244     0.244 r  clk_IBUF_inst/O
                         net (fo=1, routed)           0.634     0.878    clk_IBUF
    BUFGCTRL_X0Y0        BUFG (Prop_bufg_I_O)         0.026     0.904 r  clk_IBUF_BUFG_inst/O
                         net (fo=150, routed)         0.645     1.549    CPU_inst/CLK
    SLICE_X17Y107        FDRE                                         r  CPU_inst/PC_reg[4]/C
  -------------------------------------------------------------------    -------------------
    SLICE_X17Y107        FDRE (Prop_fdre_C_Q)         0.141     1.690 r  CPU_inst/PC_reg[4]/Q
                         net (fo=11, routed)          0.235     1.925    CPU_inst/PC_reg_n_0_[4]
    SLICE_X14Y106        LUT5 (Prop_lut5_I3_O)        0.045     1.970 r  CPU_inst/OUT_addr[4]_i_1/O
                         net (fo=1, routed)           0.000     1.970    CPU_inst/OUT_addr[4]_i_1_n_0
    SLICE_X14Y106        FDRE                                         r  CPU_inst/OUT_addr_reg[4]/D
  -------------------------------------------------------------------    -------------------

                         (clock clk_12m rise edge)    0.000     0.000 r  
    L17                                               0.000     0.000 r  clk (IN)
                         net (fo=0)                   0.000     0.000    clk
    L17                  IBUF (Prop_ibuf_I_O)         0.432     0.432 r  clk_IBUF_inst/O
                         net (fo=1, routed)           0.689     1.120    clk_IBUF
    BUFGCTRL_X0Y0        BUFG (Prop_bufg_I_O)         0.029     1.149 r  clk_IBUF_BUFG_inst/O
                         net (fo=150, routed)         0.920     2.070    CPU_inst/CLK
    SLICE_X14Y106        FDRE                                         r  CPU_inst/OUT_addr_reg[4]/C
                         clock pessimism             -0.483     1.586    
    SLICE_X14Y106        FDRE (Hold_fdre_C_D)         0.121     1.707    CPU_inst/OUT_addr_reg[4]
  -------------------------------------------------------------------
                         required time                         -1.707    
                         arrival time                           1.970    
  -------------------------------------------------------------------
                         slack                                  0.263    

Slack (MET) :             0.276ns  (arrival time - required time)
  Source:                 CPU_inst/PORT_DIR_reg/C
                            (rising edge-triggered cell FDRE clocked by clk_12m  {rise@0.000ns fall@41.667ns period=83.333ns})
  Destination:            CPU_inst/PORT_DIR_reg/D
                            (rising edge-triggered cell FDRE clocked by clk_12m  {rise@0.000ns fall@41.667ns period=83.333ns})
  Path Group:             clk_12m
  Path Type:              Hold (Min at Fast Process Corner)
  Requirement:            0.000ns  (clk_12m rise@0.000ns - clk_12m rise@0.000ns)
  Data Path Delay:        0.396ns  (logic 0.209ns (52.720%)  route 0.187ns (47.280%))
  Logic Levels:           1  (LUT6=1)
  Clock Path Skew:        0.000ns (DCD - SCD - CPR)
    Destination Clock Delay (DCD):    2.066ns
    Source Clock Delay      (SCD):    1.547ns
    Clock Pessimism Removal (CPR):    0.518ns

    Location             Delay type                Incr(ns)  Path(ns)    Netlist Resource(s)
  -------------------------------------------------------------------    -------------------
                         (clock clk_12m rise edge)    0.000     0.000 r  
    L17                                               0.000     0.000 r  clk (IN)
                         net (fo=0)                   0.000     0.000    clk
    L17                  IBUF (Prop_ibuf_I_O)         0.244     0.244 r  clk_IBUF_inst/O
                         net (fo=1, routed)           0.634     0.878    clk_IBUF
    BUFGCTRL_X0Y0        BUFG (Prop_bufg_I_O)         0.026     0.904 r  clk_IBUF_BUFG_inst/O
                         net (fo=150, routed)         0.643     1.547    CPU_inst/CLK
    SLICE_X14Y112        FDRE                                         r  CPU_inst/PORT_DIR_reg/C
  -------------------------------------------------------------------    -------------------
    SLICE_X14Y112        FDRE (Prop_fdre_C_Q)         0.164     1.711 r  CPU_inst/PORT_DIR_reg/Q
                         net (fo=19, routed)          0.187     1.899    CPU_inst/PORT_DIR_reg_n_0
    SLICE_X14Y112        LUT6 (Prop_lut6_I5_O)        0.045     1.944 r  CPU_inst/PORT_DIR_i_1/O
                         net (fo=1, routed)           0.000     1.944    CPU_inst/PORT_DIR_i_1_n_0
    SLICE_X14Y112        FDRE                                         r  CPU_inst/PORT_DIR_reg/D
  -------------------------------------------------------------------    -------------------

                         (clock clk_12m rise edge)    0.000     0.000 r  
    L17                                               0.000     0.000 r  clk (IN)
                         net (fo=0)                   0.000     0.000    clk
    L17                  IBUF (Prop_ibuf_I_O)         0.432     0.432 r  clk_IBUF_inst/O
                         net (fo=1, routed)           0.689     1.120    clk_IBUF
    BUFGCTRL_X0Y0        BUFG (Prop_bufg_I_O)         0.029     1.149 r  clk_IBUF_BUFG_inst/O
                         net (fo=150, routed)         0.916     2.066    CPU_inst/CLK
    SLICE_X14Y112        FDRE                                         r  CPU_inst/PORT_DIR_reg/C
                         clock pessimism             -0.518     1.547    
    SLICE_X14Y112        FDRE (Hold_fdre_C_D)         0.120     1.667    CPU_inst/PORT_DIR_reg
  -------------------------------------------------------------------
                         required time                         -1.667    
                         arrival time                           1.944    
  -------------------------------------------------------------------
                         slack                                  0.276    

Slack (MET) :             0.289ns  (arrival time - required time)
  Source:                 CPU_inst/F_reg[2]/C
                            (rising edge-triggered cell FDRE clocked by clk_12m  {rise@0.000ns fall@41.667ns period=83.333ns})
  Destination:            CPU_inst/F_reg[2]/D
                            (rising edge-triggered cell FDRE clocked by clk_12m  {rise@0.000ns fall@41.667ns period=83.333ns})
  Path Group:             clk_12m
  Path Type:              Hold (Min at Fast Process Corner)
  Requirement:            0.000ns  (clk_12m rise@0.000ns - clk_12m rise@0.000ns)
  Data Path Delay:        0.381ns  (logic 0.186ns (48.851%)  route 0.195ns (51.149%))
  Logic Levels:           1  (LUT6=1)
  Clock Path Skew:        0.000ns (DCD - SCD - CPR)
    Destination Clock Delay (DCD):    2.067ns
    Source Clock Delay      (SCD):    1.548ns
    Clock Pessimism Removal (CPR):    0.518ns

    Location             Delay type                Incr(ns)  Path(ns)    Netlist Resource(s)
  -------------------------------------------------------------------    -------------------
                         (clock clk_12m rise edge)    0.000     0.000 r  
    L17                                               0.000     0.000 r  clk (IN)
                         net (fo=0)                   0.000     0.000    clk
    L17                  IBUF (Prop_ibuf_I_O)         0.244     0.244 r  clk_IBUF_inst/O
                         net (fo=1, routed)           0.634     0.878    clk_IBUF
    BUFGCTRL_X0Y0        BUFG (Prop_bufg_I_O)         0.026     0.904 r  clk_IBUF_BUFG_inst/O
                         net (fo=150, routed)         0.644     1.548    CPU_inst/CLK
    SLICE_X32Y102        FDRE                                         r  CPU_inst/F_reg[2]/C
  -------------------------------------------------------------------    -------------------
    SLICE_X32Y102        FDRE (Prop_fdre_C_Q)         0.141     1.689 r  CPU_inst/F_reg[2]/Q
                         net (fo=4, routed)           0.195     1.884    CPU_inst/p_0_in__0
    SLICE_X32Y102        LUT6 (Prop_lut6_I5_O)        0.045     1.929 r  CPU_inst/F[2]_i_1/O
                         net (fo=1, routed)           0.000     1.929    CPU_inst/F[2]_i_1_n_0
    SLICE_X32Y102        FDRE                                         r  CPU_inst/F_reg[2]/D
  -------------------------------------------------------------------    -------------------

                         (clock clk_12m rise edge)    0.000     0.000 r  
    L17                                               0.000     0.000 r  clk (IN)
                         net (fo=0)                   0.000     0.000    clk
    L17                  IBUF (Prop_ibuf_I_O)         0.432     0.432 r  clk_IBUF_inst/O
                         net (fo=1, routed)           0.689     1.120    clk_IBUF
    BUFGCTRL_X0Y0        BUFG (Prop_bufg_I_O)         0.029     1.149 r  clk_IBUF_BUFG_inst/O
                         net (fo=150, routed)         0.917     2.067    CPU_inst/CLK
    SLICE_X32Y102        FDRE                                         r  CPU_inst/F_reg[2]/C
                         clock pessimism             -0.518     1.548    
    SLICE_X32Y102        FDRE (Hold_fdre_C_D)         0.092     1.640    CPU_inst/F_reg[2]
  -------------------------------------------------------------------
                         required time                         -1.640    
                         arrival time                           1.929    
  -------------------------------------------------------------------
                         slack                                  0.289    

Slack (MET) :             0.304ns  (arrival time - required time)
  Source:                 CPU_inst/F_reg[3]/C
                            (rising edge-triggered cell FDRE clocked by clk_12m  {rise@0.000ns fall@41.667ns period=83.333ns})
  Destination:            CPU_inst/F_reg[3]/D
                            (rising edge-triggered cell FDRE clocked by clk_12m  {rise@0.000ns fall@41.667ns period=83.333ns})
  Path Group:             clk_12m
  Path Type:              Hold (Min at Fast Process Corner)
  Requirement:            0.000ns  (clk_12m rise@0.000ns - clk_12m rise@0.000ns)
  Data Path Delay:        0.395ns  (logic 0.186ns (47.073%)  route 0.209ns (52.927%))
  Logic Levels:           1  (LUT6=1)
  Clock Path Skew:        0.000ns (DCD - SCD - CPR)
    Destination Clock Delay (DCD):    2.067ns
    Source Clock Delay      (SCD):    1.548ns
    Clock Pessimism Removal (CPR):    0.518ns

    Location             Delay type                Incr(ns)  Path(ns)    Netlist Resource(s)
  -------------------------------------------------------------------    -------------------
                         (clock clk_12m rise edge)    0.000     0.000 r  
    L17                                               0.000     0.000 r  clk (IN)
                         net (fo=0)                   0.000     0.000    clk
    L17                  IBUF (Prop_ibuf_I_O)         0.244     0.244 r  clk_IBUF_inst/O
                         net (fo=1, routed)           0.634     0.878    clk_IBUF
    BUFGCTRL_X0Y0        BUFG (Prop_bufg_I_O)         0.026     0.904 r  clk_IBUF_BUFG_inst/O
                         net (fo=150, routed)         0.644     1.548    CPU_inst/CLK
    SLICE_X32Y101        FDRE                                         r  CPU_inst/F_reg[3]/C
  -------------------------------------------------------------------    -------------------
    SLICE_X32Y101        FDRE (Prop_fdre_C_Q)         0.141     1.689 r  CPU_inst/F_reg[3]/Q
                         net (fo=5, routed)           0.209     1.898    CPU_inst/F_reg_n_0_[3]
    SLICE_X32Y101        LUT6 (Prop_lut6_I5_O)        0.045     1.943 r  CPU_inst/F[3]_i_1/O
                         net (fo=1, routed)           0.000     1.943    CPU_inst/F[3]_i_1_n_0
    SLICE_X32Y101        FDRE                                         r  CPU_inst/F_reg[3]/D
  -------------------------------------------------------------------    -------------------

                         (clock clk_12m rise edge)    0.000     0.000 r  
    L17                                               0.000     0.000 r  clk (IN)
                         net (fo=0)                   0.000     0.000    clk
    L17                  IBUF (Prop_ibuf_I_O)         0.432     0.432 r  clk_IBUF_inst/O
                         net (fo=1, routed)           0.689     1.120    clk_IBUF
    BUFGCTRL_X0Y0        BUFG (Prop_bufg_I_O)         0.029     1.149 r  clk_IBUF_BUFG_inst/O
                         net (fo=150, routed)         0.917     2.067    CPU_inst/CLK
    SLICE_X32Y101        FDRE                                         r  CPU_inst/F_reg[3]/C
                         clock pessimism             -0.518     1.548    
    SLICE_X32Y101        FDRE (Hold_fdre_C_D)         0.091     1.639    CPU_inst/F_reg[3]
  -------------------------------------------------------------------
                         required time                         -1.639    
                         arrival time                           1.943    
  -------------------------------------------------------------------
                         slack                                  0.304    

Slack (MET) :             0.314ns  (arrival time - required time)
  Source:                 CPU_inst/IR_reg[6]/C
                            (rising edge-triggered cell FDRE clocked by clk_12m  {rise@0.000ns fall@41.667ns period=83.333ns})
  Destination:            CPU_inst/X_reg[15]/D
                            (rising edge-triggered cell FDRE clocked by clk_12m  {rise@0.000ns fall@41.667ns period=83.333ns})
  Path Group:             clk_12m
  Path Type:              Hold (Min at Fast Process Corner)
  Requirement:            0.000ns  (clk_12m rise@0.000ns - clk_12m rise@0.000ns)
  Data Path Delay:        0.444ns  (logic 0.186ns (41.883%)  route 0.258ns (58.117%))
  Logic Levels:           1  (LUT4=1)
  Clock Path Skew:        0.038ns (DCD - SCD - CPR)
    Destination Clock Delay (DCD):    2.067ns
    Source Clock Delay      (SCD):    1.545ns
    Clock Pessimism Removal (CPR):    0.483ns

    Location             Delay type                Incr(ns)  Path(ns)    Netlist Resource(s)
  -------------------------------------------------------------------    -------------------
                         (clock clk_12m rise edge)    0.000     0.000 r  
    L17                                               0.000     0.000 r  clk (IN)
                         net (fo=0)                   0.000     0.000    clk
    L17                  IBUF (Prop_ibuf_I_O)         0.244     0.244 r  clk_IBUF_inst/O
                         net (fo=1, routed)           0.634     0.878    clk_IBUF
    BUFGCTRL_X0Y0        BUFG (Prop_bufg_I_O)         0.026     0.904 r  clk_IBUF_BUFG_inst/O
                         net (fo=150, routed)         0.641     1.545    CPU_inst/CLK
    SLICE_X25Y112        FDRE                                         r  CPU_inst/IR_reg[6]/C
  -------------------------------------------------------------------    -------------------
    SLICE_X25Y112        FDRE (Prop_fdre_C_Q)         0.141     1.686 r  CPU_inst/IR_reg[6]/Q
                         net (fo=116, routed)         0.258     1.944    CPU_inst/IR_reg_n_0_[6]
    SLICE_X21Y111        LUT4 (Prop_lut4_I0_O)        0.045     1.989 r  CPU_inst/X[15]_i_2/O
                         net (fo=1, routed)           0.000     1.989    CPU_inst/X[15]_i_2_n_0
    SLICE_X21Y111        FDRE                                         r  CPU_inst/X_reg[15]/D
  -------------------------------------------------------------------    -------------------

                         (clock clk_12m rise edge)    0.000     0.000 r  
    L17                                               0.000     0.000 r  clk (IN)
                         net (fo=0)                   0.000     0.000    clk
    L17                  IBUF (Prop_ibuf_I_O)         0.432     0.432 r  clk_IBUF_inst/O
                         net (fo=1, routed)           0.689     1.120    clk_IBUF
    BUFGCTRL_X0Y0        BUFG (Prop_bufg_I_O)         0.029     1.149 r  clk_IBUF_BUFG_inst/O
                         net (fo=150, routed)         0.917     2.067    CPU_inst/CLK
    SLICE_X21Y111        FDRE                                         r  CPU_inst/X_reg[15]/C
                         clock pessimism             -0.483     1.583    
    SLICE_X21Y111        FDRE (Hold_fdre_C_D)         0.092     1.675    CPU_inst/X_reg[15]
  -------------------------------------------------------------------
                         required time                         -1.675    
                         arrival time                           1.989    
  -------------------------------------------------------------------
                         slack                                  0.314    

Slack (MET) :             0.315ns  (arrival time - required time)
  Source:                 CPU_inst/F_reg[1]/C
                            (rising edge-triggered cell FDRE clocked by clk_12m  {rise@0.000ns fall@41.667ns period=83.333ns})
  Destination:            CPU_inst/F_reg[1]/D
                            (rising edge-triggered cell FDRE clocked by clk_12m  {rise@0.000ns fall@41.667ns period=83.333ns})
  Path Group:             clk_12m
  Path Type:              Hold (Min at Fast Process Corner)
  Requirement:            0.000ns  (clk_12m rise@0.000ns - clk_12m rise@0.000ns)
  Data Path Delay:        0.406ns  (logic 0.186ns (45.794%)  route 0.220ns (54.206%))
  Logic Levels:           1  (LUT6=1)
  Clock Path Skew:        0.000ns (DCD - SCD - CPR)
    Destination Clock Delay (DCD):    2.067ns
    Source Clock Delay      (SCD):    1.548ns
    Clock Pessimism Removal (CPR):    0.518ns

    Location             Delay type                Incr(ns)  Path(ns)    Netlist Resource(s)
  -------------------------------------------------------------------    -------------------
                         (clock clk_12m rise edge)    0.000     0.000 r  
    L17                                               0.000     0.000 r  clk (IN)
                         net (fo=0)                   0.000     0.000    clk
    L17                  IBUF (Prop_ibuf_I_O)         0.244     0.244 r  clk_IBUF_inst/O
                         net (fo=1, routed)           0.634     0.878    clk_IBUF
    BUFGCTRL_X0Y0        BUFG (Prop_bufg_I_O)         0.026     0.904 r  clk_IBUF_BUFG_inst/O
                         net (fo=150, routed)         0.644     1.548    CPU_inst/CLK
    SLICE_X32Y102        FDRE                                         r  CPU_inst/F_reg[1]/C
  -------------------------------------------------------------------    -------------------
    SLICE_X32Y102        FDRE (Prop_fdre_C_Q)         0.141     1.689 r  CPU_inst/F_reg[1]/Q
                         net (fo=6, routed)           0.220     1.909    CPU_inst/data3
    SLICE_X32Y102        LUT6 (Prop_lut6_I5_O)        0.045     1.954 r  CPU_inst/F[1]_i_1/O
                         net (fo=1, routed)           0.000     1.954    CPU_inst/F[1]_i_1_n_0
    SLICE_X32Y102        FDRE                                         r  CPU_inst/F_reg[1]/D
  -------------------------------------------------------------------    -------------------

                         (clock clk_12m rise edge)    0.000     0.000 r  
    L17                                               0.000     0.000 r  clk (IN)
                         net (fo=0)                   0.000     0.000    clk
    L17                  IBUF (Prop_ibuf_I_O)         0.432     0.432 r  clk_IBUF_inst/O
                         net (fo=1, routed)           0.689     1.120    clk_IBUF
    BUFGCTRL_X0Y0        BUFG (Prop_bufg_I_O)         0.029     1.149 r  clk_IBUF_BUFG_inst/O
                         net (fo=150, routed)         0.917     2.067    CPU_inst/CLK
    SLICE_X32Y102        FDRE                                         r  CPU_inst/F_reg[1]/C
                         clock pessimism             -0.518     1.548    
    SLICE_X32Y102        FDRE (Hold_fdre_C_D)         0.091     1.639    CPU_inst/F_reg[1]
  -------------------------------------------------------------------
                         required time                         -1.639    
                         arrival time                           1.954    
  -------------------------------------------------------------------
                         slack                                  0.315    





Pulse Width Checks
--------------------------------------------------------------------------------------
Clock Name:         clk_12m
Waveform(ns):       { 0.000 41.667 }
Period(ns):         83.333
Sources:            { clk }

Check Type        Corner  Lib Pin  Reference Pin  Required(ns)  Actual(ns)  Slack(ns)  Location       Pin
Min Period        n/a     BUFG/I   n/a            2.155         83.333      81.178     BUFGCTRL_X0Y0  clk_IBUF_BUFG_inst/I
Min Period        n/a     FDRE/C   n/a            1.000         83.333      82.333     SLICE_X24Y106  CPU_inst/A_reg[0]/C
Min Period        n/a     FDRE/C   n/a            1.000         83.333      82.333     SLICE_X28Y112  CPU_inst/A_reg[10]/C
Min Period        n/a     FDRE/C   n/a            1.000         83.333      82.333     SLICE_X30Y108  CPU_inst/A_reg[11]/C
Min Period        n/a     FDRE/C   n/a            1.000         83.333      82.333     SLICE_X28Y112  CPU_inst/A_reg[12]/C
Min Period        n/a     FDRE/C   n/a            1.000         83.333      82.333     SLICE_X30Y108  CPU_inst/A_reg[13]/C
Min Period        n/a     FDRE/C   n/a            1.000         83.333      82.333     SLICE_X28Y112  CPU_inst/A_reg[14]/C
Min Period        n/a     FDRE/C   n/a            1.000         83.333      82.333     SLICE_X28Y112  CPU_inst/A_reg[15]/C
Min Period        n/a     FDRE/C   n/a            1.000         83.333      82.333     SLICE_X20Y104  CPU_inst/A_reg[1]/C
Min Period        n/a     FDRE/C   n/a            1.000         83.333      82.333     SLICE_X21Y103  CPU_inst/A_reg[2]/C
Low Pulse Width   Slow    FDRE/C   n/a            0.500         41.666      41.166     SLICE_X24Y106  CPU_inst/A_reg[0]/C
Low Pulse Width   Fast    FDRE/C   n/a            0.500         41.666      41.166     SLICE_X24Y106  CPU_inst/A_reg[0]/C
Low Pulse Width   Slow    FDRE/C   n/a            0.500         41.666      41.166     SLICE_X28Y112  CPU_inst/A_reg[10]/C
Low Pulse Width   Fast    FDRE/C   n/a            0.500         41.666      41.166     SLICE_X28Y112  CPU_inst/A_reg[10]/C
Low Pulse Width   Slow    FDRE/C   n/a            0.500         41.666      41.167     SLICE_X30Y108  CPU_inst/A_reg[11]/C
Low Pulse Width   Fast    FDRE/C   n/a            0.500         41.666      41.167     SLICE_X30Y108  CPU_inst/A_reg[11]/C
Low Pulse Width   Slow    FDRE/C   n/a            0.500         41.666      41.166     SLICE_X28Y112  CPU_inst/A_reg[12]/C
Low Pulse Width   Fast    FDRE/C   n/a            0.500         41.666      41.166     SLICE_X28Y112  CPU_inst/A_reg[12]/C
Low Pulse Width   Slow    FDRE/C   n/a            0.500         41.666      41.167     SLICE_X30Y108  CPU_inst/A_reg[13]/C
Low Pulse Width   Fast    FDRE/C   n/a            0.500         41.666      41.167     SLICE_X30Y108  CPU_inst/A_reg[13]/C
High Pulse Width  Slow    FDRE/C   n/a            0.500         41.667      41.167     SLICE_X24Y106  CPU_inst/A_reg[0]/C
High Pulse Width  Fast    FDRE/C   n/a            0.500         41.667      41.167     SLICE_X24Y106  CPU_inst/A_reg[0]/C
High Pulse Width  Slow    FDRE/C   n/a            0.500         41.667      41.167     SLICE_X28Y112  CPU_inst/A_reg[10]/C
High Pulse Width  Fast    FDRE/C   n/a            0.500         41.667      41.167     SLICE_X28Y112  CPU_inst/A_reg[10]/C
High Pulse Width  Slow    FDRE/C   n/a            0.500         41.667      41.167     SLICE_X30Y108  CPU_inst/A_reg[11]/C
High Pulse Width  Fast    FDRE/C   n/a            0.500         41.667      41.167     SLICE_X30Y108  CPU_inst/A_reg[11]/C
High Pulse Width  Slow    FDRE/C   n/a            0.500         41.667      41.167     SLICE_X28Y112  CPU_inst/A_reg[12]/C
High Pulse Width  Fast    FDRE/C   n/a            0.500         41.667      41.167     SLICE_X28Y112  CPU_inst/A_reg[12]/C
High Pulse Width  Slow    FDRE/C   n/a            0.500         41.667      41.167     SLICE_X30Y108  CPU_inst/A_reg[13]/C
High Pulse Width  Fast    FDRE/C   n/a            0.500         41.667      41.167     SLICE_X30Y108  CPU_inst/A_reg[13]/C



--------------------------------------------------------------------------------------
Path Group:  (none)
From Clock:  
  To Clock:  

Max Delay            18 Endpoints
Min Delay            18 Endpoints
--------------------------------------------------------------------------------------


Max Delay Paths
--------------------------------------------------------------------------------------
Slack:                    inf
  Source:                 RAM_inst/ram_memory_reg_0_127_4_4/HIGH/CLK
                            (rising edge-triggered cell RAMS64E)
  Destination:            led[0]
                            (output port)
  Path Group:             (none)
  Path Type:              Max at Slow Process Corner
  Data Path Delay:        8.694ns  (logic 5.373ns (61.804%)  route 3.321ns (38.196%))
  Logic Levels:           4  (LUT6=1 MUXF7=1 OBUFT=1 RAMS64E=1)

    Location             Delay type                Incr(ns)  Path(ns)    Netlist Resource(s)
  -------------------------------------------------------------------    -------------------
    SLICE_X10Y110        RAMS64E                      0.000     0.000 r  RAM_inst/ram_memory_reg_0_127_4_4/HIGH/CLK
    SLICE_X10Y110        RAMS64E (Prop_rams64e_CLK_O)
                                                      1.320     1.320 r  RAM_inst/ram_memory_reg_0_127_4_4/HIGH/O
                         net (fo=1, routed)           0.000     1.320    RAM_inst/ram_memory_reg_0_127_4_4/O1
    SLICE_X10Y110        MUXF7 (Prop_muxf7_I1_O)      0.247     1.567 r  RAM_inst/ram_memory_reg_0_127_4_4/F7/O
                         net (fo=1, routed)           0.893     2.460    CPU_inst/D1[4]
    SLICE_X12Y111        LUT6 (Prop_lut6_I2_O)        0.298     2.758 r  CPU_inst/led_OBUFT[0]_inst_i_1/O
                         net (fo=2, routed)           2.427     5.186    led_OBUF[0]
    A17                  OBUFT (Prop_obuft_I_O)       3.508     8.694 r  led_OBUFT[0]_inst/O
                         net (fo=0)                   0.000     8.694    led[0]
    A17                                                               r  led[0] (OUT)
  -------------------------------------------------------------------    -------------------

Slack:                    inf
  Source:                 RAM_inst/ram_memory_reg_0_127_5_5/LOW/CLK
                            (rising edge-triggered cell RAMS64E)
  Destination:            led[1]
                            (output port)
  Path Group:             (none)
  Path Type:              Max at Slow Process Corner
  Data Path Delay:        8.191ns  (logic 5.321ns (64.968%)  route 2.869ns (35.032%))
  Logic Levels:           4  (LUT6=1 MUXF7=1 OBUFT=1 RAMS64E=1)

    Location             Delay type                Incr(ns)  Path(ns)    Netlist Resource(s)
  -------------------------------------------------------------------    -------------------
    SLICE_X10Y110        RAMS64E                      0.000     0.000 r  RAM_inst/ram_memory_reg_0_127_5_5/LOW/CLK
    SLICE_X10Y110        RAMS64E (Prop_rams64e_CLK_O)
                                                      1.323     1.323 r  RAM_inst/ram_memory_reg_0_127_5_5/LOW/O
                         net (fo=1, routed)           0.000     1.323    RAM_inst/ram_memory_reg_0_127_5_5/O0
    SLICE_X10Y110        MUXF7 (Prop_muxf7_I0_O)      0.209     1.532 r  RAM_inst/ram_memory_reg_0_127_5_5/F7/O
                         net (fo=1, routed)           0.469     2.001    CPU_inst/D1[5]
    SLICE_X12Y111        LUT6 (Prop_lut6_I2_O)        0.297     2.298 r  CPU_inst/led_OBUFT[1]_inst_i_1/O
                         net (fo=2, routed)           2.400     4.698    led_OBUF[1]
    C16                  OBUFT (Prop_obuft_I_O)       3.492     8.191 r  led_OBUFT[1]_inst/O
                         net (fo=0)                   0.000     8.191    led[1]
    C16                                                               r  led[1] (OUT)
  -------------------------------------------------------------------    -------------------

Slack:                    inf
  Source:                 RAM_inst/ram_memory_reg_0_127_2_2/HIGH/CLK
                            (rising edge-triggered cell RAMS64E)
  Destination:            RAM_inst/ram_memory_reg_0_127_2_2/HIGH/I
  Path Group:             (none)
  Path Type:              Max at Slow Process Corner
  Data Path Delay:        4.287ns  (logic 1.989ns (46.395%)  route 2.298ns (53.605%))
  Logic Levels:           4  (LUT4=1 LUT6=1 MUXF7=1 RAMS64E=1)

    Location             Delay type                Incr(ns)  Path(ns)    Netlist Resource(s)
  -------------------------------------------------------------------    -------------------
    SLICE_X10Y111        RAMS64E                      0.000     0.000 r  RAM_inst/ram_memory_reg_0_127_2_2/HIGH/CLK
    SLICE_X10Y111        RAMS64E (Prop_rams64e_CLK_O)
                                                      1.320     1.320 r  RAM_inst/ram_memory_reg_0_127_2_2/HIGH/O
                         net (fo=1, routed)           0.000     1.320    RAM_inst/ram_memory_reg_0_127_2_2/O1
    SLICE_X10Y111        MUXF7 (Prop_muxf7_I1_O)      0.247     1.567 r  RAM_inst/ram_memory_reg_0_127_2_2/F7/O
                         net (fo=1, routed)           0.884     2.451    CPU_inst/D1[2]
    SLICE_X12Y112        LUT6 (Prop_lut6_I2_O)        0.298     2.749 r  CPU_inst/ram_memory_reg_0_127_2_2_i_2/O
                         net (fo=1, routed)           0.921     3.670    CPU_inst/ram_memory_reg_0_127_2_2_i_2_n_0
    SLICE_X12Y112        LUT4 (Prop_lut4_I3_O)        0.124     3.794 r  CPU_inst/ram_memory_reg_0_127_2_2_i_1/O
                         net (fo=11, routed)          0.494     4.287    RAM_inst/ram_memory_reg_0_127_2_2/D
    SLICE_X10Y111        RAMS64E                                      r  RAM_inst/ram_memory_reg_0_127_2_2/HIGH/I
  -------------------------------------------------------------------    -------------------

Slack:                    inf
  Source:                 RAM_inst/ram_memory_reg_0_127_2_2/HIGH/CLK
                            (rising edge-triggered cell RAMS64E)
  Destination:            RAM_inst/ram_memory_reg_0_127_2_2/LOW/I
  Path Group:             (none)
  Path Type:              Max at Slow Process Corner
  Data Path Delay:        4.287ns  (logic 1.989ns (46.395%)  route 2.298ns (53.605%))
  Logic Levels:           4  (LUT4=1 LUT6=1 MUXF7=1 RAMS64E=1)

    Location             Delay type                Incr(ns)  Path(ns)    Netlist Resource(s)
  -------------------------------------------------------------------    -------------------
    SLICE_X10Y111        RAMS64E                      0.000     0.000 r  RAM_inst/ram_memory_reg_0_127_2_2/HIGH/CLK
    SLICE_X10Y111        RAMS64E (Prop_rams64e_CLK_O)
                                                      1.320     1.320 r  RAM_inst/ram_memory_reg_0_127_2_2/HIGH/O
                         net (fo=1, routed)           0.000     1.320    RAM_inst/ram_memory_reg_0_127_2_2/O1
    SLICE_X10Y111        MUXF7 (Prop_muxf7_I1_O)      0.247     1.567 r  RAM_inst/ram_memory_reg_0_127_2_2/F7/O
                         net (fo=1, routed)           0.884     2.451    CPU_inst/D1[2]
    SLICE_X12Y112        LUT6 (Prop_lut6_I2_O)        0.298     2.749 r  CPU_inst/ram_memory_reg_0_127_2_2_i_2/O
                         net (fo=1, routed)           0.921     3.670    CPU_inst/ram_memory_reg_0_127_2_2_i_2_n_0
    SLICE_X12Y112        LUT4 (Prop_lut4_I3_O)        0.124     3.794 r  CPU_inst/ram_memory_reg_0_127_2_2_i_1/O
                         net (fo=11, routed)          0.494     4.287    RAM_inst/ram_memory_reg_0_127_2_2/D
    SLICE_X10Y111        RAMS64E                                      r  RAM_inst/ram_memory_reg_0_127_2_2/LOW/I
  -------------------------------------------------------------------    -------------------

Slack:                    inf
  Source:                 RAM_inst/ram_memory_reg_0_127_4_4/HIGH/CLK
                            (rising edge-triggered cell RAMS64E)
  Destination:            RAM_inst/ram_memory_reg_0_127_4_4/HIGH/I
  Path Group:             (none)
  Path Type:              Max at Slow Process Corner
  Data Path Delay:        4.095ns  (logic 2.017ns (49.252%)  route 2.078ns (50.748%))
  Logic Levels:           4  (LUT4=1 LUT6=1 MUXF7=1 RAMS64E=1)

    Location             Delay type                Incr(ns)  Path(ns)    Netlist Resource(s)
  -------------------------------------------------------------------    -------------------
    SLICE_X10Y110        RAMS64E                      0.000     0.000 r  RAM_inst/ram_memory_reg_0_127_4_4/HIGH/CLK
    SLICE_X10Y110        RAMS64E (Prop_rams64e_CLK_O)
                                                      1.320     1.320 r  RAM_inst/ram_memory_reg_0_127_4_4/HIGH/O
                         net (fo=1, routed)           0.000     1.320    RAM_inst/ram_memory_reg_0_127_4_4/O1
    SLICE_X10Y110        MUXF7 (Prop_muxf7_I1_O)      0.247     1.567 r  RAM_inst/ram_memory_reg_0_127_4_4/F7/O
                         net (fo=1, routed)           0.893     2.460    CPU_inst/D1[4]
    SLICE_X12Y111        LUT6 (Prop_lut6_I2_O)        0.298     2.758 r  CPU_inst/led_OBUFT[0]_inst_i_1/O
                         net (fo=2, routed)           0.669     3.427    CPU_inst/led_OBUF[0]
    SLICE_X13Y111        LUT4 (Prop_lut4_I3_O)        0.152     3.579 r  CPU_inst/ram_memory_reg_0_127_4_4_i_1/O
                         net (fo=11, routed)          0.516     4.095    RAM_inst/ram_memory_reg_0_127_4_4/D
    SLICE_X10Y110        RAMS64E                                      r  RAM_inst/ram_memory_reg_0_127_4_4/HIGH/I
  -------------------------------------------------------------------    -------------------

Slack:                    inf
  Source:                 RAM_inst/ram_memory_reg_0_127_4_4/HIGH/CLK
                            (rising edge-triggered cell RAMS64E)
  Destination:            RAM_inst/ram_memory_reg_0_127_4_4/LOW/I
  Path Group:             (none)
  Path Type:              Max at Slow Process Corner
  Data Path Delay:        4.095ns  (logic 2.017ns (49.252%)  route 2.078ns (50.748%))
  Logic Levels:           4  (LUT4=1 LUT6=1 MUXF7=1 RAMS64E=1)

    Location             Delay type                Incr(ns)  Path(ns)    Netlist Resource(s)
  -------------------------------------------------------------------    -------------------
    SLICE_X10Y110        RAMS64E                      0.000     0.000 r  RAM_inst/ram_memory_reg_0_127_4_4/HIGH/CLK
    SLICE_X10Y110        RAMS64E (Prop_rams64e_CLK_O)
                                                      1.320     1.320 r  RAM_inst/ram_memory_reg_0_127_4_4/HIGH/O
                         net (fo=1, routed)           0.000     1.320    RAM_inst/ram_memory_reg_0_127_4_4/O1
    SLICE_X10Y110        MUXF7 (Prop_muxf7_I1_O)      0.247     1.567 r  RAM_inst/ram_memory_reg_0_127_4_4/F7/O
                         net (fo=1, routed)           0.893     2.460    CPU_inst/D1[4]
    SLICE_X12Y111        LUT6 (Prop_lut6_I2_O)        0.298     2.758 r  CPU_inst/led_OBUFT[0]_inst_i_1/O
                         net (fo=2, routed)           0.669     3.427    CPU_inst/led_OBUF[0]
    SLICE_X13Y111        LUT4 (Prop_lut4_I3_O)        0.152     3.579 r  CPU_inst/ram_memory_reg_0_127_4_4_i_1/O
                         net (fo=11, routed)          0.516     4.095    RAM_inst/ram_memory_reg_0_127_4_4/D
    SLICE_X10Y110        RAMS64E                                      r  RAM_inst/ram_memory_reg_0_127_4_4/LOW/I
  -------------------------------------------------------------------    -------------------

Slack:                    inf
  Source:                 RAM_inst/ram_memory_reg_0_127_5_5/LOW/CLK
                            (rising edge-triggered cell RAMS64E)
  Destination:            RAM_inst/ram_memory_reg_0_127_5_5/HIGH/I
  Path Group:             (none)
  Path Type:              Max at Slow Process Corner
  Data Path Delay:        4.079ns  (logic 1.981ns (48.571%)  route 2.098ns (51.429%))
  Logic Levels:           4  (LUT4=1 LUT6=1 MUXF7=1 RAMS64E=1)

    Location             Delay type                Incr(ns)  Path(ns)    Netlist Resource(s)
  -------------------------------------------------------------------    -------------------
    SLICE_X10Y110        RAMS64E                      0.000     0.000 r  RAM_inst/ram_memory_reg_0_127_5_5/LOW/CLK
    SLICE_X10Y110        RAMS64E (Prop_rams64e_CLK_O)
                                                      1.323     1.323 r  RAM_inst/ram_memory_reg_0_127_5_5/LOW/O
                         net (fo=1, routed)           0.000     1.323    RAM_inst/ram_memory_reg_0_127_5_5/O0
    SLICE_X10Y110        MUXF7 (Prop_muxf7_I0_O)      0.209     1.532 r  RAM_inst/ram_memory_reg_0_127_5_5/F7/O
                         net (fo=1, routed)           0.469     2.001    CPU_inst/D1[5]
    SLICE_X12Y111        LUT6 (Prop_lut6_I2_O)        0.297     2.298 r  CPU_inst/led_OBUFT[1]_inst_i_1/O
                         net (fo=2, routed)           0.964     3.262    CPU_inst/led_OBUF[1]
    SLICE_X12Y112        LUT4 (Prop_lut4_I3_O)        0.152     3.414 r  CPU_inst/ram_memory_reg_0_127_5_5_i_1/O
                         net (fo=11, routed)          0.664     4.079    RAM_inst/ram_memory_reg_0_127_5_5/D
    SLICE_X10Y110        RAMS64E                                      r  RAM_inst/ram_memory_reg_0_127_5_5/HIGH/I
  -------------------------------------------------------------------    -------------------

Slack:                    inf
  Source:                 RAM_inst/ram_memory_reg_0_127_5_5/LOW/CLK
                            (rising edge-triggered cell RAMS64E)
  Destination:            RAM_inst/ram_memory_reg_0_127_5_5/LOW/I
  Path Group:             (none)
  Path Type:              Max at Slow Process Corner
  Data Path Delay:        4.079ns  (logic 1.981ns (48.571%)  route 2.098ns (51.429%))
  Logic Levels:           4  (LUT4=1 LUT6=1 MUXF7=1 RAMS64E=1)

    Location             Delay type                Incr(ns)  Path(ns)    Netlist Resource(s)
  -------------------------------------------------------------------    -------------------
    SLICE_X10Y110        RAMS64E                      0.000     0.000 r  RAM_inst/ram_memory_reg_0_127_5_5/LOW/CLK
    SLICE_X10Y110        RAMS64E (Prop_rams64e_CLK_O)
                                                      1.323     1.323 r  RAM_inst/ram_memory_reg_0_127_5_5/LOW/O
                         net (fo=1, routed)           0.000     1.323    RAM_inst/ram_memory_reg_0_127_5_5/O0
    SLICE_X10Y110        MUXF7 (Prop_muxf7_I0_O)      0.209     1.532 r  RAM_inst/ram_memory_reg_0_127_5_5/F7/O
                         net (fo=1, routed)           0.469     2.001    CPU_inst/D1[5]
    SLICE_X12Y111        LUT6 (Prop_lut6_I2_O)        0.297     2.298 r  CPU_inst/led_OBUFT[1]_inst_i_1/O
                         net (fo=2, routed)           0.964     3.262    CPU_inst/led_OBUF[1]
    SLICE_X12Y112        LUT4 (Prop_lut4_I3_O)        0.152     3.414 r  CPU_inst/ram_memory_reg_0_127_5_5_i_1/O
                         net (fo=11, routed)          0.664     4.079    RAM_inst/ram_memory_reg_0_127_5_5/D
    SLICE_X10Y110        RAMS64E                                      r  RAM_inst/ram_memory_reg_0_127_5_5/LOW/I
  -------------------------------------------------------------------    -------------------

Slack:                    inf
  Source:                 RAM_inst/ram_memory_reg_0_127_1_1/LOW/CLK
                            (rising edge-triggered cell RAMS64E)
  Destination:            RAM_inst/ram_memory_reg_0_127_1_1/HIGH/I
  Path Group:             (none)
  Path Type:              Max at Slow Process Corner
  Data Path Delay:        3.779ns  (logic 1.953ns (51.675%)  route 1.826ns (48.325%))
  Logic Levels:           4  (LUT4=1 LUT6=1 MUXF7=1 RAMS64E=1)

    Location             Delay type                Incr(ns)  Path(ns)    Netlist Resource(s)
  -------------------------------------------------------------------    -------------------
    SLICE_X14Y111        RAMS64E                      0.000     0.000 r  RAM_inst/ram_memory_reg_0_127_1_1/LOW/CLK
    SLICE_X14Y111        RAMS64E (Prop_rams64e_CLK_O)
                                                      1.323     1.323 r  RAM_inst/ram_memory_reg_0_127_1_1/LOW/O
                         net (fo=1, routed)           0.000     1.323    RAM_inst/ram_memory_reg_0_127_1_1/O0
    SLICE_X14Y111        MUXF7 (Prop_muxf7_I0_O)      0.209     1.532 r  RAM_inst/ram_memory_reg_0_127_1_1/F7/O
                         net (fo=1, routed)           0.286     1.818    CPU_inst/D1[1]
    SLICE_X13Y111        LUT6 (Prop_lut6_I2_O)        0.297     2.115 r  CPU_inst/ram_memory_reg_0_127_1_1_i_2/O
                         net (fo=1, routed)           0.846     2.960    CPU_inst/ram_memory_reg_0_127_1_1_i_2_n_0
    SLICE_X13Y111        LUT4 (Prop_lut4_I3_O)        0.124     3.084 r  CPU_inst/ram_memory_reg_0_127_1_1_i_1/O
                         net (fo=11, routed)          0.695     3.779    RAM_inst/ram_memory_reg_0_127_1_1/D
    SLICE_X14Y111        RAMS64E                                      r  RAM_inst/ram_memory_reg_0_127_1_1/HIGH/I
  -------------------------------------------------------------------    -------------------

Slack:                    inf
  Source:                 RAM_inst/ram_memory_reg_0_127_1_1/LOW/CLK
                            (rising edge-triggered cell RAMS64E)
  Destination:            RAM_inst/ram_memory_reg_0_127_1_1/LOW/I
  Path Group:             (none)
  Path Type:              Max at Slow Process Corner
  Data Path Delay:        3.779ns  (logic 1.953ns (51.675%)  route 1.826ns (48.325%))
  Logic Levels:           4  (LUT4=1 LUT6=1 MUXF7=1 RAMS64E=1)

    Location             Delay type                Incr(ns)  Path(ns)    Netlist Resource(s)
  -------------------------------------------------------------------    -------------------
    SLICE_X14Y111        RAMS64E                      0.000     0.000 r  RAM_inst/ram_memory_reg_0_127_1_1/LOW/CLK
    SLICE_X14Y111        RAMS64E (Prop_rams64e_CLK_O)
                                                      1.323     1.323 r  RAM_inst/ram_memory_reg_0_127_1_1/LOW/O
                         net (fo=1, routed)           0.000     1.323    RAM_inst/ram_memory_reg_0_127_1_1/O0
    SLICE_X14Y111        MUXF7 (Prop_muxf7_I0_O)      0.209     1.532 r  RAM_inst/ram_memory_reg_0_127_1_1/F7/O
                         net (fo=1, routed)           0.286     1.818    CPU_inst/D1[1]
    SLICE_X13Y111        LUT6 (Prop_lut6_I2_O)        0.297     2.115 r  CPU_inst/ram_memory_reg_0_127_1_1_i_2/O
                         net (fo=1, routed)           0.846     2.960    CPU_inst/ram_memory_reg_0_127_1_1_i_2_n_0
    SLICE_X13Y111        LUT4 (Prop_lut4_I3_O)        0.124     3.084 r  CPU_inst/ram_memory_reg_0_127_1_1_i_1/O
                         net (fo=11, routed)          0.695     3.779    RAM_inst/ram_memory_reg_0_127_1_1/D
    SLICE_X14Y111        RAMS64E                                      r  RAM_inst/ram_memory_reg_0_127_1_1/LOW/I
  -------------------------------------------------------------------    -------------------





Min Delay Paths
--------------------------------------------------------------------------------------
Slack:                    inf
  Source:                 RAM_inst/ram_memory_reg_0_127_0_0/HIGH/CLK
                            (rising edge-triggered cell RAMS64E)
  Destination:            RAM_inst/ram_memory_reg_0_127_0_0/HIGH/I
  Path Group:             (none)
  Path Type:              Min at Fast Process Corner
  Data Path Delay:        1.046ns  (logic 0.617ns (58.966%)  route 0.429ns (41.034%))
  Logic Levels:           4  (LUT4=1 LUT6=1 MUXF7=1 RAMS64E=1)

    Location             Delay type                Incr(ns)  Path(ns)    Netlist Resource(s)
  -------------------------------------------------------------------    -------------------
    SLICE_X14Y111        RAMS64E                      0.000     0.000 r  RAM_inst/ram_memory_reg_0_127_0_0/HIGH/CLK
    SLICE_X14Y111        RAMS64E (Prop_rams64e_CLK_O)
                                                      0.389     0.389 r  RAM_inst/ram_memory_reg_0_127_0_0/HIGH/O
                         net (fo=1, routed)           0.000     0.389    RAM_inst/ram_memory_reg_0_127_0_0/O1
    SLICE_X14Y111        MUXF7 (Prop_muxf7_I1_O)      0.075     0.464 r  RAM_inst/ram_memory_reg_0_127_0_0/F7/O
                         net (fo=1, routed)           0.130     0.594    CPU_inst/D1[0]
    SLICE_X13Y110        LUT6 (Prop_lut6_I2_O)        0.108     0.702 r  CPU_inst/ram_memory_reg_0_127_0_0_i_4/O
                         net (fo=1, routed)           0.135     0.837    CPU_inst/ram_memory_reg_0_127_0_0_i_4_n_0
    SLICE_X13Y110        LUT4 (Prop_lut4_I3_O)        0.045     0.882 r  CPU_inst/ram_memory_reg_0_127_0_0_i_2/O
                         net (fo=11, routed)          0.165     1.046    RAM_inst/ram_memory_reg_0_127_0_0/D
    SLICE_X14Y111        RAMS64E                                      r  RAM_inst/ram_memory_reg_0_127_0_0/HIGH/I
  -------------------------------------------------------------------    -------------------

Slack:                    inf
  Source:                 RAM_inst/ram_memory_reg_0_127_0_0/HIGH/CLK
                            (rising edge-triggered cell RAMS64E)
  Destination:            RAM_inst/ram_memory_reg_0_127_0_0/LOW/I
  Path Group:             (none)
  Path Type:              Min at Fast Process Corner
  Data Path Delay:        1.046ns  (logic 0.617ns (58.966%)  route 0.429ns (41.034%))
  Logic Levels:           4  (LUT4=1 LUT6=1 MUXF7=1 RAMS64E=1)

    Location             Delay type                Incr(ns)  Path(ns)    Netlist Resource(s)
  -------------------------------------------------------------------    -------------------
    SLICE_X14Y111        RAMS64E                      0.000     0.000 r  RAM_inst/ram_memory_reg_0_127_0_0/HIGH/CLK
    SLICE_X14Y111        RAMS64E (Prop_rams64e_CLK_O)
                                                      0.389     0.389 r  RAM_inst/ram_memory_reg_0_127_0_0/HIGH/O
                         net (fo=1, routed)           0.000     0.389    RAM_inst/ram_memory_reg_0_127_0_0/O1
    SLICE_X14Y111        MUXF7 (Prop_muxf7_I1_O)      0.075     0.464 r  RAM_inst/ram_memory_reg_0_127_0_0/F7/O
                         net (fo=1, routed)           0.130     0.594    CPU_inst/D1[0]
    SLICE_X13Y110        LUT6 (Prop_lut6_I2_O)        0.108     0.702 r  CPU_inst/ram_memory_reg_0_127_0_0_i_4/O
                         net (fo=1, routed)           0.135     0.837    CPU_inst/ram_memory_reg_0_127_0_0_i_4_n_0
    SLICE_X13Y110        LUT4 (Prop_lut4_I3_O)        0.045     0.882 r  CPU_inst/ram_memory_reg_0_127_0_0_i_2/O
                         net (fo=11, routed)          0.165     1.046    RAM_inst/ram_memory_reg_0_127_0_0/D
    SLICE_X14Y111        RAMS64E                                      r  RAM_inst/ram_memory_reg_0_127_0_0/LOW/I
  -------------------------------------------------------------------    -------------------

Slack:                    inf
  Source:                 RAM_inst/ram_memory_reg_0_127_7_7/LOW/CLK
                            (rising edge-triggered cell RAMS64E)
  Destination:            RAM_inst/ram_memory_reg_0_127_7_7/HIGH/I
  Path Group:             (none)
  Path Type:              Min at Fast Process Corner
  Data Path Delay:        1.056ns  (logic 0.605ns (57.298%)  route 0.451ns (42.702%))
  Logic Levels:           4  (LUT4=1 LUT6=1 MUXF7=1 RAMS64E=1)

    Location             Delay type                Incr(ns)  Path(ns)    Netlist Resource(s)
  -------------------------------------------------------------------    -------------------
    SLICE_X14Y110        RAMS64E                      0.000     0.000 r  RAM_inst/ram_memory_reg_0_127_7_7/LOW/CLK
    SLICE_X14Y110        RAMS64E (Prop_rams64e_CLK_O)
                                                      0.391     0.391 r  RAM_inst/ram_memory_reg_0_127_7_7/LOW/O
                         net (fo=1, routed)           0.000     0.391    RAM_inst/ram_memory_reg_0_127_7_7/O0
    SLICE_X14Y110        MUXF7 (Prop_muxf7_I0_O)      0.062     0.453 r  RAM_inst/ram_memory_reg_0_127_7_7/F7/O
                         net (fo=1, routed)           0.100     0.553    CPU_inst/D1[7]
    SLICE_X13Y110        LUT6 (Prop_lut6_I2_O)        0.108     0.661 r  CPU_inst/ram_memory_reg_0_127_7_7_i_2/O
                         net (fo=1, routed)           0.221     0.882    CPU_inst/ram_memory_reg_0_127_7_7_i_2_n_0
    SLICE_X13Y110        LUT4 (Prop_lut4_I3_O)        0.044     0.926 r  CPU_inst/ram_memory_reg_0_127_7_7_i_1/O
                         net (fo=11, routed)          0.130     1.056    RAM_inst/ram_memory_reg_0_127_7_7/D
    SLICE_X14Y110        RAMS64E                                      r  RAM_inst/ram_memory_reg_0_127_7_7/HIGH/I
  -------------------------------------------------------------------    -------------------

Slack:                    inf
  Source:                 RAM_inst/ram_memory_reg_0_127_7_7/LOW/CLK
                            (rising edge-triggered cell RAMS64E)
  Destination:            RAM_inst/ram_memory_reg_0_127_7_7/LOW/I
  Path Group:             (none)
  Path Type:              Min at Fast Process Corner
  Data Path Delay:        1.056ns  (logic 0.605ns (57.298%)  route 0.451ns (42.702%))
  Logic Levels:           4  (LUT4=1 LUT6=1 MUXF7=1 RAMS64E=1)

    Location             Delay type                Incr(ns)  Path(ns)    Netlist Resource(s)
  -------------------------------------------------------------------    -------------------
    SLICE_X14Y110        RAMS64E                      0.000     0.000 r  RAM_inst/ram_memory_reg_0_127_7_7/LOW/CLK
    SLICE_X14Y110        RAMS64E (Prop_rams64e_CLK_O)
                                                      0.391     0.391 r  RAM_inst/ram_memory_reg_0_127_7_7/LOW/O
                         net (fo=1, routed)           0.000     0.391    RAM_inst/ram_memory_reg_0_127_7_7/O0
    SLICE_X14Y110        MUXF7 (Prop_muxf7_I0_O)      0.062     0.453 r  RAM_inst/ram_memory_reg_0_127_7_7/F7/O
                         net (fo=1, routed)           0.100     0.553    CPU_inst/D1[7]
    SLICE_X13Y110        LUT6 (Prop_lut6_I2_O)        0.108     0.661 r  CPU_inst/ram_memory_reg_0_127_7_7_i_2/O
                         net (fo=1, routed)           0.221     0.882    CPU_inst/ram_memory_reg_0_127_7_7_i_2_n_0
    SLICE_X13Y110        LUT4 (Prop_lut4_I3_O)        0.044     0.926 r  CPU_inst/ram_memory_reg_0_127_7_7_i_1/O
                         net (fo=11, routed)          0.130     1.056    RAM_inst/ram_memory_reg_0_127_7_7/D
    SLICE_X14Y110        RAMS64E                                      r  RAM_inst/ram_memory_reg_0_127_7_7/LOW/I
  -------------------------------------------------------------------    -------------------

Slack:                    inf
  Source:                 RAM_inst/ram_memory_reg_0_127_6_6/HIGH/CLK
                            (rising edge-triggered cell RAMS64E)
  Destination:            RAM_inst/ram_memory_reg_0_127_6_6/HIGH/I
  Path Group:             (none)
  Path Type:              Min at Fast Process Corner
  Data Path Delay:        1.073ns  (logic 0.617ns (57.526%)  route 0.456ns (42.474%))
  Logic Levels:           4  (LUT4=1 LUT6=1 MUXF7=1 RAMS64E=1)

    Location             Delay type                Incr(ns)  Path(ns)    Netlist Resource(s)
  -------------------------------------------------------------------    -------------------
    SLICE_X14Y110        RAMS64E                      0.000     0.000 r  RAM_inst/ram_memory_reg_0_127_6_6/HIGH/CLK
    SLICE_X14Y110        RAMS64E (Prop_rams64e_CLK_O)
                                                      0.389     0.389 r  RAM_inst/ram_memory_reg_0_127_6_6/HIGH/O
                         net (fo=1, routed)           0.000     0.389    RAM_inst/ram_memory_reg_0_127_6_6/O1
    SLICE_X14Y110        MUXF7 (Prop_muxf7_I1_O)      0.075     0.464 r  RAM_inst/ram_memory_reg_0_127_6_6/F7/O
                         net (fo=1, routed)           0.098     0.562    CPU_inst/D1[6]
    SLICE_X13Y110        LUT6 (Prop_lut6_I2_O)        0.108     0.670 r  CPU_inst/ram_memory_reg_0_127_6_6_i_2/O
                         net (fo=1, routed)           0.189     0.859    CPU_inst/ram_memory_reg_0_127_6_6_i_2_n_0
    SLICE_X13Y111        LUT4 (Prop_lut4_I3_O)        0.045     0.904 r  CPU_inst/ram_memory_reg_0_127_6_6_i_1/O
                         net (fo=11, routed)          0.169     1.073    RAM_inst/ram_memory_reg_0_127_6_6/D
    SLICE_X14Y110        RAMS64E                                      r  RAM_inst/ram_memory_reg_0_127_6_6/HIGH/I
  -------------------------------------------------------------------    -------------------

Slack:                    inf
  Source:                 RAM_inst/ram_memory_reg_0_127_6_6/HIGH/CLK
                            (rising edge-triggered cell RAMS64E)
  Destination:            RAM_inst/ram_memory_reg_0_127_6_6/LOW/I
  Path Group:             (none)
  Path Type:              Min at Fast Process Corner
  Data Path Delay:        1.073ns  (logic 0.617ns (57.526%)  route 0.456ns (42.474%))
  Logic Levels:           4  (LUT4=1 LUT6=1 MUXF7=1 RAMS64E=1)

    Location             Delay type                Incr(ns)  Path(ns)    Netlist Resource(s)
  -------------------------------------------------------------------    -------------------
    SLICE_X14Y110        RAMS64E                      0.000     0.000 r  RAM_inst/ram_memory_reg_0_127_6_6/HIGH/CLK
    SLICE_X14Y110        RAMS64E (Prop_rams64e_CLK_O)
                                                      0.389     0.389 r  RAM_inst/ram_memory_reg_0_127_6_6/HIGH/O
                         net (fo=1, routed)           0.000     0.389    RAM_inst/ram_memory_reg_0_127_6_6/O1
    SLICE_X14Y110        MUXF7 (Prop_muxf7_I1_O)      0.075     0.464 r  RAM_inst/ram_memory_reg_0_127_6_6/F7/O
                         net (fo=1, routed)           0.098     0.562    CPU_inst/D1[6]
    SLICE_X13Y110        LUT6 (Prop_lut6_I2_O)        0.108     0.670 r  CPU_inst/ram_memory_reg_0_127_6_6_i_2/O
                         net (fo=1, routed)           0.189     0.859    CPU_inst/ram_memory_reg_0_127_6_6_i_2_n_0
    SLICE_X13Y111        LUT4 (Prop_lut4_I3_O)        0.045     0.904 r  CPU_inst/ram_memory_reg_0_127_6_6_i_1/O
                         net (fo=11, routed)          0.169     1.073    RAM_inst/ram_memory_reg_0_127_6_6/D
    SLICE_X14Y110        RAMS64E                                      r  RAM_inst/ram_memory_reg_0_127_6_6/LOW/I
  -------------------------------------------------------------------    -------------------

Slack:                    inf
  Source:                 RAM_inst/ram_memory_reg_0_127_3_3/LOW/CLK
                            (rising edge-triggered cell RAMS64E)
  Destination:            RAM_inst/ram_memory_reg_0_127_3_3/HIGH/I
  Path Group:             (none)
  Path Type:              Min at Fast Process Corner
  Data Path Delay:        1.225ns  (logic 0.607ns (49.558%)  route 0.618ns (50.442%))
  Logic Levels:           4  (LUT4=1 LUT6=1 MUXF7=1 RAMS64E=1)

    Location             Delay type                Incr(ns)  Path(ns)    Netlist Resource(s)
  -------------------------------------------------------------------    -------------------
    SLICE_X10Y111        RAMS64E                      0.000     0.000 r  RAM_inst/ram_memory_reg_0_127_3_3/LOW/CLK
    SLICE_X10Y111        RAMS64E (Prop_rams64e_CLK_O)
                                                      0.391     0.391 r  RAM_inst/ram_memory_reg_0_127_3_3/LOW/O
                         net (fo=1, routed)           0.000     0.391    RAM_inst/ram_memory_reg_0_127_3_3/O0
    SLICE_X10Y111        MUXF7 (Prop_muxf7_I0_O)      0.062     0.453 r  RAM_inst/ram_memory_reg_0_127_3_3/F7/O
                         net (fo=1, routed)           0.217     0.670    CPU_inst/D1[3]
    SLICE_X13Y111        LUT6 (Prop_lut6_I2_O)        0.108     0.778 r  CPU_inst/ram_memory_reg_0_127_3_3_i_2/O
                         net (fo=1, routed)           0.213     0.991    CPU_inst/ram_memory_reg_0_127_3_3_i_2_n_0
    SLICE_X13Y111        LUT4 (Prop_lut4_I3_O)        0.046     1.037 r  CPU_inst/ram_memory_reg_0_127_3_3_i_1/O
                         net (fo=11, routed)          0.188     1.225    RAM_inst/ram_memory_reg_0_127_3_3/D
    SLICE_X10Y111        RAMS64E                                      r  RAM_inst/ram_memory_reg_0_127_3_3/HIGH/I
  -------------------------------------------------------------------    -------------------

Slack:                    inf
  Source:                 RAM_inst/ram_memory_reg_0_127_3_3/LOW/CLK
                            (rising edge-triggered cell RAMS64E)
  Destination:            RAM_inst/ram_memory_reg_0_127_3_3/LOW/I
  Path Group:             (none)
  Path Type:              Min at Fast Process Corner
  Data Path Delay:        1.225ns  (logic 0.607ns (49.558%)  route 0.618ns (50.442%))
  Logic Levels:           4  (LUT4=1 LUT6=1 MUXF7=1 RAMS64E=1)

    Location             Delay type                Incr(ns)  Path(ns)    Netlist Resource(s)
  -------------------------------------------------------------------    -------------------
    SLICE_X10Y111        RAMS64E                      0.000     0.000 r  RAM_inst/ram_memory_reg_0_127_3_3/LOW/CLK
    SLICE_X10Y111        RAMS64E (Prop_rams64e_CLK_O)
                                                      0.391     0.391 r  RAM_inst/ram_memory_reg_0_127_3_3/LOW/O
                         net (fo=1, routed)           0.000     0.391    RAM_inst/ram_memory_reg_0_127_3_3/O0
    SLICE_X10Y111        MUXF7 (Prop_muxf7_I0_O)      0.062     0.453 r  RAM_inst/ram_memory_reg_0_127_3_3/F7/O
                         net (fo=1, routed)           0.217     0.670    CPU_inst/D1[3]
    SLICE_X13Y111        LUT6 (Prop_lut6_I2_O)        0.108     0.778 r  CPU_inst/ram_memory_reg_0_127_3_3_i_2/O
                         net (fo=1, routed)           0.213     0.991    CPU_inst/ram_memory_reg_0_127_3_3_i_2_n_0
    SLICE_X13Y111        LUT4 (Prop_lut4_I3_O)        0.046     1.037 r  CPU_inst/ram_memory_reg_0_127_3_3_i_1/O
                         net (fo=11, routed)          0.188     1.225    RAM_inst/ram_memory_reg_0_127_3_3/D
    SLICE_X10Y111        RAMS64E                                      r  RAM_inst/ram_memory_reg_0_127_3_3/LOW/I
  -------------------------------------------------------------------    -------------------

Slack:                    inf
  Source:                 RAM_inst/ram_memory_reg_0_127_1_1/LOW/CLK
                            (rising edge-triggered cell RAMS64E)
  Destination:            RAM_inst/ram_memory_reg_0_127_1_1/HIGH/I
  Path Group:             (none)
  Path Type:              Min at Fast Process Corner
  Data Path Delay:        1.250ns  (logic 0.606ns (48.465%)  route 0.644ns (51.535%))
  Logic Levels:           4  (LUT4=1 LUT6=1 MUXF7=1 RAMS64E=1)

    Location             Delay type                Incr(ns)  Path(ns)    Netlist Resource(s)
  -------------------------------------------------------------------    -------------------
    SLICE_X14Y111        RAMS64E                      0.000     0.000 r  RAM_inst/ram_memory_reg_0_127_1_1/LOW/CLK
    SLICE_X14Y111        RAMS64E (Prop_rams64e_CLK_O)
                                                      0.391     0.391 r  RAM_inst/ram_memory_reg_0_127_1_1/LOW/O
                         net (fo=1, routed)           0.000     0.391    RAM_inst/ram_memory_reg_0_127_1_1/O0
    SLICE_X14Y111        MUXF7 (Prop_muxf7_I0_O)      0.062     0.453 r  RAM_inst/ram_memory_reg_0_127_1_1/F7/O
                         net (fo=1, routed)           0.097     0.550    CPU_inst/D1[1]
    SLICE_X13Y111        LUT6 (Prop_lut6_I2_O)        0.108     0.658 r  CPU_inst/ram_memory_reg_0_127_1_1_i_2/O
                         net (fo=1, routed)           0.280     0.937    CPU_inst/ram_memory_reg_0_127_1_1_i_2_n_0
    SLICE_X13Y111        LUT4 (Prop_lut4_I3_O)        0.045     0.982 r  CPU_inst/ram_memory_reg_0_127_1_1_i_1/O
                         net (fo=11, routed)          0.268     1.250    RAM_inst/ram_memory_reg_0_127_1_1/D
    SLICE_X14Y111        RAMS64E                                      r  RAM_inst/ram_memory_reg_0_127_1_1/HIGH/I
  -------------------------------------------------------------------    -------------------

Slack:                    inf
  Source:                 RAM_inst/ram_memory_reg_0_127_1_1/LOW/CLK
                            (rising edge-triggered cell RAMS64E)
  Destination:            RAM_inst/ram_memory_reg_0_127_1_1/LOW/I
  Path Group:             (none)
  Path Type:              Min at Fast Process Corner
  Data Path Delay:        1.250ns  (logic 0.606ns (48.465%)  route 0.644ns (51.535%))
  Logic Levels:           4  (LUT4=1 LUT6=1 MUXF7=1 RAMS64E=1)

    Location             Delay type                Incr(ns)  Path(ns)    Netlist Resource(s)
  -------------------------------------------------------------------    -------------------
    SLICE_X14Y111        RAMS64E                      0.000     0.000 r  RAM_inst/ram_memory_reg_0_127_1_1/LOW/CLK
    SLICE_X14Y111        RAMS64E (Prop_rams64e_CLK_O)
                                                      0.391     0.391 r  RAM_inst/ram_memory_reg_0_127_1_1/LOW/O
                         net (fo=1, routed)           0.000     0.391    RAM_inst/ram_memory_reg_0_127_1_1/O0
    SLICE_X14Y111        MUXF7 (Prop_muxf7_I0_O)      0.062     0.453 r  RAM_inst/ram_memory_reg_0_127_1_1/F7/O
                         net (fo=1, routed)           0.097     0.550    CPU_inst/D1[1]
    SLICE_X13Y111        LUT6 (Prop_lut6_I2_O)        0.108     0.658 r  CPU_inst/ram_memory_reg_0_127_1_1_i_2/O
                         net (fo=1, routed)           0.280     0.937    CPU_inst/ram_memory_reg_0_127_1_1_i_2_n_0
    SLICE_X13Y111        LUT4 (Prop_lut4_I3_O)        0.045     0.982 r  CPU_inst/ram_memory_reg_0_127_1_1_i_1/O
                         net (fo=11, routed)          0.268     1.250    RAM_inst/ram_memory_reg_0_127_1_1/D
    SLICE_X14Y111        RAMS64E                                      r  RAM_inst/ram_memory_reg_0_127_1_1/LOW/I
  -------------------------------------------------------------------    -------------------





--------------------------------------------------------------------------------------
Path Group:  (none)
From Clock:  clk_12m
  To Clock:  

Max Delay           146 Endpoints
Min Delay           146 Endpoints
--------------------------------------------------------------------------------------


Max Delay Paths
--------------------------------------------------------------------------------------
Slack:                    inf
  Source:                 CPU_inst/OUT_addr_reg[0]/C
                            (rising edge-triggered cell FDRE clocked by clk_12m  {rise@0.000ns fall@41.667ns period=83.333ns})
  Destination:            led[0]
                            (output port)
  Path Group:             (none)
  Path Type:              Max at Slow Process Corner
  Data Path Delay:        11.098ns  (logic 4.336ns (39.069%)  route 6.762ns (60.931%))
  Logic Levels:           4  (LUT5=1 LUT6=2 OBUFT=1)
  Clock Uncertainty:      0.025ns  ((TSJ^2 + TIJ^2)^1/2 + DJ) / 2 + PE
    Total System Jitter     (TSJ):    0.050ns
    Total Input Jitter      (TIJ):    0.000ns
    Discrete Jitter          (DJ):    0.000ns
    Phase Error              (PE):    0.000ns

    Location             Delay type                Incr(ns)  Path(ns)    Netlist Resource(s)
  -------------------------------------------------------------------    -------------------
                         (clock clk_12m rise edge)    0.000     0.000 r  
    L17                                               0.000     0.000 r  clk (IN)
                         net (fo=0)                   0.000     0.000    clk
    L17                  IBUF (Prop_ibuf_I_O)         1.476     1.476 r  clk_IBUF_inst/O
                         net (fo=1, routed)           1.972     3.448    clk_IBUF
    BUFGCTRL_X0Y0        BUFG (Prop_bufg_I_O)         0.096     3.544 r  clk_IBUF_BUFG_inst/O
                         net (fo=150, routed)         1.741     5.285    CPU_inst/CLK
    SLICE_X13Y102        FDRE                                         r  CPU_inst/OUT_addr_reg[0]/C
  -------------------------------------------------------------------    -------------------
    SLICE_X13Y102        FDRE (Prop_fdre_C_Q)         0.456     5.741 f  CPU_inst/OUT_addr_reg[0]/Q
                         net (fo=40, routed)          2.378     8.119    CPU_inst/Q[0]
    SLICE_X13Y112        LUT6 (Prop_lut6_I1_O)        0.124     8.243 r  CPU_inst/led_OBUFT[1]_inst_i_6/O
                         net (fo=8, routed)           0.996     9.239    CPU_inst/led_OBUFT[1]_inst_i_6_n_0
    SLICE_X12Y114        LUT5 (Prop_lut5_I0_O)        0.124     9.363 r  CPU_inst/led_OBUFT[0]_inst_i_3/O
                         net (fo=1, routed)           0.961    10.324    CPU_inst/ROM_inst/Q1[4]
    SLICE_X12Y111        LUT6 (Prop_lut6_I0_O)        0.124    10.448 r  CPU_inst/led_OBUFT[0]_inst_i_1/O
                         net (fo=2, routed)           2.427    12.875    led_OBUF[0]
    A17                  OBUFT (Prop_obuft_I_O)       3.508    16.383 r  led_OBUFT[0]_inst/O
                         net (fo=0)                   0.000    16.383    led[0]
    A17                                                               r  led[0] (OUT)
  -------------------------------------------------------------------    -------------------

Slack:                    inf
  Source:                 CPU_inst/OUT_addr_reg[0]/C
                            (rising edge-triggered cell FDRE clocked by clk_12m  {rise@0.000ns fall@41.667ns period=83.333ns})
  Destination:            led[1]
                            (output port)
  Path Group:             (none)
  Path Type:              Max at Slow Process Corner
  Data Path Delay:        10.694ns  (logic 4.320ns (40.398%)  route 6.374ns (59.602%))
  Logic Levels:           4  (LUT5=1 LUT6=2 OBUFT=1)
  Clock Uncertainty:      0.025ns  ((TSJ^2 + TIJ^2)^1/2 + DJ) / 2 + PE
    Total System Jitter     (TSJ):    0.050ns
    Total Input Jitter      (TIJ):    0.000ns
    Discrete Jitter          (DJ):    0.000ns
    Phase Error              (PE):    0.000ns

    Location             Delay type                Incr(ns)  Path(ns)    Netlist Resource(s)
  -------------------------------------------------------------------    -------------------
                         (clock clk_12m rise edge)    0.000     0.000 r  
    L17                                               0.000     0.000 r  clk (IN)
                         net (fo=0)                   0.000     0.000    clk
    L17                  IBUF (Prop_ibuf_I_O)         1.476     1.476 r  clk_IBUF_inst/O
                         net (fo=1, routed)           1.972     3.448    clk_IBUF
    BUFGCTRL_X0Y0        BUFG (Prop_bufg_I_O)         0.096     3.544 r  clk_IBUF_BUFG_inst/O
                         net (fo=150, routed)         1.741     5.285    CPU_inst/CLK
    SLICE_X13Y102        FDRE                                         r  CPU_inst/OUT_addr_reg[0]/C
  -------------------------------------------------------------------    -------------------
    SLICE_X13Y102        FDRE (Prop_fdre_C_Q)         0.456     5.741 r  CPU_inst/OUT_addr_reg[0]/Q
                         net (fo=40, routed)          2.367     8.108    CPU_inst/Q[0]
    SLICE_X12Y113        LUT6 (Prop_lut6_I2_O)        0.124     8.232 r  CPU_inst/led_OBUFT[1]_inst_i_7/O
                         net (fo=1, routed)           0.670     8.902    CPU_inst/led_OBUFT[1]_inst_i_7_n_0
    SLICE_X12Y113        LUT5 (Prop_lut5_I2_O)        0.124     9.026 r  CPU_inst/led_OBUFT[1]_inst_i_3/O
                         net (fo=1, routed)           0.937     9.963    CPU_inst/ROM_inst/Q1[5]
    SLICE_X12Y111        LUT6 (Prop_lut6_I0_O)        0.124    10.087 r  CPU_inst/led_OBUFT[1]_inst_i_1/O
                         net (fo=2, routed)           2.400    12.487    led_OBUF[1]
    C16                  OBUFT (Prop_obuft_I_O)       3.492    15.979 r  led_OBUFT[1]_inst/O
                         net (fo=0)                   0.000    15.979    led[1]
    C16                                                               r  led[1] (OUT)
  -------------------------------------------------------------------    -------------------

Slack:                    inf
  Source:                 CPU_inst/OUT_addr_reg[0]/C
                            (rising edge-triggered cell FDRE clocked by clk_12m  {rise@0.000ns fall@41.667ns period=83.333ns})
  Destination:            RAM_inst/ram_memory_reg_0_127_5_5/HIGH/I
  Path Group:             (none)
  Path Type:              Max at Slow Process Corner
  Data Path Delay:        6.582ns  (logic 0.980ns (14.889%)  route 5.602ns (85.111%))
  Logic Levels:           4  (LUT4=1 LUT5=1 LUT6=2)
  Clock Uncertainty:      0.025ns  ((TSJ^2 + TIJ^2)^1/2 + DJ) / 2 + PE
    Total System Jitter     (TSJ):    0.050ns
    Total Input Jitter      (TIJ):    0.000ns
    Discrete Jitter          (DJ):    0.000ns
    Phase Error              (PE):    0.000ns

    Location             Delay type                Incr(ns)  Path(ns)    Netlist Resource(s)
  -------------------------------------------------------------------    -------------------
                         (clock clk_12m rise edge)    0.000     0.000 r  
    L17                                               0.000     0.000 r  clk (IN)
                         net (fo=0)                   0.000     0.000    clk
    L17                  IBUF (Prop_ibuf_I_O)         1.476     1.476 r  clk_IBUF_inst/O
                         net (fo=1, routed)           1.972     3.448    clk_IBUF
    BUFGCTRL_X0Y0        BUFG (Prop_bufg_I_O)         0.096     3.544 r  clk_IBUF_BUFG_inst/O
                         net (fo=150, routed)         1.741     5.285    CPU_inst/CLK
    SLICE_X13Y102        FDRE                                         r  CPU_inst/OUT_addr_reg[0]/C
  -------------------------------------------------------------------    -------------------
    SLICE_X13Y102        FDRE (Prop_fdre_C_Q)         0.456     5.741 r  CPU_inst/OUT_addr_reg[0]/Q
                         net (fo=40, routed)          2.367     8.108    CPU_inst/Q[0]
    SLICE_X12Y113        LUT6 (Prop_lut6_I2_O)        0.124     8.232 r  CPU_inst/led_OBUFT[1]_inst_i_7/O
                         net (fo=1, routed)           0.670     8.902    CPU_inst/led_OBUFT[1]_inst_i_7_n_0
    SLICE_X12Y113        LUT5 (Prop_lut5_I2_O)        0.124     9.026 r  CPU_inst/led_OBUFT[1]_inst_i_3/O
                         net (fo=1, routed)           0.937     9.963    CPU_inst/ROM_inst/Q1[5]
    SLICE_X12Y111        LUT6 (Prop_lut6_I0_O)        0.124    10.087 r  CPU_inst/led_OBUFT[1]_inst_i_1/O
                         net (fo=2, routed)           0.964    11.051    CPU_inst/led_OBUF[1]
    SLICE_X12Y112        LUT4 (Prop_lut4_I3_O)        0.152    11.203 r  CPU_inst/ram_memory_reg_0_127_5_5_i_1/O
                         net (fo=11, routed)          0.664    11.867    RAM_inst/ram_memory_reg_0_127_5_5/D
    SLICE_X10Y110        RAMS64E                                      r  RAM_inst/ram_memory_reg_0_127_5_5/HIGH/I
  -------------------------------------------------------------------    -------------------

Slack:                    inf
  Source:                 CPU_inst/OUT_addr_reg[0]/C
                            (rising edge-triggered cell FDRE clocked by clk_12m  {rise@0.000ns fall@41.667ns period=83.333ns})
  Destination:            RAM_inst/ram_memory_reg_0_127_5_5/LOW/I
  Path Group:             (none)
  Path Type:              Max at Slow Process Corner
  Data Path Delay:        6.582ns  (logic 0.980ns (14.889%)  route 5.602ns (85.111%))
  Logic Levels:           4  (LUT4=1 LUT5=1 LUT6=2)
  Clock Uncertainty:      0.025ns  ((TSJ^2 + TIJ^2)^1/2 + DJ) / 2 + PE
    Total System Jitter     (TSJ):    0.050ns
    Total Input Jitter      (TIJ):    0.000ns
    Discrete Jitter          (DJ):    0.000ns
    Phase Error              (PE):    0.000ns

    Location             Delay type                Incr(ns)  Path(ns)    Netlist Resource(s)
  -------------------------------------------------------------------    -------------------
                         (clock clk_12m rise edge)    0.000     0.000 r  
    L17                                               0.000     0.000 r  clk (IN)
                         net (fo=0)                   0.000     0.000    clk
    L17                  IBUF (Prop_ibuf_I_O)         1.476     1.476 r  clk_IBUF_inst/O
                         net (fo=1, routed)           1.972     3.448    clk_IBUF
    BUFGCTRL_X0Y0        BUFG (Prop_bufg_I_O)         0.096     3.544 r  clk_IBUF_BUFG_inst/O
                         net (fo=150, routed)         1.741     5.285    CPU_inst/CLK
    SLICE_X13Y102        FDRE                                         r  CPU_inst/OUT_addr_reg[0]/C
  -------------------------------------------------------------------    -------------------
    SLICE_X13Y102        FDRE (Prop_fdre_C_Q)         0.456     5.741 r  CPU_inst/OUT_addr_reg[0]/Q
                         net (fo=40, routed)          2.367     8.108    CPU_inst/Q[0]
    SLICE_X12Y113        LUT6 (Prop_lut6_I2_O)        0.124     8.232 r  CPU_inst/led_OBUFT[1]_inst_i_7/O
                         net (fo=1, routed)           0.670     8.902    CPU_inst/led_OBUFT[1]_inst_i_7_n_0
    SLICE_X12Y113        LUT5 (Prop_lut5_I2_O)        0.124     9.026 r  CPU_inst/led_OBUFT[1]_inst_i_3/O
                         net (fo=1, routed)           0.937     9.963    CPU_inst/ROM_inst/Q1[5]
    SLICE_X12Y111        LUT6 (Prop_lut6_I0_O)        0.124    10.087 r  CPU_inst/led_OBUFT[1]_inst_i_1/O
                         net (fo=2, routed)           0.964    11.051    CPU_inst/led_OBUF[1]
    SLICE_X12Y112        LUT4 (Prop_lut4_I3_O)        0.152    11.203 r  CPU_inst/ram_memory_reg_0_127_5_5_i_1/O
                         net (fo=11, routed)          0.664    11.867    RAM_inst/ram_memory_reg_0_127_5_5/D
    SLICE_X10Y110        RAMS64E                                      r  RAM_inst/ram_memory_reg_0_127_5_5/LOW/I
  -------------------------------------------------------------------    -------------------

Slack:                    inf
  Source:                 CPU_inst/OUT_addr_reg[0]/C
                            (rising edge-triggered cell FDRE clocked by clk_12m  {rise@0.000ns fall@41.667ns period=83.333ns})
  Destination:            RAM_inst/ram_memory_reg_0_127_4_4/HIGH/I
  Path Group:             (none)
  Path Type:              Max at Slow Process Corner
  Data Path Delay:        6.500ns  (logic 0.980ns (15.077%)  route 5.520ns (84.923%))
  Logic Levels:           4  (LUT4=1 LUT5=1 LUT6=2)
  Clock Uncertainty:      0.025ns  ((TSJ^2 + TIJ^2)^1/2 + DJ) / 2 + PE
    Total System Jitter     (TSJ):    0.050ns
    Total Input Jitter      (TIJ):    0.000ns
    Discrete Jitter          (DJ):    0.000ns
    Phase Error              (PE):    0.000ns

    Location             Delay type                Incr(ns)  Path(ns)    Netlist Resource(s)
  -------------------------------------------------------------------    -------------------
                         (clock clk_12m rise edge)    0.000     0.000 r  
    L17                                               0.000     0.000 r  clk (IN)
                         net (fo=0)                   0.000     0.000    clk
    L17                  IBUF (Prop_ibuf_I_O)         1.476     1.476 r  clk_IBUF_inst/O
                         net (fo=1, routed)           1.972     3.448    clk_IBUF
    BUFGCTRL_X0Y0        BUFG (Prop_bufg_I_O)         0.096     3.544 r  clk_IBUF_BUFG_inst/O
                         net (fo=150, routed)         1.741     5.285    CPU_inst/CLK
    SLICE_X13Y102        FDRE                                         r  CPU_inst/OUT_addr_reg[0]/C
  -------------------------------------------------------------------    -------------------
    SLICE_X13Y102        FDRE (Prop_fdre_C_Q)         0.456     5.741 f  CPU_inst/OUT_addr_reg[0]/Q
                         net (fo=40, routed)          2.378     8.119    CPU_inst/Q[0]
    SLICE_X13Y112        LUT6 (Prop_lut6_I1_O)        0.124     8.243 r  CPU_inst/led_OBUFT[1]_inst_i_6/O
                         net (fo=8, routed)           0.996     9.239    CPU_inst/led_OBUFT[1]_inst_i_6_n_0
    SLICE_X12Y114        LUT5 (Prop_lut5_I0_O)        0.124     9.363 r  CPU_inst/led_OBUFT[0]_inst_i_3/O
                         net (fo=1, routed)           0.961    10.324    CPU_inst/ROM_inst/Q1[4]
    SLICE_X12Y111        LUT6 (Prop_lut6_I0_O)        0.124    10.448 r  CPU_inst/led_OBUFT[0]_inst_i_1/O
                         net (fo=2, routed)           0.669    11.117    CPU_inst/led_OBUF[0]
    SLICE_X13Y111        LUT4 (Prop_lut4_I3_O)        0.152    11.269 r  CPU_inst/ram_memory_reg_0_127_4_4_i_1/O
                         net (fo=11, routed)          0.516    11.785    RAM_inst/ram_memory_reg_0_127_4_4/D
    SLICE_X10Y110        RAMS64E                                      r  RAM_inst/ram_memory_reg_0_127_4_4/HIGH/I
  -------------------------------------------------------------------    -------------------

Slack:                    inf
  Source:                 CPU_inst/OUT_addr_reg[0]/C
                            (rising edge-triggered cell FDRE clocked by clk_12m  {rise@0.000ns fall@41.667ns period=83.333ns})
  Destination:            RAM_inst/ram_memory_reg_0_127_4_4/LOW/I
  Path Group:             (none)
  Path Type:              Max at Slow Process Corner
  Data Path Delay:        6.500ns  (logic 0.980ns (15.077%)  route 5.520ns (84.923%))
  Logic Levels:           4  (LUT4=1 LUT5=1 LUT6=2)
  Clock Uncertainty:      0.025ns  ((TSJ^2 + TIJ^2)^1/2 + DJ) / 2 + PE
    Total System Jitter     (TSJ):    0.050ns
    Total Input Jitter      (TIJ):    0.000ns
    Discrete Jitter          (DJ):    0.000ns
    Phase Error              (PE):    0.000ns

    Location             Delay type                Incr(ns)  Path(ns)    Netlist Resource(s)
  -------------------------------------------------------------------    -------------------
                         (clock clk_12m rise edge)    0.000     0.000 r  
    L17                                               0.000     0.000 r  clk (IN)
                         net (fo=0)                   0.000     0.000    clk
    L17                  IBUF (Prop_ibuf_I_O)         1.476     1.476 r  clk_IBUF_inst/O
                         net (fo=1, routed)           1.972     3.448    clk_IBUF
    BUFGCTRL_X0Y0        BUFG (Prop_bufg_I_O)         0.096     3.544 r  clk_IBUF_BUFG_inst/O
                         net (fo=150, routed)         1.741     5.285    CPU_inst/CLK
    SLICE_X13Y102        FDRE                                         r  CPU_inst/OUT_addr_reg[0]/C
  -------------------------------------------------------------------    -------------------
    SLICE_X13Y102        FDRE (Prop_fdre_C_Q)         0.456     5.741 f  CPU_inst/OUT_addr_reg[0]/Q
                         net (fo=40, routed)          2.378     8.119    CPU_inst/Q[0]
    SLICE_X13Y112        LUT6 (Prop_lut6_I1_O)        0.124     8.243 r  CPU_inst/led_OBUFT[1]_inst_i_6/O
                         net (fo=8, routed)           0.996     9.239    CPU_inst/led_OBUFT[1]_inst_i_6_n_0
    SLICE_X12Y114        LUT5 (Prop_lut5_I0_O)        0.124     9.363 r  CPU_inst/led_OBUFT[0]_inst_i_3/O
                         net (fo=1, routed)           0.961    10.324    CPU_inst/ROM_inst/Q1[4]
    SLICE_X12Y111        LUT6 (Prop_lut6_I0_O)        0.124    10.448 r  CPU_inst/led_OBUFT[0]_inst_i_1/O
                         net (fo=2, routed)           0.669    11.117    CPU_inst/led_OBUF[0]
    SLICE_X13Y111        LUT4 (Prop_lut4_I3_O)        0.152    11.269 r  CPU_inst/ram_memory_reg_0_127_4_4_i_1/O
                         net (fo=11, routed)          0.516    11.785    RAM_inst/ram_memory_reg_0_127_4_4/D
    SLICE_X10Y110        RAMS64E                                      r  RAM_inst/ram_memory_reg_0_127_4_4/LOW/I
  -------------------------------------------------------------------    -------------------

Slack:                    inf
  Source:                 CPU_inst/OUT_addr_reg[1]/C
                            (rising edge-triggered cell FDRE clocked by clk_12m  {rise@0.000ns fall@41.667ns period=83.333ns})
  Destination:            RAM_inst/ram_memory_reg_0_127_2_2/HIGH/I
  Path Group:             (none)
  Path Type:              Max at Slow Process Corner
  Data Path Delay:        6.478ns  (logic 1.014ns (15.652%)  route 5.464ns (84.348%))
  Logic Levels:           4  (LUT4=1 LUT5=1 LUT6=2)
  Clock Uncertainty:      0.025ns  ((TSJ^2 + TIJ^2)^1/2 + DJ) / 2 + PE
    Total System Jitter     (TSJ):    0.050ns
    Total Input Jitter      (TIJ):    0.000ns
    Discrete Jitter          (DJ):    0.000ns
    Phase Error              (PE):    0.000ns

    Location             Delay type                Incr(ns)  Path(ns)    Netlist Resource(s)
  -------------------------------------------------------------------    -------------------
                         (clock clk_12m rise edge)    0.000     0.000 r  
    L17                                               0.000     0.000 r  clk (IN)
                         net (fo=0)                   0.000     0.000    clk
    L17                  IBUF (Prop_ibuf_I_O)         1.476     1.476 r  clk_IBUF_inst/O
                         net (fo=1, routed)           1.972     3.448    clk_IBUF
    BUFGCTRL_X0Y0        BUFG (Prop_bufg_I_O)         0.096     3.544 r  clk_IBUF_BUFG_inst/O
                         net (fo=150, routed)         1.740     5.284    CPU_inst/CLK
    SLICE_X14Y104        FDRE                                         r  CPU_inst/OUT_addr_reg[1]/C
  -------------------------------------------------------------------    -------------------
    SLICE_X14Y104        FDRE (Prop_fdre_C_Q)         0.518     5.802 r  CPU_inst/OUT_addr_reg[1]/Q
                         net (fo=36, routed)          2.442     8.244    CPU_inst/Q[1]
    SLICE_X12Y115        LUT6 (Prop_lut6_I5_O)        0.124     8.368 r  CPU_inst/ram_memory_reg_0_127_2_2_i_4/O
                         net (fo=1, routed)           0.670     9.039    CPU_inst/ram_memory_reg_0_127_2_2_i_4_n_0
    SLICE_X12Y115        LUT5 (Prop_lut5_I2_O)        0.124     9.163 r  CPU_inst/ram_memory_reg_0_127_2_2_i_3/O
                         net (fo=1, routed)           0.937    10.100    CPU_inst/ROM_inst/Q1[2]
    SLICE_X12Y112        LUT6 (Prop_lut6_I4_O)        0.124    10.224 r  CPU_inst/ram_memory_reg_0_127_2_2_i_2/O
                         net (fo=1, routed)           0.921    11.145    CPU_inst/ram_memory_reg_0_127_2_2_i_2_n_0
    SLICE_X12Y112        LUT4 (Prop_lut4_I3_O)        0.124    11.269 r  CPU_inst/ram_memory_reg_0_127_2_2_i_1/O
                         net (fo=11, routed)          0.494    11.762    RAM_inst/ram_memory_reg_0_127_2_2/D
    SLICE_X10Y111        RAMS64E                                      r  RAM_inst/ram_memory_reg_0_127_2_2/HIGH/I
  -------------------------------------------------------------------    -------------------

Slack:                    inf
  Source:                 CPU_inst/OUT_addr_reg[1]/C
                            (rising edge-triggered cell FDRE clocked by clk_12m  {rise@0.000ns fall@41.667ns period=83.333ns})
  Destination:            RAM_inst/ram_memory_reg_0_127_2_2/LOW/I
  Path Group:             (none)
  Path Type:              Max at Slow Process Corner
  Data Path Delay:        6.478ns  (logic 1.014ns (15.652%)  route 5.464ns (84.348%))
  Logic Levels:           4  (LUT4=1 LUT5=1 LUT6=2)
  Clock Uncertainty:      0.025ns  ((TSJ^2 + TIJ^2)^1/2 + DJ) / 2 + PE
    Total System Jitter     (TSJ):    0.050ns
    Total Input Jitter      (TIJ):    0.000ns
    Discrete Jitter          (DJ):    0.000ns
    Phase Error              (PE):    0.000ns

    Location             Delay type                Incr(ns)  Path(ns)    Netlist Resource(s)
  -------------------------------------------------------------------    -------------------
                         (clock clk_12m rise edge)    0.000     0.000 r  
    L17                                               0.000     0.000 r  clk (IN)
                         net (fo=0)                   0.000     0.000    clk
    L17                  IBUF (Prop_ibuf_I_O)         1.476     1.476 r  clk_IBUF_inst/O
                         net (fo=1, routed)           1.972     3.448    clk_IBUF
    BUFGCTRL_X0Y0        BUFG (Prop_bufg_I_O)         0.096     3.544 r  clk_IBUF_BUFG_inst/O
                         net (fo=150, routed)         1.740     5.284    CPU_inst/CLK
    SLICE_X14Y104        FDRE                                         r  CPU_inst/OUT_addr_reg[1]/C
  -------------------------------------------------------------------    -------------------
    SLICE_X14Y104        FDRE (Prop_fdre_C_Q)         0.518     5.802 r  CPU_inst/OUT_addr_reg[1]/Q
                         net (fo=36, routed)          2.442     8.244    CPU_inst/Q[1]
    SLICE_X12Y115        LUT6 (Prop_lut6_I5_O)        0.124     8.368 r  CPU_inst/ram_memory_reg_0_127_2_2_i_4/O
                         net (fo=1, routed)           0.670     9.039    CPU_inst/ram_memory_reg_0_127_2_2_i_4_n_0
    SLICE_X12Y115        LUT5 (Prop_lut5_I2_O)        0.124     9.163 r  CPU_inst/ram_memory_reg_0_127_2_2_i_3/O
                         net (fo=1, routed)           0.937    10.100    CPU_inst/ROM_inst/Q1[2]
    SLICE_X12Y112        LUT6 (Prop_lut6_I4_O)        0.124    10.224 r  CPU_inst/ram_memory_reg_0_127_2_2_i_2/O
                         net (fo=1, routed)           0.921    11.145    CPU_inst/ram_memory_reg_0_127_2_2_i_2_n_0
    SLICE_X12Y112        LUT4 (Prop_lut4_I3_O)        0.124    11.269 r  CPU_inst/ram_memory_reg_0_127_2_2_i_1/O
                         net (fo=11, routed)          0.494    11.762    RAM_inst/ram_memory_reg_0_127_2_2/D
    SLICE_X10Y111        RAMS64E                                      r  RAM_inst/ram_memory_reg_0_127_2_2/LOW/I
  -------------------------------------------------------------------    -------------------

Slack:                    inf
  Source:                 CPU_inst/OUT_addr_reg[0]/C
                            (rising edge-triggered cell FDRE clocked by clk_12m  {rise@0.000ns fall@41.667ns period=83.333ns})
  Destination:            RAM_inst/ram_memory_reg_0_127_1_1/HIGH/I
  Path Group:             (none)
  Path Type:              Max at Slow Process Corner
  Data Path Delay:        6.271ns  (logic 0.952ns (15.181%)  route 5.319ns (84.819%))
  Logic Levels:           4  (LUT4=1 LUT5=1 LUT6=2)
  Clock Uncertainty:      0.025ns  ((TSJ^2 + TIJ^2)^1/2 + DJ) / 2 + PE
    Total System Jitter     (TSJ):    0.050ns
    Total Input Jitter      (TIJ):    0.000ns
    Discrete Jitter          (DJ):    0.000ns
    Phase Error              (PE):    0.000ns

    Location             Delay type                Incr(ns)  Path(ns)    Netlist Resource(s)
  -------------------------------------------------------------------    -------------------
                         (clock clk_12m rise edge)    0.000     0.000 r  
    L17                                               0.000     0.000 r  clk (IN)
                         net (fo=0)                   0.000     0.000    clk
    L17                  IBUF (Prop_ibuf_I_O)         1.476     1.476 r  clk_IBUF_inst/O
                         net (fo=1, routed)           1.972     3.448    clk_IBUF
    BUFGCTRL_X0Y0        BUFG (Prop_bufg_I_O)         0.096     3.544 r  clk_IBUF_BUFG_inst/O
                         net (fo=150, routed)         1.741     5.285    CPU_inst/CLK
    SLICE_X13Y102        FDRE                                         r  CPU_inst/OUT_addr_reg[0]/C
  -------------------------------------------------------------------    -------------------
    SLICE_X13Y102        FDRE (Prop_fdre_C_Q)         0.456     5.741 f  CPU_inst/OUT_addr_reg[0]/Q
                         net (fo=40, routed)          2.378     8.119    CPU_inst/Q[0]
    SLICE_X13Y112        LUT6 (Prop_lut6_I1_O)        0.124     8.243 r  CPU_inst/led_OBUFT[1]_inst_i_6/O
                         net (fo=8, routed)           0.829     9.071    CPU_inst/led_OBUFT[1]_inst_i_6_n_0
    SLICE_X13Y113        LUT5 (Prop_lut5_I0_O)        0.124     9.195 r  CPU_inst/ram_memory_reg_0_127_1_1_i_3/O
                         net (fo=1, routed)           0.572     9.767    CPU_inst/ROM_inst/Q1[1]
    SLICE_X13Y111        LUT6 (Prop_lut6_I4_O)        0.124     9.891 r  CPU_inst/ram_memory_reg_0_127_1_1_i_2/O
                         net (fo=1, routed)           0.846    10.737    CPU_inst/ram_memory_reg_0_127_1_1_i_2_n_0
    SLICE_X13Y111        LUT4 (Prop_lut4_I3_O)        0.124    10.861 r  CPU_inst/ram_memory_reg_0_127_1_1_i_1/O
                         net (fo=11, routed)          0.695    11.556    RAM_inst/ram_memory_reg_0_127_1_1/D
    SLICE_X14Y111        RAMS64E                                      r  RAM_inst/ram_memory_reg_0_127_1_1/HIGH/I
  -------------------------------------------------------------------    -------------------

Slack:                    inf
  Source:                 CPU_inst/OUT_addr_reg[0]/C
                            (rising edge-triggered cell FDRE clocked by clk_12m  {rise@0.000ns fall@41.667ns period=83.333ns})
  Destination:            RAM_inst/ram_memory_reg_0_127_1_1/LOW/I
  Path Group:             (none)
  Path Type:              Max at Slow Process Corner
  Data Path Delay:        6.271ns  (logic 0.952ns (15.181%)  route 5.319ns (84.819%))
  Logic Levels:           4  (LUT4=1 LUT5=1 LUT6=2)
  Clock Uncertainty:      0.025ns  ((TSJ^2 + TIJ^2)^1/2 + DJ) / 2 + PE
    Total System Jitter     (TSJ):    0.050ns
    Total Input Jitter      (TIJ):    0.000ns
    Discrete Jitter          (DJ):    0.000ns
    Phase Error              (PE):    0.000ns

    Location             Delay type                Incr(ns)  Path(ns)    Netlist Resource(s)
  -------------------------------------------------------------------    -------------------
                         (clock clk_12m rise edge)    0.000     0.000 r  
    L17                                               0.000     0.000 r  clk (IN)
                         net (fo=0)                   0.000     0.000    clk
    L17                  IBUF (Prop_ibuf_I_O)         1.476     1.476 r  clk_IBUF_inst/O
                         net (fo=1, routed)           1.972     3.448    clk_IBUF
    BUFGCTRL_X0Y0        BUFG (Prop_bufg_I_O)         0.096     3.544 r  clk_IBUF_BUFG_inst/O
                         net (fo=150, routed)         1.741     5.285    CPU_inst/CLK
    SLICE_X13Y102        FDRE                                         r  CPU_inst/OUT_addr_reg[0]/C
  -------------------------------------------------------------------    -------------------
    SLICE_X13Y102        FDRE (Prop_fdre_C_Q)         0.456     5.741 f  CPU_inst/OUT_addr_reg[0]/Q
                         net (fo=40, routed)          2.378     8.119    CPU_inst/Q[0]
    SLICE_X13Y112        LUT6 (Prop_lut6_I1_O)        0.124     8.243 r  CPU_inst/led_OBUFT[1]_inst_i_6/O
                         net (fo=8, routed)           0.829     9.071    CPU_inst/led_OBUFT[1]_inst_i_6_n_0
    SLICE_X13Y113        LUT5 (Prop_lut5_I0_O)        0.124     9.195 r  CPU_inst/ram_memory_reg_0_127_1_1_i_3/O
                         net (fo=1, routed)           0.572     9.767    CPU_inst/ROM_inst/Q1[1]
    SLICE_X13Y111        LUT6 (Prop_lut6_I4_O)        0.124     9.891 r  CPU_inst/ram_memory_reg_0_127_1_1_i_2/O
                         net (fo=1, routed)           0.846    10.737    CPU_inst/ram_memory_reg_0_127_1_1_i_2_n_0
    SLICE_X13Y111        LUT4 (Prop_lut4_I3_O)        0.124    10.861 r  CPU_inst/ram_memory_reg_0_127_1_1_i_1/O
                         net (fo=11, routed)          0.695    11.556    RAM_inst/ram_memory_reg_0_127_1_1/D
    SLICE_X14Y111        RAMS64E                                      r  RAM_inst/ram_memory_reg_0_127_1_1/LOW/I
  -------------------------------------------------------------------    -------------------





Min Delay Paths
--------------------------------------------------------------------------------------
Slack:                    inf
  Source:                 CPU_inst/OUT_addr_reg[5]/C
                            (rising edge-triggered cell FDRE clocked by clk_12m  {rise@0.000ns fall@41.667ns period=83.333ns})
  Destination:            RAM_inst/ram_memory_reg_0_127_6_6/HIGH/ADR5
  Path Group:             (none)
  Path Type:              Min at Fast Process Corner
  Data Path Delay:        0.405ns  (logic 0.141ns (34.815%)  route 0.264ns (65.185%))
  Logic Levels:           0  
  Clock Uncertainty:      0.025ns  ((TSJ^2 + TIJ^2)^1/2 + DJ) / 2 + PE
    Total System Jitter     (TSJ):    0.050ns
    Total Input Jitter      (TIJ):    0.000ns
    Discrete Jitter          (DJ):    0.000ns
    Phase Error              (PE):    0.000ns

    Location             Delay type                Incr(ns)  Path(ns)    Netlist Resource(s)
  -------------------------------------------------------------------    -------------------
                         (clock clk_12m rise edge)    0.000     0.000 r  
    L17                                               0.000     0.000 r  clk (IN)
                         net (fo=0)                   0.000     0.000    clk
    L17                  IBUF (Prop_ibuf_I_O)         0.244     0.244 r  clk_IBUF_inst/O
                         net (fo=1, routed)           0.634     0.878    clk_IBUF
    BUFGCTRL_X0Y0        BUFG (Prop_bufg_I_O)         0.026     0.904 r  clk_IBUF_BUFG_inst/O
                         net (fo=150, routed)         0.646     1.550    CPU_inst/CLK
    SLICE_X15Y106        FDRE                                         r  CPU_inst/OUT_addr_reg[5]/C
  -------------------------------------------------------------------    -------------------
    SLICE_X15Y106        FDRE (Prop_fdre_C_Q)         0.141     1.691 r  CPU_inst/OUT_addr_reg[5]/Q
                         net (fo=28, routed)          0.264     1.955    RAM_inst/ram_memory_reg_0_127_6_6/A5
    SLICE_X14Y110        RAMS64E                                      r  RAM_inst/ram_memory_reg_0_127_6_6/HIGH/ADR5
  -------------------------------------------------------------------    -------------------

Slack:                    inf
  Source:                 CPU_inst/OUT_addr_reg[5]/C
                            (rising edge-triggered cell FDRE clocked by clk_12m  {rise@0.000ns fall@41.667ns period=83.333ns})
  Destination:            RAM_inst/ram_memory_reg_0_127_6_6/LOW/ADR5
  Path Group:             (none)
  Path Type:              Min at Fast Process Corner
  Data Path Delay:        0.405ns  (logic 0.141ns (34.815%)  route 0.264ns (65.185%))
  Logic Levels:           0  
  Clock Uncertainty:      0.025ns  ((TSJ^2 + TIJ^2)^1/2 + DJ) / 2 + PE
    Total System Jitter     (TSJ):    0.050ns
    Total Input Jitter      (TIJ):    0.000ns
    Discrete Jitter          (DJ):    0.000ns
    Phase Error              (PE):    0.000ns

    Location             Delay type                Incr(ns)  Path(ns)    Netlist Resource(s)
  -------------------------------------------------------------------    -------------------
                         (clock clk_12m rise edge)    0.000     0.000 r  
    L17                                               0.000     0.000 r  clk (IN)
                         net (fo=0)                   0.000     0.000    clk
    L17                  IBUF (Prop_ibuf_I_O)         0.244     0.244 r  clk_IBUF_inst/O
                         net (fo=1, routed)           0.634     0.878    clk_IBUF
    BUFGCTRL_X0Y0        BUFG (Prop_bufg_I_O)         0.026     0.904 r  clk_IBUF_BUFG_inst/O
                         net (fo=150, routed)         0.646     1.550    CPU_inst/CLK
    SLICE_X15Y106        FDRE                                         r  CPU_inst/OUT_addr_reg[5]/C
  -------------------------------------------------------------------    -------------------
    SLICE_X15Y106        FDRE (Prop_fdre_C_Q)         0.141     1.691 r  CPU_inst/OUT_addr_reg[5]/Q
                         net (fo=28, routed)          0.264     1.955    RAM_inst/ram_memory_reg_0_127_6_6/A5
    SLICE_X14Y110        RAMS64E                                      r  RAM_inst/ram_memory_reg_0_127_6_6/LOW/ADR5
  -------------------------------------------------------------------    -------------------

Slack:                    inf
  Source:                 CPU_inst/OUT_addr_reg[5]/C
                            (rising edge-triggered cell FDRE clocked by clk_12m  {rise@0.000ns fall@41.667ns period=83.333ns})
  Destination:            RAM_inst/ram_memory_reg_0_127_7_7/HIGH/ADR5
  Path Group:             (none)
  Path Type:              Min at Fast Process Corner
  Data Path Delay:        0.405ns  (logic 0.141ns (34.815%)  route 0.264ns (65.185%))
  Logic Levels:           0  
  Clock Uncertainty:      0.025ns  ((TSJ^2 + TIJ^2)^1/2 + DJ) / 2 + PE
    Total System Jitter     (TSJ):    0.050ns
    Total Input Jitter      (TIJ):    0.000ns
    Discrete Jitter          (DJ):    0.000ns
    Phase Error              (PE):    0.000ns

    Location             Delay type                Incr(ns)  Path(ns)    Netlist Resource(s)
  -------------------------------------------------------------------    -------------------
                         (clock clk_12m rise edge)    0.000     0.000 r  
    L17                                               0.000     0.000 r  clk (IN)
                         net (fo=0)                   0.000     0.000    clk
    L17                  IBUF (Prop_ibuf_I_O)         0.244     0.244 r  clk_IBUF_inst/O
                         net (fo=1, routed)           0.634     0.878    clk_IBUF
    BUFGCTRL_X0Y0        BUFG (Prop_bufg_I_O)         0.026     0.904 r  clk_IBUF_BUFG_inst/O
                         net (fo=150, routed)         0.646     1.550    CPU_inst/CLK
    SLICE_X15Y106        FDRE                                         r  CPU_inst/OUT_addr_reg[5]/C
  -------------------------------------------------------------------    -------------------
    SLICE_X15Y106        FDRE (Prop_fdre_C_Q)         0.141     1.691 r  CPU_inst/OUT_addr_reg[5]/Q
                         net (fo=28, routed)          0.264     1.955    RAM_inst/ram_memory_reg_0_127_7_7/A5
    SLICE_X14Y110        RAMS64E                                      r  RAM_inst/ram_memory_reg_0_127_7_7/HIGH/ADR5
  -------------------------------------------------------------------    -------------------

Slack:                    inf
  Source:                 CPU_inst/OUT_addr_reg[5]/C
                            (rising edge-triggered cell FDRE clocked by clk_12m  {rise@0.000ns fall@41.667ns period=83.333ns})
  Destination:            RAM_inst/ram_memory_reg_0_127_7_7/LOW/ADR5
  Path Group:             (none)
  Path Type:              Min at Fast Process Corner
  Data Path Delay:        0.405ns  (logic 0.141ns (34.815%)  route 0.264ns (65.185%))
  Logic Levels:           0  
  Clock Uncertainty:      0.025ns  ((TSJ^2 + TIJ^2)^1/2 + DJ) / 2 + PE
    Total System Jitter     (TSJ):    0.050ns
    Total Input Jitter      (TIJ):    0.000ns
    Discrete Jitter          (DJ):    0.000ns
    Phase Error              (PE):    0.000ns

    Location             Delay type                Incr(ns)  Path(ns)    Netlist Resource(s)
  -------------------------------------------------------------------    -------------------
                         (clock clk_12m rise edge)    0.000     0.000 r  
    L17                                               0.000     0.000 r  clk (IN)
                         net (fo=0)                   0.000     0.000    clk
    L17                  IBUF (Prop_ibuf_I_O)         0.244     0.244 r  clk_IBUF_inst/O
                         net (fo=1, routed)           0.634     0.878    clk_IBUF
    BUFGCTRL_X0Y0        BUFG (Prop_bufg_I_O)         0.026     0.904 r  clk_IBUF_BUFG_inst/O
                         net (fo=150, routed)         0.646     1.550    CPU_inst/CLK
    SLICE_X15Y106        FDRE                                         r  CPU_inst/OUT_addr_reg[5]/C
  -------------------------------------------------------------------    -------------------
    SLICE_X15Y106        FDRE (Prop_fdre_C_Q)         0.141     1.691 r  CPU_inst/OUT_addr_reg[5]/Q
                         net (fo=28, routed)          0.264     1.955    RAM_inst/ram_memory_reg_0_127_7_7/A5
    SLICE_X14Y110        RAMS64E                                      r  RAM_inst/ram_memory_reg_0_127_7_7/LOW/ADR5
  -------------------------------------------------------------------    -------------------

Slack:                    inf
  Source:                 CPU_inst/OUT_addr_reg[6]/C
                            (rising edge-triggered cell FDRE clocked by clk_12m  {rise@0.000ns fall@41.667ns period=83.333ns})
  Destination:            RAM_inst/ram_memory_reg_0_127_0_0/HIGH/WADR6
  Path Group:             (none)
  Path Type:              Min at Fast Process Corner
  Data Path Delay:        0.434ns  (logic 0.164ns (37.796%)  route 0.270ns (62.204%))
  Logic Levels:           0  
  Clock Uncertainty:      0.025ns  ((TSJ^2 + TIJ^2)^1/2 + DJ) / 2 + PE
    Total System Jitter     (TSJ):    0.050ns
    Total Input Jitter      (TIJ):    0.000ns
    Discrete Jitter          (DJ):    0.000ns
    Phase Error              (PE):    0.000ns

    Location             Delay type                Incr(ns)  Path(ns)    Netlist Resource(s)
  -------------------------------------------------------------------    -------------------
                         (clock clk_12m rise edge)    0.000     0.000 r  
    L17                                               0.000     0.000 r  clk (IN)
                         net (fo=0)                   0.000     0.000    clk
    L17                  IBUF (Prop_ibuf_I_O)         0.244     0.244 r  clk_IBUF_inst/O
                         net (fo=1, routed)           0.634     0.878    clk_IBUF
    BUFGCTRL_X0Y0        BUFG (Prop_bufg_I_O)         0.026     0.904 r  clk_IBUF_BUFG_inst/O
                         net (fo=150, routed)         0.645     1.549    CPU_inst/CLK
    SLICE_X12Y108        FDRE                                         r  CPU_inst/OUT_addr_reg[6]/C
  -------------------------------------------------------------------    -------------------
    SLICE_X12Y108        FDRE (Prop_fdre_C_Q)         0.164     1.713 r  CPU_inst/OUT_addr_reg[6]/Q
                         net (fo=44, routed)          0.270     1.983    RAM_inst/ram_memory_reg_0_127_0_0/A6
    SLICE_X14Y111        RAMS64E                                      r  RAM_inst/ram_memory_reg_0_127_0_0/HIGH/WADR6
  -------------------------------------------------------------------    -------------------

Slack:                    inf
  Source:                 CPU_inst/OUT_addr_reg[6]/C
                            (rising edge-triggered cell FDRE clocked by clk_12m  {rise@0.000ns fall@41.667ns period=83.333ns})
  Destination:            RAM_inst/ram_memory_reg_0_127_0_0/LOW/WADR6
  Path Group:             (none)
  Path Type:              Min at Fast Process Corner
  Data Path Delay:        0.434ns  (logic 0.164ns (37.796%)  route 0.270ns (62.204%))
  Logic Levels:           0  
  Clock Uncertainty:      0.025ns  ((TSJ^2 + TIJ^2)^1/2 + DJ) / 2 + PE
    Total System Jitter     (TSJ):    0.050ns
    Total Input Jitter      (TIJ):    0.000ns
    Discrete Jitter          (DJ):    0.000ns
    Phase Error              (PE):    0.000ns

    Location             Delay type                Incr(ns)  Path(ns)    Netlist Resource(s)
  -------------------------------------------------------------------    -------------------
                         (clock clk_12m rise edge)    0.000     0.000 r  
    L17                                               0.000     0.000 r  clk (IN)
                         net (fo=0)                   0.000     0.000    clk
    L17                  IBUF (Prop_ibuf_I_O)         0.244     0.244 r  clk_IBUF_inst/O
                         net (fo=1, routed)           0.634     0.878    clk_IBUF
    BUFGCTRL_X0Y0        BUFG (Prop_bufg_I_O)         0.026     0.904 r  clk_IBUF_BUFG_inst/O
                         net (fo=150, routed)         0.645     1.549    CPU_inst/CLK
    SLICE_X12Y108        FDRE                                         r  CPU_inst/OUT_addr_reg[6]/C
  -------------------------------------------------------------------    -------------------
    SLICE_X12Y108        FDRE (Prop_fdre_C_Q)         0.164     1.713 r  CPU_inst/OUT_addr_reg[6]/Q
                         net (fo=44, routed)          0.270     1.983    RAM_inst/ram_memory_reg_0_127_0_0/A6
    SLICE_X14Y111        RAMS64E                                      r  RAM_inst/ram_memory_reg_0_127_0_0/LOW/WADR6
  -------------------------------------------------------------------    -------------------

Slack:                    inf
  Source:                 CPU_inst/OUT_addr_reg[6]/C
                            (rising edge-triggered cell FDRE clocked by clk_12m  {rise@0.000ns fall@41.667ns period=83.333ns})
  Destination:            RAM_inst/ram_memory_reg_0_127_1_1/HIGH/WADR6
  Path Group:             (none)
  Path Type:              Min at Fast Process Corner
  Data Path Delay:        0.434ns  (logic 0.164ns (37.796%)  route 0.270ns (62.204%))
  Logic Levels:           0  
  Clock Uncertainty:      0.025ns  ((TSJ^2 + TIJ^2)^1/2 + DJ) / 2 + PE
    Total System Jitter     (TSJ):    0.050ns
    Total Input Jitter      (TIJ):    0.000ns
    Discrete Jitter          (DJ):    0.000ns
    Phase Error              (PE):    0.000ns

    Location             Delay type                Incr(ns)  Path(ns)    Netlist Resource(s)
  -------------------------------------------------------------------    -------------------
                         (clock clk_12m rise edge)    0.000     0.000 r  
    L17                                               0.000     0.000 r  clk (IN)
                         net (fo=0)                   0.000     0.000    clk
    L17                  IBUF (Prop_ibuf_I_O)         0.244     0.244 r  clk_IBUF_inst/O
                         net (fo=1, routed)           0.634     0.878    clk_IBUF
    BUFGCTRL_X0Y0        BUFG (Prop_bufg_I_O)         0.026     0.904 r  clk_IBUF_BUFG_inst/O
                         net (fo=150, routed)         0.645     1.549    CPU_inst/CLK
    SLICE_X12Y108        FDRE                                         r  CPU_inst/OUT_addr_reg[6]/C
  -------------------------------------------------------------------    -------------------
    SLICE_X12Y108        FDRE (Prop_fdre_C_Q)         0.164     1.713 r  CPU_inst/OUT_addr_reg[6]/Q
                         net (fo=44, routed)          0.270     1.983    RAM_inst/ram_memory_reg_0_127_1_1/A6
    SLICE_X14Y111        RAMS64E                                      r  RAM_inst/ram_memory_reg_0_127_1_1/HIGH/WADR6
  -------------------------------------------------------------------    -------------------

Slack:                    inf
  Source:                 CPU_inst/OUT_addr_reg[6]/C
                            (rising edge-triggered cell FDRE clocked by clk_12m  {rise@0.000ns fall@41.667ns period=83.333ns})
  Destination:            RAM_inst/ram_memory_reg_0_127_1_1/LOW/WADR6
  Path Group:             (none)
  Path Type:              Min at Fast Process Corner
  Data Path Delay:        0.434ns  (logic 0.164ns (37.796%)  route 0.270ns (62.204%))
  Logic Levels:           0  
  Clock Uncertainty:      0.025ns  ((TSJ^2 + TIJ^2)^1/2 + DJ) / 2 + PE
    Total System Jitter     (TSJ):    0.050ns
    Total Input Jitter      (TIJ):    0.000ns
    Discrete Jitter          (DJ):    0.000ns
    Phase Error              (PE):    0.000ns

    Location             Delay type                Incr(ns)  Path(ns)    Netlist Resource(s)
  -------------------------------------------------------------------    -------------------
                         (clock clk_12m rise edge)    0.000     0.000 r  
    L17                                               0.000     0.000 r  clk (IN)
                         net (fo=0)                   0.000     0.000    clk
    L17                  IBUF (Prop_ibuf_I_O)         0.244     0.244 r  clk_IBUF_inst/O
                         net (fo=1, routed)           0.634     0.878    clk_IBUF
    BUFGCTRL_X0Y0        BUFG (Prop_bufg_I_O)         0.026     0.904 r  clk_IBUF_BUFG_inst/O
                         net (fo=150, routed)         0.645     1.549    CPU_inst/CLK
    SLICE_X12Y108        FDRE                                         r  CPU_inst/OUT_addr_reg[6]/C
  -------------------------------------------------------------------    -------------------
    SLICE_X12Y108        FDRE (Prop_fdre_C_Q)         0.164     1.713 r  CPU_inst/OUT_addr_reg[6]/Q
                         net (fo=44, routed)          0.270     1.983    RAM_inst/ram_memory_reg_0_127_1_1/A6
    SLICE_X14Y111        RAMS64E                                      r  RAM_inst/ram_memory_reg_0_127_1_1/LOW/WADR6
  -------------------------------------------------------------------    -------------------

Slack:                    inf
  Source:                 CPU_inst/OUT_addr_reg[5]/C
                            (rising edge-triggered cell FDRE clocked by clk_12m  {rise@0.000ns fall@41.667ns period=83.333ns})
  Destination:            RAM_inst/ram_memory_reg_0_127_0_0/HIGH/ADR5
  Path Group:             (none)
  Path Type:              Min at Fast Process Corner
  Data Path Delay:        0.498ns  (logic 0.141ns (28.333%)  route 0.357ns (71.667%))
  Logic Levels:           0  
  Clock Uncertainty:      0.025ns  ((TSJ^2 + TIJ^2)^1/2 + DJ) / 2 + PE
    Total System Jitter     (TSJ):    0.050ns
    Total Input Jitter      (TIJ):    0.000ns
    Discrete Jitter          (DJ):    0.000ns
    Phase Error              (PE):    0.000ns

    Location             Delay type                Incr(ns)  Path(ns)    Netlist Resource(s)
  -------------------------------------------------------------------    -------------------
                         (clock clk_12m rise edge)    0.000     0.000 r  
    L17                                               0.000     0.000 r  clk (IN)
                         net (fo=0)                   0.000     0.000    clk
    L17                  IBUF (Prop_ibuf_I_O)         0.244     0.244 r  clk_IBUF_inst/O
                         net (fo=1, routed)           0.634     0.878    clk_IBUF
    BUFGCTRL_X0Y0        BUFG (Prop_bufg_I_O)         0.026     0.904 r  clk_IBUF_BUFG_inst/O
                         net (fo=150, routed)         0.646     1.550    CPU_inst/CLK
    SLICE_X15Y106        FDRE                                         r  CPU_inst/OUT_addr_reg[5]/C
  -------------------------------------------------------------------    -------------------
    SLICE_X15Y106        FDRE (Prop_fdre_C_Q)         0.141     1.691 r  CPU_inst/OUT_addr_reg[5]/Q
                         net (fo=28, routed)          0.357     2.048    RAM_inst/ram_memory_reg_0_127_0_0/A5
    SLICE_X14Y111        RAMS64E                                      r  RAM_inst/ram_memory_reg_0_127_0_0/HIGH/ADR5
  -------------------------------------------------------------------    -------------------

Slack:                    inf
  Source:                 CPU_inst/OUT_addr_reg[5]/C
                            (rising edge-triggered cell FDRE clocked by clk_12m  {rise@0.000ns fall@41.667ns period=83.333ns})
  Destination:            RAM_inst/ram_memory_reg_0_127_0_0/LOW/ADR5
  Path Group:             (none)
  Path Type:              Min at Fast Process Corner
  Data Path Delay:        0.498ns  (logic 0.141ns (28.333%)  route 0.357ns (71.667%))
  Logic Levels:           0  
  Clock Uncertainty:      0.025ns  ((TSJ^2 + TIJ^2)^1/2 + DJ) / 2 + PE
    Total System Jitter     (TSJ):    0.050ns
    Total Input Jitter      (TIJ):    0.000ns
    Discrete Jitter          (DJ):    0.000ns
    Phase Error              (PE):    0.000ns

    Location             Delay type                Incr(ns)  Path(ns)    Netlist Resource(s)
  -------------------------------------------------------------------    -------------------
                         (clock clk_12m rise edge)    0.000     0.000 r  
    L17                                               0.000     0.000 r  clk (IN)
                         net (fo=0)                   0.000     0.000    clk
    L17                  IBUF (Prop_ibuf_I_O)         0.244     0.244 r  clk_IBUF_inst/O
                         net (fo=1, routed)           0.634     0.878    clk_IBUF
    BUFGCTRL_X0Y0        BUFG (Prop_bufg_I_O)         0.026     0.904 r  clk_IBUF_BUFG_inst/O
                         net (fo=150, routed)         0.646     1.550    CPU_inst/CLK
    SLICE_X15Y106        FDRE                                         r  CPU_inst/OUT_addr_reg[5]/C
  -------------------------------------------------------------------    -------------------
    SLICE_X15Y106        FDRE (Prop_fdre_C_Q)         0.141     1.691 r  CPU_inst/OUT_addr_reg[5]/Q
                         net (fo=28, routed)          0.357     2.048    RAM_inst/ram_memory_reg_0_127_0_0/A5
    SLICE_X14Y111        RAMS64E                                      r  RAM_inst/ram_memory_reg_0_127_0_0/LOW/ADR5
  -------------------------------------------------------------------    -------------------





--------------------------------------------------------------------------------------
Path Group:  (none)
From Clock:  
  To Clock:  clk_12m

Max Delay            72 Endpoints
Min Delay            72 Endpoints
--------------------------------------------------------------------------------------


Max Delay Paths
--------------------------------------------------------------------------------------
Slack:                    inf
  Source:                 RAM_inst/ram_memory_reg_0_127_2_2/HIGH/CLK
                            (rising edge-triggered cell RAMS64E)
  Destination:            CPU_inst/B_reg[2]/D
                            (rising edge-triggered cell FDRE clocked by clk_12m  {rise@0.000ns fall@41.667ns period=83.333ns})
  Path Group:             (none)
  Path Type:              Setup (Max at Slow Process Corner)
  Data Path Delay:        6.639ns  (logic 2.113ns (31.828%)  route 4.526ns (68.172%))
  Logic Levels:           5  (LUT4=1 LUT5=1 LUT6=1 MUXF7=1 RAMS64E=1)
  Clock Uncertainty:      0.025ns  ((TSJ^2 + TIJ^2)^1/2 + DJ) / 2 + PE
    Total System Jitter     (TSJ):    0.050ns
    Total Input Jitter      (TIJ):    0.000ns
    Discrete Jitter          (DJ):    0.000ns
    Phase Error              (PE):    0.000ns

    Location             Delay type                Incr(ns)  Path(ns)    Netlist Resource(s)
  -------------------------------------------------------------------    -------------------
    SLICE_X10Y111        RAMS64E                      0.000     0.000 r  RAM_inst/ram_memory_reg_0_127_2_2/HIGH/CLK
    SLICE_X10Y111        RAMS64E (Prop_rams64e_CLK_O)
                                                      1.320     1.320 r  RAM_inst/ram_memory_reg_0_127_2_2/HIGH/O
                         net (fo=1, routed)           0.000     1.320    RAM_inst/ram_memory_reg_0_127_2_2/O1
    SLICE_X10Y111        MUXF7 (Prop_muxf7_I1_O)      0.247     1.567 r  RAM_inst/ram_memory_reg_0_127_2_2/F7/O
                         net (fo=1, routed)           0.884     2.451    CPU_inst/D1[2]
    SLICE_X12Y112        LUT6 (Prop_lut6_I2_O)        0.298     2.749 r  CPU_inst/ram_memory_reg_0_127_2_2_i_2/O
                         net (fo=1, routed)           0.921     3.670    CPU_inst/ram_memory_reg_0_127_2_2_i_2_n_0
    SLICE_X12Y112        LUT4 (Prop_lut4_I3_O)        0.124     3.794 r  CPU_inst/ram_memory_reg_0_127_2_2_i_1/O
                         net (fo=11, routed)          2.250     6.044    CPU_inst/BUS_DATA[2]
    SLICE_X31Y101        LUT5 (Prop_lut5_I4_O)        0.124     6.168 r  CPU_inst/B[2]_i_1/O
                         net (fo=1, routed)           0.471     6.639    CPU_inst/B[2]_i_1_n_0
    SLICE_X31Y102        FDRE                                         r  CPU_inst/B_reg[2]/D
  -------------------------------------------------------------------    -------------------

                         (clock clk_12m rise edge)    0.000     0.000 r  
    L17                                               0.000     0.000 r  clk (IN)
                         net (fo=0)                   0.000     0.000    clk
    L17                  IBUF (Prop_ibuf_I_O)         1.406     1.406 r  clk_IBUF_inst/O
                         net (fo=1, routed)           1.868     3.274    clk_IBUF
    BUFGCTRL_X0Y0        BUFG (Prop_bufg_I_O)         0.091     3.365 r  clk_IBUF_BUFG_inst/O
                         net (fo=150, routed)         1.610     4.975    CPU_inst/CLK
    SLICE_X31Y102        FDRE                                         r  CPU_inst/B_reg[2]/C

Slack:                    inf
  Source:                 RAM_inst/ram_memory_reg_0_127_5_5/LOW/CLK
                            (rising edge-triggered cell RAMS64E)
  Destination:            CPU_inst/PC_reg[5]/D
                            (rising edge-triggered cell FDRE clocked by clk_12m  {rise@0.000ns fall@41.667ns period=83.333ns})
  Path Group:             (none)
  Path Type:              Setup (Max at Slow Process Corner)
  Data Path Delay:        6.337ns  (logic 2.453ns (38.708%)  route 3.884ns (61.292%))
  Logic Levels:           6  (LUT4=1 LUT6=3 MUXF7=1 RAMS64E=1)
  Clock Uncertainty:      0.025ns  ((TSJ^2 + TIJ^2)^1/2 + DJ) / 2 + PE
    Total System Jitter     (TSJ):    0.050ns
    Total Input Jitter      (TIJ):    0.000ns
    Discrete Jitter          (DJ):    0.000ns
    Phase Error              (PE):    0.000ns

    Location             Delay type                Incr(ns)  Path(ns)    Netlist Resource(s)
  -------------------------------------------------------------------    -------------------
    SLICE_X10Y110        RAMS64E                      0.000     0.000 r  RAM_inst/ram_memory_reg_0_127_5_5/LOW/CLK
    SLICE_X10Y110        RAMS64E (Prop_rams64e_CLK_O)
                                                      1.323     1.323 r  RAM_inst/ram_memory_reg_0_127_5_5/LOW/O
                         net (fo=1, routed)           0.000     1.323    RAM_inst/ram_memory_reg_0_127_5_5/O0
    SLICE_X10Y110        MUXF7 (Prop_muxf7_I0_O)      0.209     1.532 r  RAM_inst/ram_memory_reg_0_127_5_5/F7/O
                         net (fo=1, routed)           0.469     2.001    CPU_inst/D1[5]
    SLICE_X12Y111        LUT6 (Prop_lut6_I2_O)        0.297     2.298 r  CPU_inst/led_OBUFT[1]_inst_i_1/O
                         net (fo=2, routed)           0.964     3.262    CPU_inst/led_OBUF[1]
    SLICE_X12Y112        LUT4 (Prop_lut4_I3_O)        0.152     3.414 r  CPU_inst/ram_memory_reg_0_127_5_5_i_1/O
                         net (fo=11, routed)          1.651     5.065    CPU_inst/PORT_DIR_reg_0
    SLICE_X17Y108        LUT6 (Prop_lut6_I0_O)        0.348     5.413 r  CPU_inst/PC[5]_i_2/O
                         net (fo=1, routed)           0.800     6.213    CPU_inst/PC[5]_i_2_n_0
    SLICE_X18Y109        LUT6 (Prop_lut6_I0_O)        0.124     6.337 r  CPU_inst/PC[5]_i_1/O
                         net (fo=1, routed)           0.000     6.337    CPU_inst/PC[5]_i_1_n_0
    SLICE_X18Y109        FDRE                                         r  CPU_inst/PC_reg[5]/D
  -------------------------------------------------------------------    -------------------

                         (clock clk_12m rise edge)    0.000     0.000 r  
    L17                                               0.000     0.000 r  clk (IN)
                         net (fo=0)                   0.000     0.000    clk
    L17                  IBUF (Prop_ibuf_I_O)         1.406     1.406 r  clk_IBUF_inst/O
                         net (fo=1, routed)           1.868     3.274    clk_IBUF
    BUFGCTRL_X0Y0        BUFG (Prop_bufg_I_O)         0.091     3.365 r  clk_IBUF_BUFG_inst/O
                         net (fo=150, routed)         1.612     4.977    CPU_inst/CLK
    SLICE_X18Y109        FDRE                                         r  CPU_inst/PC_reg[5]/C

Slack:                    inf
  Source:                 RAM_inst/ram_memory_reg_0_127_4_4/HIGH/CLK
                            (rising edge-triggered cell RAMS64E)
  Destination:            CPU_inst/PC_reg[4]/D
                            (rising edge-triggered cell FDRE clocked by clk_12m  {rise@0.000ns fall@41.667ns period=83.333ns})
  Path Group:             (none)
  Path Type:              Setup (Max at Slow Process Corner)
  Data Path Delay:        6.336ns  (logic 2.473ns (39.032%)  route 3.863ns (60.968%))
  Logic Levels:           6  (LUT4=1 LUT6=3 MUXF7=1 RAMS64E=1)
  Clock Uncertainty:      0.025ns  ((TSJ^2 + TIJ^2)^1/2 + DJ) / 2 + PE
    Total System Jitter     (TSJ):    0.050ns
    Total Input Jitter      (TIJ):    0.000ns
    Discrete Jitter          (DJ):    0.000ns
    Phase Error              (PE):    0.000ns

    Location             Delay type                Incr(ns)  Path(ns)    Netlist Resource(s)
  -------------------------------------------------------------------    -------------------
    SLICE_X10Y110        RAMS64E                      0.000     0.000 r  RAM_inst/ram_memory_reg_0_127_4_4/HIGH/CLK
    SLICE_X10Y110        RAMS64E (Prop_rams64e_CLK_O)
                                                      1.320     1.320 r  RAM_inst/ram_memory_reg_0_127_4_4/HIGH/O
                         net (fo=1, routed)           0.000     1.320    RAM_inst/ram_memory_reg_0_127_4_4/O1
    SLICE_X10Y110        MUXF7 (Prop_muxf7_I1_O)      0.247     1.567 r  RAM_inst/ram_memory_reg_0_127_4_4/F7/O
                         net (fo=1, routed)           0.893     2.460    CPU_inst/D1[4]
    SLICE_X12Y111        LUT6 (Prop_lut6_I2_O)        0.298     2.758 r  CPU_inst/led_OBUFT[0]_inst_i_1/O
                         net (fo=2, routed)           0.669     3.427    CPU_inst/led_OBUF[0]
    SLICE_X13Y111        LUT4 (Prop_lut4_I3_O)        0.152     3.579 r  CPU_inst/ram_memory_reg_0_127_4_4_i_1/O
                         net (fo=11, routed)          1.867     5.447    CPU_inst/PORT_DIR_reg_1
    SLICE_X17Y107        LUT6 (Prop_lut6_I0_O)        0.332     5.779 r  CPU_inst/PC[4]_i_2/O
                         net (fo=1, routed)           0.433     6.212    CPU_inst/PC[4]_i_2_n_0
    SLICE_X17Y107        LUT6 (Prop_lut6_I0_O)        0.124     6.336 r  CPU_inst/PC[4]_i_1/O
                         net (fo=1, routed)           0.000     6.336    CPU_inst/PC[4]_i_1_n_0
    SLICE_X17Y107        FDRE                                         r  CPU_inst/PC_reg[4]/D
  -------------------------------------------------------------------    -------------------

                         (clock clk_12m rise edge)    0.000     0.000 r  
    L17                                               0.000     0.000 r  clk (IN)
                         net (fo=0)                   0.000     0.000    clk
    L17                  IBUF (Prop_ibuf_I_O)         1.406     1.406 r  clk_IBUF_inst/O
                         net (fo=1, routed)           1.868     3.274    clk_IBUF
    BUFGCTRL_X0Y0        BUFG (Prop_bufg_I_O)         0.091     3.365 r  clk_IBUF_BUFG_inst/O
                         net (fo=150, routed)         1.613     4.978    CPU_inst/CLK
    SLICE_X17Y107        FDRE                                         r  CPU_inst/PC_reg[4]/C

Slack:                    inf
  Source:                 RAM_inst/ram_memory_reg_0_127_3_3/LOW/CLK
                            (rising edge-triggered cell RAMS64E)
  Destination:            CPU_inst/IR_reg[3]/D
                            (rising edge-triggered cell FDRE clocked by clk_12m  {rise@0.000ns fall@41.667ns period=83.333ns})
  Path Group:             (none)
  Path Type:              Setup (Max at Slow Process Corner)
  Data Path Delay:        5.997ns  (logic 2.305ns (38.435%)  route 3.692ns (61.565%))
  Logic Levels:           5  (LUT4=2 LUT6=1 MUXF7=1 RAMS64E=1)
  Clock Uncertainty:      0.025ns  ((TSJ^2 + TIJ^2)^1/2 + DJ) / 2 + PE
    Total System Jitter     (TSJ):    0.050ns
    Total Input Jitter      (TIJ):    0.000ns
    Discrete Jitter          (DJ):    0.000ns
    Phase Error              (PE):    0.000ns

    Location             Delay type                Incr(ns)  Path(ns)    Netlist Resource(s)
  -------------------------------------------------------------------    -------------------
    SLICE_X10Y111        RAMS64E                      0.000     0.000 r  RAM_inst/ram_memory_reg_0_127_3_3/LOW/CLK
    SLICE_X10Y111        RAMS64E (Prop_rams64e_CLK_O)
                                                      1.323     1.323 r  RAM_inst/ram_memory_reg_0_127_3_3/LOW/O
                         net (fo=1, routed)           0.000     1.323    RAM_inst/ram_memory_reg_0_127_3_3/O0
    SLICE_X10Y111        MUXF7 (Prop_muxf7_I0_O)      0.209     1.532 r  RAM_inst/ram_memory_reg_0_127_3_3/F7/O
                         net (fo=1, routed)           0.597     2.129    CPU_inst/D1[3]
    SLICE_X13Y111        LUT6 (Prop_lut6_I2_O)        0.297     2.426 r  CPU_inst/ram_memory_reg_0_127_3_3_i_2/O
                         net (fo=1, routed)           0.647     3.073    CPU_inst/ram_memory_reg_0_127_3_3_i_2_n_0
    SLICE_X13Y111        LUT4 (Prop_lut4_I3_O)        0.150     3.223 r  CPU_inst/ram_memory_reg_0_127_3_3_i_1/O
                         net (fo=11, routed)          2.448     5.671    CPU_inst/BUS_DATA[3]
    SLICE_X33Y101        LUT4 (Prop_lut4_I3_O)        0.326     5.997 r  CPU_inst/IR[3]_i_1/O
                         net (fo=1, routed)           0.000     5.997    CPU_inst/IR[3]_i_1_n_0
    SLICE_X33Y101        FDRE                                         r  CPU_inst/IR_reg[3]/D
  -------------------------------------------------------------------    -------------------

                         (clock clk_12m rise edge)    0.000     0.000 r  
    L17                                               0.000     0.000 r  clk (IN)
                         net (fo=0)                   0.000     0.000    clk
    L17                  IBUF (Prop_ibuf_I_O)         1.406     1.406 r  clk_IBUF_inst/O
                         net (fo=1, routed)           1.868     3.274    clk_IBUF
    BUFGCTRL_X0Y0        BUFG (Prop_bufg_I_O)         0.091     3.365 r  clk_IBUF_BUFG_inst/O
                         net (fo=150, routed)         1.610     4.975    CPU_inst/CLK
    SLICE_X33Y101        FDRE                                         r  CPU_inst/IR_reg[3]/C

Slack:                    inf
  Source:                 RAM_inst/ram_memory_reg_0_127_2_2/HIGH/CLK
                            (rising edge-triggered cell RAMS64E)
  Destination:            CPU_inst/IR_reg[2]/D
                            (rising edge-triggered cell FDRE clocked by clk_12m  {rise@0.000ns fall@41.667ns period=83.333ns})
  Path Group:             (none)
  Path Type:              Setup (Max at Slow Process Corner)
  Data Path Delay:        5.945ns  (logic 2.113ns (35.544%)  route 3.832ns (64.456%))
  Logic Levels:           5  (LUT4=1 LUT5=1 LUT6=1 MUXF7=1 RAMS64E=1)
  Clock Uncertainty:      0.025ns  ((TSJ^2 + TIJ^2)^1/2 + DJ) / 2 + PE
    Total System Jitter     (TSJ):    0.050ns
    Total Input Jitter      (TIJ):    0.000ns
    Discrete Jitter          (DJ):    0.000ns
    Phase Error              (PE):    0.000ns

    Location             Delay type                Incr(ns)  Path(ns)    Netlist Resource(s)
  -------------------------------------------------------------------    -------------------
    SLICE_X10Y111        RAMS64E                      0.000     0.000 r  RAM_inst/ram_memory_reg_0_127_2_2/HIGH/CLK
    SLICE_X10Y111        RAMS64E (Prop_rams64e_CLK_O)
                                                      1.320     1.320 r  RAM_inst/ram_memory_reg_0_127_2_2/HIGH/O
                         net (fo=1, routed)           0.000     1.320    RAM_inst/ram_memory_reg_0_127_2_2/O1
    SLICE_X10Y111        MUXF7 (Prop_muxf7_I1_O)      0.247     1.567 r  RAM_inst/ram_memory_reg_0_127_2_2/F7/O
                         net (fo=1, routed)           0.884     2.451    CPU_inst/D1[2]
    SLICE_X12Y112        LUT6 (Prop_lut6_I2_O)        0.298     2.749 r  CPU_inst/ram_memory_reg_0_127_2_2_i_2/O
                         net (fo=1, routed)           0.921     3.670    CPU_inst/ram_memory_reg_0_127_2_2_i_2_n_0
    SLICE_X12Y112        LUT4 (Prop_lut4_I3_O)        0.124     3.794 r  CPU_inst/ram_memory_reg_0_127_2_2_i_1/O
                         net (fo=11, routed)          2.027     5.821    CPU_inst/BUS_DATA[2]
    SLICE_X34Y106        LUT5 (Prop_lut5_I4_O)        0.124     5.945 r  CPU_inst/IR[2]_i_1/O
                         net (fo=1, routed)           0.000     5.945    CPU_inst/IR[2]_i_1_n_0
    SLICE_X34Y106        FDRE                                         r  CPU_inst/IR_reg[2]/D
  -------------------------------------------------------------------    -------------------

                         (clock clk_12m rise edge)    0.000     0.000 r  
    L17                                               0.000     0.000 r  clk (IN)
                         net (fo=0)                   0.000     0.000    clk
    L17                  IBUF (Prop_ibuf_I_O)         1.406     1.406 r  clk_IBUF_inst/O
                         net (fo=1, routed)           1.868     3.274    clk_IBUF
    BUFGCTRL_X0Y0        BUFG (Prop_bufg_I_O)         0.091     3.365 r  clk_IBUF_BUFG_inst/O
                         net (fo=150, routed)         1.608     4.973    CPU_inst/CLK
    SLICE_X34Y106        FDRE                                         r  CPU_inst/IR_reg[2]/C

Slack:                    inf
  Source:                 RAM_inst/ram_memory_reg_0_127_3_3/LOW/CLK
                            (rising edge-triggered cell RAMS64E)
  Destination:            CPU_inst/A_reg[11]/D
                            (rising edge-triggered cell FDRE clocked by clk_12m  {rise@0.000ns fall@41.667ns period=83.333ns})
  Path Group:             (none)
  Path Type:              Setup (Max at Slow Process Corner)
  Data Path Delay:        5.911ns  (logic 2.305ns (38.996%)  route 3.606ns (61.004%))
  Logic Levels:           5  (LUT4=1 LUT5=1 LUT6=1 MUXF7=1 RAMS64E=1)
  Clock Uncertainty:      0.025ns  ((TSJ^2 + TIJ^2)^1/2 + DJ) / 2 + PE
    Total System Jitter     (TSJ):    0.050ns
    Total Input Jitter      (TIJ):    0.000ns
    Discrete Jitter          (DJ):    0.000ns
    Phase Error              (PE):    0.000ns

    Location             Delay type                Incr(ns)  Path(ns)    Netlist Resource(s)
  -------------------------------------------------------------------    -------------------
    SLICE_X10Y111        RAMS64E                      0.000     0.000 r  RAM_inst/ram_memory_reg_0_127_3_3/LOW/CLK
    SLICE_X10Y111        RAMS64E (Prop_rams64e_CLK_O)
                                                      1.323     1.323 r  RAM_inst/ram_memory_reg_0_127_3_3/LOW/O
                         net (fo=1, routed)           0.000     1.323    RAM_inst/ram_memory_reg_0_127_3_3/O0
    SLICE_X10Y111        MUXF7 (Prop_muxf7_I0_O)      0.209     1.532 r  RAM_inst/ram_memory_reg_0_127_3_3/F7/O
                         net (fo=1, routed)           0.597     2.129    CPU_inst/D1[3]
    SLICE_X13Y111        LUT6 (Prop_lut6_I2_O)        0.297     2.426 r  CPU_inst/ram_memory_reg_0_127_3_3_i_2/O
                         net (fo=1, routed)           0.647     3.073    CPU_inst/ram_memory_reg_0_127_3_3_i_2_n_0
    SLICE_X13Y111        LUT4 (Prop_lut4_I3_O)        0.150     3.223 r  CPU_inst/ram_memory_reg_0_127_3_3_i_1/O
                         net (fo=11, routed)          2.362     5.585    CPU_inst/BUS_DATA[3]
    SLICE_X30Y108        LUT5 (Prop_lut5_I2_O)        0.326     5.911 r  CPU_inst/A[11]_i_1/O
                         net (fo=1, routed)           0.000     5.911    CPU_inst/A[11]_i_1_n_0
    SLICE_X30Y108        FDRE                                         r  CPU_inst/A_reg[11]/D
  -------------------------------------------------------------------    -------------------

                         (clock clk_12m rise edge)    0.000     0.000 r  
    L17                                               0.000     0.000 r  clk (IN)
                         net (fo=0)                   0.000     0.000    clk
    L17                  IBUF (Prop_ibuf_I_O)         1.406     1.406 r  clk_IBUF_inst/O
                         net (fo=1, routed)           1.868     3.274    clk_IBUF
    BUFGCTRL_X0Y0        BUFG (Prop_bufg_I_O)         0.091     3.365 r  clk_IBUF_BUFG_inst/O
                         net (fo=150, routed)         1.608     4.973    CPU_inst/CLK
    SLICE_X30Y108        FDRE                                         r  CPU_inst/A_reg[11]/C

Slack:                    inf
  Source:                 RAM_inst/ram_memory_reg_0_127_2_2/HIGH/CLK
                            (rising edge-triggered cell RAMS64E)
  Destination:            CPU_inst/X_reg[2]/D
                            (rising edge-triggered cell FDRE clocked by clk_12m  {rise@0.000ns fall@41.667ns period=83.333ns})
  Path Group:             (none)
  Path Type:              Setup (Max at Slow Process Corner)
  Data Path Delay:        5.896ns  (logic 2.113ns (35.840%)  route 3.783ns (64.160%))
  Logic Levels:           5  (LUT4=2 LUT6=1 MUXF7=1 RAMS64E=1)
  Clock Uncertainty:      0.025ns  ((TSJ^2 + TIJ^2)^1/2 + DJ) / 2 + PE
    Total System Jitter     (TSJ):    0.050ns
    Total Input Jitter      (TIJ):    0.000ns
    Discrete Jitter          (DJ):    0.000ns
    Phase Error              (PE):    0.000ns

    Location             Delay type                Incr(ns)  Path(ns)    Netlist Resource(s)
  -------------------------------------------------------------------    -------------------
    SLICE_X10Y111        RAMS64E                      0.000     0.000 r  RAM_inst/ram_memory_reg_0_127_2_2/HIGH/CLK
    SLICE_X10Y111        RAMS64E (Prop_rams64e_CLK_O)
                                                      1.320     1.320 r  RAM_inst/ram_memory_reg_0_127_2_2/HIGH/O
                         net (fo=1, routed)           0.000     1.320    RAM_inst/ram_memory_reg_0_127_2_2/O1
    SLICE_X10Y111        MUXF7 (Prop_muxf7_I1_O)      0.247     1.567 r  RAM_inst/ram_memory_reg_0_127_2_2/F7/O
                         net (fo=1, routed)           0.884     2.451    CPU_inst/D1[2]
    SLICE_X12Y112        LUT6 (Prop_lut6_I2_O)        0.298     2.749 r  CPU_inst/ram_memory_reg_0_127_2_2_i_2/O
                         net (fo=1, routed)           0.921     3.670    CPU_inst/ram_memory_reg_0_127_2_2_i_2_n_0
    SLICE_X12Y112        LUT4 (Prop_lut4_I3_O)        0.124     3.794 r  CPU_inst/ram_memory_reg_0_127_2_2_i_1/O
                         net (fo=11, routed)          1.978     5.772    CPU_inst/BUS_DATA[2]
    SLICE_X33Y103        LUT4 (Prop_lut4_I1_O)        0.124     5.896 r  CPU_inst/X[2]_i_1/O
                         net (fo=1, routed)           0.000     5.896    CPU_inst/X[2]_i_1_n_0
    SLICE_X33Y103        FDRE                                         r  CPU_inst/X_reg[2]/D
  -------------------------------------------------------------------    -------------------

                         (clock clk_12m rise edge)    0.000     0.000 r  
    L17                                               0.000     0.000 r  clk (IN)
                         net (fo=0)                   0.000     0.000    clk
    L17                  IBUF (Prop_ibuf_I_O)         1.406     1.406 r  clk_IBUF_inst/O
                         net (fo=1, routed)           1.868     3.274    clk_IBUF
    BUFGCTRL_X0Y0        BUFG (Prop_bufg_I_O)         0.091     3.365 r  clk_IBUF_BUFG_inst/O
                         net (fo=150, routed)         1.609     4.974    CPU_inst/CLK
    SLICE_X33Y103        FDRE                                         r  CPU_inst/X_reg[2]/C

Slack:                    inf
  Source:                 RAM_inst/ram_memory_reg_0_127_1_1/LOW/CLK
                            (rising edge-triggered cell RAMS64E)
  Destination:            CPU_inst/B_reg[1]/D
                            (rising edge-triggered cell FDRE clocked by clk_12m  {rise@0.000ns fall@41.667ns period=83.333ns})
  Path Group:             (none)
  Path Type:              Setup (Max at Slow Process Corner)
  Data Path Delay:        5.838ns  (logic 2.077ns (35.574%)  route 3.761ns (64.426%))
  Logic Levels:           5  (LUT4=1 LUT5=1 LUT6=1 MUXF7=1 RAMS64E=1)
  Clock Uncertainty:      0.025ns  ((TSJ^2 + TIJ^2)^1/2 + DJ) / 2 + PE
    Total System Jitter     (TSJ):    0.050ns
    Total Input Jitter      (TIJ):    0.000ns
    Discrete Jitter          (DJ):    0.000ns
    Phase Error              (PE):    0.000ns

    Location             Delay type                Incr(ns)  Path(ns)    Netlist Resource(s)
  -------------------------------------------------------------------    -------------------
    SLICE_X14Y111        RAMS64E                      0.000     0.000 r  RAM_inst/ram_memory_reg_0_127_1_1/LOW/CLK
    SLICE_X14Y111        RAMS64E (Prop_rams64e_CLK_O)
                                                      1.323     1.323 r  RAM_inst/ram_memory_reg_0_127_1_1/LOW/O
                         net (fo=1, routed)           0.000     1.323    RAM_inst/ram_memory_reg_0_127_1_1/O0
    SLICE_X14Y111        MUXF7 (Prop_muxf7_I0_O)      0.209     1.532 r  RAM_inst/ram_memory_reg_0_127_1_1/F7/O
                         net (fo=1, routed)           0.286     1.818    CPU_inst/D1[1]
    SLICE_X13Y111        LUT6 (Prop_lut6_I2_O)        0.297     2.115 r  CPU_inst/ram_memory_reg_0_127_1_1_i_2/O
                         net (fo=1, routed)           0.846     2.960    CPU_inst/ram_memory_reg_0_127_1_1_i_2_n_0
    SLICE_X13Y111        LUT4 (Prop_lut4_I3_O)        0.124     3.084 r  CPU_inst/ram_memory_reg_0_127_1_1_i_1/O
                         net (fo=11, routed)          2.435     5.520    CPU_inst/BUS_DATA[1]
    SLICE_X33Y103        LUT5 (Prop_lut5_I4_O)        0.124     5.644 r  CPU_inst/B[1]_i_1/O
                         net (fo=1, routed)           0.195     5.838    CPU_inst/B[1]_i_1_n_0
    SLICE_X32Y103        FDRE                                         r  CPU_inst/B_reg[1]/D
  -------------------------------------------------------------------    -------------------

                         (clock clk_12m rise edge)    0.000     0.000 r  
    L17                                               0.000     0.000 r  clk (IN)
                         net (fo=0)                   0.000     0.000    clk
    L17                  IBUF (Prop_ibuf_I_O)         1.406     1.406 r  clk_IBUF_inst/O
                         net (fo=1, routed)           1.868     3.274    clk_IBUF
    BUFGCTRL_X0Y0        BUFG (Prop_bufg_I_O)         0.091     3.365 r  clk_IBUF_BUFG_inst/O
                         net (fo=150, routed)         1.609     4.974    CPU_inst/CLK
    SLICE_X32Y103        FDRE                                         r  CPU_inst/B_reg[1]/C

Slack:                    inf
  Source:                 RAM_inst/ram_memory_reg_0_127_5_5/LOW/CLK
                            (rising edge-triggered cell RAMS64E)
  Destination:            CPU_inst/A_reg[5]/D
                            (rising edge-triggered cell FDRE clocked by clk_12m  {rise@0.000ns fall@41.667ns period=83.333ns})
  Path Group:             (none)
  Path Type:              Setup (Max at Slow Process Corner)
  Data Path Delay:        5.825ns  (logic 2.329ns (39.983%)  route 3.496ns (60.017%))
  Logic Levels:           5  (LUT4=1 LUT5=1 LUT6=1 MUXF7=1 RAMS64E=1)
  Clock Uncertainty:      0.025ns  ((TSJ^2 + TIJ^2)^1/2 + DJ) / 2 + PE
    Total System Jitter     (TSJ):    0.050ns
    Total Input Jitter      (TIJ):    0.000ns
    Discrete Jitter          (DJ):    0.000ns
    Phase Error              (PE):    0.000ns

    Location             Delay type                Incr(ns)  Path(ns)    Netlist Resource(s)
  -------------------------------------------------------------------    -------------------
    SLICE_X10Y110        RAMS64E                      0.000     0.000 r  RAM_inst/ram_memory_reg_0_127_5_5/LOW/CLK
    SLICE_X10Y110        RAMS64E (Prop_rams64e_CLK_O)
                                                      1.323     1.323 r  RAM_inst/ram_memory_reg_0_127_5_5/LOW/O
                         net (fo=1, routed)           0.000     1.323    RAM_inst/ram_memory_reg_0_127_5_5/O0
    SLICE_X10Y110        MUXF7 (Prop_muxf7_I0_O)      0.209     1.532 r  RAM_inst/ram_memory_reg_0_127_5_5/F7/O
                         net (fo=1, routed)           0.469     2.001    CPU_inst/D1[5]
    SLICE_X12Y111        LUT6 (Prop_lut6_I2_O)        0.297     2.298 r  CPU_inst/led_OBUFT[1]_inst_i_1/O
                         net (fo=2, routed)           0.964     3.262    CPU_inst/led_OBUF[1]
    SLICE_X12Y112        LUT4 (Prop_lut4_I3_O)        0.152     3.414 r  CPU_inst/ram_memory_reg_0_127_5_5_i_1/O
                         net (fo=11, routed)          2.063     5.477    CPU_inst/PORT_DIR_reg_0
    SLICE_X20Y104        LUT5 (Prop_lut5_I2_O)        0.348     5.825 r  CPU_inst/A[5]_i_1/O
                         net (fo=1, routed)           0.000     5.825    CPU_inst/A[5]_i_1_n_0
    SLICE_X20Y104        FDRE                                         r  CPU_inst/A_reg[5]/D
  -------------------------------------------------------------------    -------------------

                         (clock clk_12m rise edge)    0.000     0.000 r  
    L17                                               0.000     0.000 r  clk (IN)
                         net (fo=0)                   0.000     0.000    clk
    L17                  IBUF (Prop_ibuf_I_O)         1.406     1.406 r  clk_IBUF_inst/O
                         net (fo=1, routed)           1.868     3.274    clk_IBUF
    BUFGCTRL_X0Y0        BUFG (Prop_bufg_I_O)         0.091     3.365 r  clk_IBUF_BUFG_inst/O
                         net (fo=150, routed)         1.613     4.978    CPU_inst/CLK
    SLICE_X20Y104        FDRE                                         r  CPU_inst/A_reg[5]/C

Slack:                    inf
  Source:                 RAM_inst/ram_memory_reg_0_127_5_5/LOW/CLK
                            (rising edge-triggered cell RAMS64E)
  Destination:            CPU_inst/A_reg[13]/D
                            (rising edge-triggered cell FDRE clocked by clk_12m  {rise@0.000ns fall@41.667ns period=83.333ns})
  Path Group:             (none)
  Path Type:              Setup (Max at Slow Process Corner)
  Data Path Delay:        5.733ns  (logic 2.329ns (40.625%)  route 3.404ns (59.375%))
  Logic Levels:           5  (LUT4=1 LUT5=1 LUT6=1 MUXF7=1 RAMS64E=1)
  Clock Uncertainty:      0.025ns  ((TSJ^2 + TIJ^2)^1/2 + DJ) / 2 + PE
    Total System Jitter     (TSJ):    0.050ns
    Total Input Jitter      (TIJ):    0.000ns
    Discrete Jitter          (DJ):    0.000ns
    Phase Error              (PE):    0.000ns

    Location             Delay type                Incr(ns)  Path(ns)    Netlist Resource(s)
  -------------------------------------------------------------------    -------------------
    SLICE_X10Y110        RAMS64E                      0.000     0.000 r  RAM_inst/ram_memory_reg_0_127_5_5/LOW/CLK
    SLICE_X10Y110        RAMS64E (Prop_rams64e_CLK_O)
                                                      1.323     1.323 r  RAM_inst/ram_memory_reg_0_127_5_5/LOW/O
                         net (fo=1, routed)           0.000     1.323    RAM_inst/ram_memory_reg_0_127_5_5/O0
    SLICE_X10Y110        MUXF7 (Prop_muxf7_I0_O)      0.209     1.532 r  RAM_inst/ram_memory_reg_0_127_5_5/F7/O
                         net (fo=1, routed)           0.469     2.001    CPU_inst/D1[5]
    SLICE_X12Y111        LUT6 (Prop_lut6_I2_O)        0.297     2.298 r  CPU_inst/led_OBUFT[1]_inst_i_1/O
                         net (fo=2, routed)           0.964     3.262    CPU_inst/led_OBUF[1]
    SLICE_X12Y112        LUT4 (Prop_lut4_I3_O)        0.152     3.414 r  CPU_inst/ram_memory_reg_0_127_5_5_i_1/O
                         net (fo=11, routed)          1.971     5.385    CPU_inst/PORT_DIR_reg_0
    SLICE_X30Y108        LUT5 (Prop_lut5_I2_O)        0.348     5.733 r  CPU_inst/A[13]_i_1/O
                         net (fo=1, routed)           0.000     5.733    CPU_inst/A[13]_i_1_n_0
    SLICE_X30Y108        FDRE                                         r  CPU_inst/A_reg[13]/D
  -------------------------------------------------------------------    -------------------

                         (clock clk_12m rise edge)    0.000     0.000 r  
    L17                                               0.000     0.000 r  clk (IN)
                         net (fo=0)                   0.000     0.000    clk
    L17                  IBUF (Prop_ibuf_I_O)         1.406     1.406 r  clk_IBUF_inst/O
                         net (fo=1, routed)           1.868     3.274    clk_IBUF
    BUFGCTRL_X0Y0        BUFG (Prop_bufg_I_O)         0.091     3.365 r  clk_IBUF_BUFG_inst/O
                         net (fo=150, routed)         1.608     4.973    CPU_inst/CLK
    SLICE_X30Y108        FDRE                                         r  CPU_inst/A_reg[13]/C





Min Delay Paths
--------------------------------------------------------------------------------------
Slack:                    inf
  Source:                 RAM_inst/ram_memory_reg_0_127_6_6/HIGH/CLK
                            (rising edge-triggered cell RAMS64E)
  Destination:            CPU_inst/X_reg[6]/D
                            (rising edge-triggered cell FDRE clocked by clk_12m  {rise@0.000ns fall@41.667ns period=83.333ns})
  Path Group:             (none)
  Path Type:              Hold (Min at Fast Process Corner)
  Data Path Delay:        1.301ns  (logic 0.662ns (50.884%)  route 0.639ns (49.116%))
  Logic Levels:           5  (LUT4=2 LUT6=1 MUXF7=1 RAMS64E=1)
  Clock Uncertainty:      0.025ns  ((TSJ^2 + TIJ^2)^1/2 + DJ) / 2 + PE
    Total System Jitter     (TSJ):    0.050ns
    Total Input Jitter      (TIJ):    0.000ns
    Discrete Jitter          (DJ):    0.000ns
    Phase Error              (PE):    0.000ns

    Location             Delay type                Incr(ns)  Path(ns)    Netlist Resource(s)
  -------------------------------------------------------------------    -------------------
    SLICE_X14Y110        RAMS64E                      0.000     0.000 r  RAM_inst/ram_memory_reg_0_127_6_6/HIGH/CLK
    SLICE_X14Y110        RAMS64E (Prop_rams64e_CLK_O)
                                                      0.389     0.389 r  RAM_inst/ram_memory_reg_0_127_6_6/HIGH/O
                         net (fo=1, routed)           0.000     0.389    RAM_inst/ram_memory_reg_0_127_6_6/O1
    SLICE_X14Y110        MUXF7 (Prop_muxf7_I1_O)      0.075     0.464 r  RAM_inst/ram_memory_reg_0_127_6_6/F7/O
                         net (fo=1, routed)           0.098     0.562    CPU_inst/D1[6]
    SLICE_X13Y110        LUT6 (Prop_lut6_I2_O)        0.108     0.670 r  CPU_inst/ram_memory_reg_0_127_6_6_i_2/O
                         net (fo=1, routed)           0.189     0.859    CPU_inst/ram_memory_reg_0_127_6_6_i_2_n_0
    SLICE_X13Y111        LUT4 (Prop_lut4_I3_O)        0.045     0.904 r  CPU_inst/ram_memory_reg_0_127_6_6_i_1/O
                         net (fo=11, routed)          0.352     1.256    CPU_inst/BUS_DATA[4]
    SLICE_X18Y107        LUT4 (Prop_lut4_I1_O)        0.045     1.301 r  CPU_inst/X[6]_i_1/O
                         net (fo=1, routed)           0.000     1.301    CPU_inst/X[6]_i_1_n_0
    SLICE_X18Y107        FDRE                                         r  CPU_inst/X_reg[6]/D
  -------------------------------------------------------------------    -------------------

                         (clock clk_12m rise edge)    0.000     0.000 r  
    L17                                               0.000     0.000 r  clk (IN)
                         net (fo=0)                   0.000     0.000    clk
    L17                  IBUF (Prop_ibuf_I_O)         0.432     0.432 r  clk_IBUF_inst/O
                         net (fo=1, routed)           0.689     1.120    clk_IBUF
    BUFGCTRL_X0Y0        BUFG (Prop_bufg_I_O)         0.029     1.149 r  clk_IBUF_BUFG_inst/O
                         net (fo=150, routed)         0.918     2.068    CPU_inst/CLK
    SLICE_X18Y107        FDRE                                         r  CPU_inst/X_reg[6]/C

Slack:                    inf
  Source:                 RAM_inst/ram_memory_reg_0_127_0_0/HIGH/CLK
                            (rising edge-triggered cell RAMS64E)
  Destination:            CPU_inst/X_reg[8]/D
                            (rising edge-triggered cell FDRE clocked by clk_12m  {rise@0.000ns fall@41.667ns period=83.333ns})
  Path Group:             (none)
  Path Type:              Hold (Min at Fast Process Corner)
  Data Path Delay:        1.347ns  (logic 0.662ns (49.156%)  route 0.685ns (50.844%))
  Logic Levels:           5  (LUT4=2 LUT6=1 MUXF7=1 RAMS64E=1)
  Clock Uncertainty:      0.025ns  ((TSJ^2 + TIJ^2)^1/2 + DJ) / 2 + PE
    Total System Jitter     (TSJ):    0.050ns
    Total Input Jitter      (TIJ):    0.000ns
    Discrete Jitter          (DJ):    0.000ns
    Phase Error              (PE):    0.000ns

    Location             Delay type                Incr(ns)  Path(ns)    Netlist Resource(s)
  -------------------------------------------------------------------    -------------------
    SLICE_X14Y111        RAMS64E                      0.000     0.000 r  RAM_inst/ram_memory_reg_0_127_0_0/HIGH/CLK
    SLICE_X14Y111        RAMS64E (Prop_rams64e_CLK_O)
                                                      0.389     0.389 r  RAM_inst/ram_memory_reg_0_127_0_0/HIGH/O
                         net (fo=1, routed)           0.000     0.389    RAM_inst/ram_memory_reg_0_127_0_0/O1
    SLICE_X14Y111        MUXF7 (Prop_muxf7_I1_O)      0.075     0.464 r  RAM_inst/ram_memory_reg_0_127_0_0/F7/O
                         net (fo=1, routed)           0.130     0.594    CPU_inst/D1[0]
    SLICE_X13Y110        LUT6 (Prop_lut6_I2_O)        0.108     0.702 r  CPU_inst/ram_memory_reg_0_127_0_0_i_4/O
                         net (fo=1, routed)           0.135     0.837    CPU_inst/ram_memory_reg_0_127_0_0_i_4_n_0
    SLICE_X13Y110        LUT4 (Prop_lut4_I3_O)        0.045     0.882 r  CPU_inst/ram_memory_reg_0_127_0_0_i_2/O
                         net (fo=11, routed)          0.420     1.302    CPU_inst/BUS_DATA[0]
    SLICE_X23Y110        LUT4 (Prop_lut4_I1_O)        0.045     1.347 r  CPU_inst/X[8]_i_1/O
                         net (fo=1, routed)           0.000     1.347    CPU_inst/X[8]_i_1_n_0
    SLICE_X23Y110        FDRE                                         r  CPU_inst/X_reg[8]/D
  -------------------------------------------------------------------    -------------------

                         (clock clk_12m rise edge)    0.000     0.000 r  
    L17                                               0.000     0.000 r  clk (IN)
                         net (fo=0)                   0.000     0.000    clk
    L17                  IBUF (Prop_ibuf_I_O)         0.432     0.432 r  clk_IBUF_inst/O
                         net (fo=1, routed)           0.689     1.120    clk_IBUF
    BUFGCTRL_X0Y0        BUFG (Prop_bufg_I_O)         0.029     1.149 r  clk_IBUF_BUFG_inst/O
                         net (fo=150, routed)         0.917     2.067    CPU_inst/CLK
    SLICE_X23Y110        FDRE                                         r  CPU_inst/X_reg[8]/C

Slack:                    inf
  Source:                 RAM_inst/ram_memory_reg_0_127_6_6/HIGH/CLK
                            (rising edge-triggered cell RAMS64E)
  Destination:            CPU_inst/X_reg[14]/D
                            (rising edge-triggered cell FDRE clocked by clk_12m  {rise@0.000ns fall@41.667ns period=83.333ns})
  Path Group:             (none)
  Path Type:              Hold (Min at Fast Process Corner)
  Data Path Delay:        1.394ns  (logic 0.662ns (47.491%)  route 0.732ns (52.509%))
  Logic Levels:           5  (LUT4=2 LUT6=1 MUXF7=1 RAMS64E=1)
  Clock Uncertainty:      0.025ns  ((TSJ^2 + TIJ^2)^1/2 + DJ) / 2 + PE
    Total System Jitter     (TSJ):    0.050ns
    Total Input Jitter      (TIJ):    0.000ns
    Discrete Jitter          (DJ):    0.000ns
    Phase Error              (PE):    0.000ns

    Location             Delay type                Incr(ns)  Path(ns)    Netlist Resource(s)
  -------------------------------------------------------------------    -------------------
    SLICE_X14Y110        RAMS64E                      0.000     0.000 r  RAM_inst/ram_memory_reg_0_127_6_6/HIGH/CLK
    SLICE_X14Y110        RAMS64E (Prop_rams64e_CLK_O)
                                                      0.389     0.389 r  RAM_inst/ram_memory_reg_0_127_6_6/HIGH/O
                         net (fo=1, routed)           0.000     0.389    RAM_inst/ram_memory_reg_0_127_6_6/O1
    SLICE_X14Y110        MUXF7 (Prop_muxf7_I1_O)      0.075     0.464 r  RAM_inst/ram_memory_reg_0_127_6_6/F7/O
                         net (fo=1, routed)           0.098     0.562    CPU_inst/D1[6]
    SLICE_X13Y110        LUT6 (Prop_lut6_I2_O)        0.108     0.670 r  CPU_inst/ram_memory_reg_0_127_6_6_i_2/O
                         net (fo=1, routed)           0.189     0.859    CPU_inst/ram_memory_reg_0_127_6_6_i_2_n_0
    SLICE_X13Y111        LUT4 (Prop_lut4_I3_O)        0.045     0.904 r  CPU_inst/ram_memory_reg_0_127_6_6_i_1/O
                         net (fo=11, routed)          0.445     1.349    CPU_inst/BUS_DATA[4]
    SLICE_X23Y111        LUT4 (Prop_lut4_I1_O)        0.045     1.394 r  CPU_inst/X[14]_i_1/O
                         net (fo=1, routed)           0.000     1.394    CPU_inst/X[14]_i_1_n_0
    SLICE_X23Y111        FDRE                                         r  CPU_inst/X_reg[14]/D
  -------------------------------------------------------------------    -------------------

                         (clock clk_12m rise edge)    0.000     0.000 r  
    L17                                               0.000     0.000 r  clk (IN)
                         net (fo=0)                   0.000     0.000    clk
    L17                  IBUF (Prop_ibuf_I_O)         0.432     0.432 r  clk_IBUF_inst/O
                         net (fo=1, routed)           0.689     1.120    clk_IBUF
    BUFGCTRL_X0Y0        BUFG (Prop_bufg_I_O)         0.029     1.149 r  clk_IBUF_BUFG_inst/O
                         net (fo=150, routed)         0.917     2.067    CPU_inst/CLK
    SLICE_X23Y111        FDRE                                         r  CPU_inst/X_reg[14]/C

Slack:                    inf
  Source:                 RAM_inst/ram_memory_reg_0_127_7_7/LOW/CLK
                            (rising edge-triggered cell RAMS64E)
  Destination:            CPU_inst/X_reg[15]/D
                            (rising edge-triggered cell FDRE clocked by clk_12m  {rise@0.000ns fall@41.667ns period=83.333ns})
  Path Group:             (none)
  Path Type:              Hold (Min at Fast Process Corner)
  Data Path Delay:        1.427ns  (logic 0.712ns (49.907%)  route 0.715ns (50.093%))
  Logic Levels:           5  (LUT4=2 LUT6=1 MUXF7=1 RAMS64E=1)
  Clock Uncertainty:      0.025ns  ((TSJ^2 + TIJ^2)^1/2 + DJ) / 2 + PE
    Total System Jitter     (TSJ):    0.050ns
    Total Input Jitter      (TIJ):    0.000ns
    Discrete Jitter          (DJ):    0.000ns
    Phase Error              (PE):    0.000ns

    Location             Delay type                Incr(ns)  Path(ns)    Netlist Resource(s)
  -------------------------------------------------------------------    -------------------
    SLICE_X14Y110        RAMS64E                      0.000     0.000 r  RAM_inst/ram_memory_reg_0_127_7_7/LOW/CLK
    SLICE_X14Y110        RAMS64E (Prop_rams64e_CLK_O)
                                                      0.391     0.391 r  RAM_inst/ram_memory_reg_0_127_7_7/LOW/O
                         net (fo=1, routed)           0.000     0.391    RAM_inst/ram_memory_reg_0_127_7_7/O0
    SLICE_X14Y110        MUXF7 (Prop_muxf7_I0_O)      0.062     0.453 r  RAM_inst/ram_memory_reg_0_127_7_7/F7/O
                         net (fo=1, routed)           0.100     0.553    CPU_inst/D1[7]
    SLICE_X13Y110        LUT6 (Prop_lut6_I2_O)        0.108     0.661 r  CPU_inst/ram_memory_reg_0_127_7_7_i_2/O
                         net (fo=1, routed)           0.221     0.882    CPU_inst/ram_memory_reg_0_127_7_7_i_2_n_0
    SLICE_X13Y110        LUT4 (Prop_lut4_I3_O)        0.044     0.926 r  CPU_inst/ram_memory_reg_0_127_7_7_i_1/O
                         net (fo=11, routed)          0.394     1.320    CPU_inst/BUS_DATA[5]
    SLICE_X21Y111        LUT4 (Prop_lut4_I1_O)        0.107     1.427 r  CPU_inst/X[15]_i_2/O
                         net (fo=1, routed)           0.000     1.427    CPU_inst/X[15]_i_2_n_0
    SLICE_X21Y111        FDRE                                         r  CPU_inst/X_reg[15]/D
  -------------------------------------------------------------------    -------------------

                         (clock clk_12m rise edge)    0.000     0.000 r  
    L17                                               0.000     0.000 r  clk (IN)
                         net (fo=0)                   0.000     0.000    clk
    L17                  IBUF (Prop_ibuf_I_O)         0.432     0.432 r  clk_IBUF_inst/O
                         net (fo=1, routed)           0.689     1.120    clk_IBUF
    BUFGCTRL_X0Y0        BUFG (Prop_bufg_I_O)         0.029     1.149 r  clk_IBUF_BUFG_inst/O
                         net (fo=150, routed)         0.917     2.067    CPU_inst/CLK
    SLICE_X21Y111        FDRE                                         r  CPU_inst/X_reg[15]/C

Slack:                    inf
  Source:                 RAM_inst/ram_memory_reg_0_127_0_0/HIGH/CLK
                            (rising edge-triggered cell RAMS64E)
  Destination:            CPU_inst/PC_reg[0]/D
                            (rising edge-triggered cell FDRE clocked by clk_12m  {rise@0.000ns fall@41.667ns period=83.333ns})
  Path Group:             (none)
  Path Type:              Hold (Min at Fast Process Corner)
  Data Path Delay:        1.455ns  (logic 0.707ns (48.597%)  route 0.748ns (51.403%))
  Logic Levels:           6  (LUT4=1 LUT6=3 MUXF7=1 RAMS64E=1)
  Clock Uncertainty:      0.025ns  ((TSJ^2 + TIJ^2)^1/2 + DJ) / 2 + PE
    Total System Jitter     (TSJ):    0.050ns
    Total Input Jitter      (TIJ):    0.000ns
    Discrete Jitter          (DJ):    0.000ns
    Phase Error              (PE):    0.000ns

    Location             Delay type                Incr(ns)  Path(ns)    Netlist Resource(s)
  -------------------------------------------------------------------    -------------------
    SLICE_X14Y111        RAMS64E                      0.000     0.000 r  RAM_inst/ram_memory_reg_0_127_0_0/HIGH/CLK
    SLICE_X14Y111        RAMS64E (Prop_rams64e_CLK_O)
                                                      0.389     0.389 r  RAM_inst/ram_memory_reg_0_127_0_0/HIGH/O
                         net (fo=1, routed)           0.000     0.389    RAM_inst/ram_memory_reg_0_127_0_0/O1
    SLICE_X14Y111        MUXF7 (Prop_muxf7_I1_O)      0.075     0.464 r  RAM_inst/ram_memory_reg_0_127_0_0/F7/O
                         net (fo=1, routed)           0.130     0.594    CPU_inst/D1[0]
    SLICE_X13Y110        LUT6 (Prop_lut6_I2_O)        0.108     0.702 r  CPU_inst/ram_memory_reg_0_127_0_0_i_4/O
                         net (fo=1, routed)           0.135     0.837    CPU_inst/ram_memory_reg_0_127_0_0_i_4_n_0
    SLICE_X13Y110        LUT4 (Prop_lut4_I3_O)        0.045     0.882 r  CPU_inst/ram_memory_reg_0_127_0_0_i_2/O
                         net (fo=11, routed)          0.337     1.219    CPU_inst/BUS_DATA[0]
    SLICE_X16Y105        LUT6 (Prop_lut6_I0_O)        0.045     1.264 r  CPU_inst/PC[0]_i_2/O
                         net (fo=1, routed)           0.146     1.410    CPU_inst/PC[0]_i_2_n_0
    SLICE_X16Y105        LUT6 (Prop_lut6_I0_O)        0.045     1.455 r  CPU_inst/PC[0]_i_1/O
                         net (fo=1, routed)           0.000     1.455    CPU_inst/PC[0]_i_1_n_0
    SLICE_X16Y105        FDRE                                         r  CPU_inst/PC_reg[0]/D
  -------------------------------------------------------------------    -------------------

                         (clock clk_12m rise edge)    0.000     0.000 r  
    L17                                               0.000     0.000 r  clk (IN)
                         net (fo=0)                   0.000     0.000    clk
    L17                  IBUF (Prop_ibuf_I_O)         0.432     0.432 r  clk_IBUF_inst/O
                         net (fo=1, routed)           0.689     1.120    clk_IBUF
    BUFGCTRL_X0Y0        BUFG (Prop_bufg_I_O)         0.029     1.149 r  clk_IBUF_BUFG_inst/O
                         net (fo=150, routed)         0.919     2.069    CPU_inst/CLK
    SLICE_X16Y105        FDRE                                         r  CPU_inst/PC_reg[0]/C

Slack:                    inf
  Source:                 RAM_inst/ram_memory_reg_0_127_0_0/HIGH/CLK
                            (rising edge-triggered cell RAMS64E)
  Destination:            CPU_inst/A_reg[0]/D
                            (rising edge-triggered cell FDRE clocked by clk_12m  {rise@0.000ns fall@41.667ns period=83.333ns})
  Path Group:             (none)
  Path Type:              Hold (Min at Fast Process Corner)
  Data Path Delay:        1.476ns  (logic 0.662ns (44.852%)  route 0.814ns (55.148%))
  Logic Levels:           5  (LUT4=1 LUT5=1 LUT6=1 MUXF7=1 RAMS64E=1)
  Clock Uncertainty:      0.025ns  ((TSJ^2 + TIJ^2)^1/2 + DJ) / 2 + PE
    Total System Jitter     (TSJ):    0.050ns
    Total Input Jitter      (TIJ):    0.000ns
    Discrete Jitter          (DJ):    0.000ns
    Phase Error              (PE):    0.000ns

    Location             Delay type                Incr(ns)  Path(ns)    Netlist Resource(s)
  -------------------------------------------------------------------    -------------------
    SLICE_X14Y111        RAMS64E                      0.000     0.000 r  RAM_inst/ram_memory_reg_0_127_0_0/HIGH/CLK
    SLICE_X14Y111        RAMS64E (Prop_rams64e_CLK_O)
                                                      0.389     0.389 r  RAM_inst/ram_memory_reg_0_127_0_0/HIGH/O
                         net (fo=1, routed)           0.000     0.389    RAM_inst/ram_memory_reg_0_127_0_0/O1
    SLICE_X14Y111        MUXF7 (Prop_muxf7_I1_O)      0.075     0.464 r  RAM_inst/ram_memory_reg_0_127_0_0/F7/O
                         net (fo=1, routed)           0.130     0.594    CPU_inst/D1[0]
    SLICE_X13Y110        LUT6 (Prop_lut6_I2_O)        0.108     0.702 r  CPU_inst/ram_memory_reg_0_127_0_0_i_4/O
                         net (fo=1, routed)           0.135     0.837    CPU_inst/ram_memory_reg_0_127_0_0_i_4_n_0
    SLICE_X13Y110        LUT4 (Prop_lut4_I3_O)        0.045     0.882 r  CPU_inst/ram_memory_reg_0_127_0_0_i_2/O
                         net (fo=11, routed)          0.549     1.431    CPU_inst/BUS_DATA[0]
    SLICE_X24Y106        LUT5 (Prop_lut5_I2_O)        0.045     1.476 r  CPU_inst/A[0]_i_1/O
                         net (fo=1, routed)           0.000     1.476    CPU_inst/A[0]_i_1_n_0
    SLICE_X24Y106        FDRE                                         r  CPU_inst/A_reg[0]/D
  -------------------------------------------------------------------    -------------------

                         (clock clk_12m rise edge)    0.000     0.000 r  
    L17                                               0.000     0.000 r  clk (IN)
                         net (fo=0)                   0.000     0.000    clk
    L17                  IBUF (Prop_ibuf_I_O)         0.432     0.432 r  clk_IBUF_inst/O
                         net (fo=1, routed)           0.689     1.120    clk_IBUF
    BUFGCTRL_X0Y0        BUFG (Prop_bufg_I_O)         0.029     1.149 r  clk_IBUF_BUFG_inst/O
                         net (fo=150, routed)         0.918     2.068    CPU_inst/CLK
    SLICE_X24Y106        FDRE                                         r  CPU_inst/A_reg[0]/C

Slack:                    inf
  Source:                 RAM_inst/ram_memory_reg_0_127_0_0/HIGH/CLK
                            (rising edge-triggered cell RAMS64E)
  Destination:            CPU_inst/A_reg[8]/D
                            (rising edge-triggered cell FDRE clocked by clk_12m  {rise@0.000ns fall@41.667ns period=83.333ns})
  Path Group:             (none)
  Path Type:              Hold (Min at Fast Process Corner)
  Data Path Delay:        1.498ns  (logic 0.662ns (44.203%)  route 0.836ns (55.797%))
  Logic Levels:           5  (LUT4=1 LUT5=1 LUT6=1 MUXF7=1 RAMS64E=1)
  Clock Uncertainty:      0.025ns  ((TSJ^2 + TIJ^2)^1/2 + DJ) / 2 + PE
    Total System Jitter     (TSJ):    0.050ns
    Total Input Jitter      (TIJ):    0.000ns
    Discrete Jitter          (DJ):    0.000ns
    Phase Error              (PE):    0.000ns

    Location             Delay type                Incr(ns)  Path(ns)    Netlist Resource(s)
  -------------------------------------------------------------------    -------------------
    SLICE_X14Y111        RAMS64E                      0.000     0.000 r  RAM_inst/ram_memory_reg_0_127_0_0/HIGH/CLK
    SLICE_X14Y111        RAMS64E (Prop_rams64e_CLK_O)
                                                      0.389     0.389 r  RAM_inst/ram_memory_reg_0_127_0_0/HIGH/O
                         net (fo=1, routed)           0.000     0.389    RAM_inst/ram_memory_reg_0_127_0_0/O1
    SLICE_X14Y111        MUXF7 (Prop_muxf7_I1_O)      0.075     0.464 r  RAM_inst/ram_memory_reg_0_127_0_0/F7/O
                         net (fo=1, routed)           0.130     0.594    CPU_inst/D1[0]
    SLICE_X13Y110        LUT6 (Prop_lut6_I2_O)        0.108     0.702 r  CPU_inst/ram_memory_reg_0_127_0_0_i_4/O
                         net (fo=1, routed)           0.135     0.837    CPU_inst/ram_memory_reg_0_127_0_0_i_4_n_0
    SLICE_X13Y110        LUT4 (Prop_lut4_I3_O)        0.045     0.882 r  CPU_inst/ram_memory_reg_0_127_0_0_i_2/O
                         net (fo=11, routed)          0.571     1.453    CPU_inst/BUS_DATA[0]
    SLICE_X30Y108        LUT5 (Prop_lut5_I2_O)        0.045     1.498 r  CPU_inst/A[8]_i_1/O
                         net (fo=1, routed)           0.000     1.498    CPU_inst/A[8]_i_1_n_0
    SLICE_X30Y108        FDRE                                         r  CPU_inst/A_reg[8]/D
  -------------------------------------------------------------------    -------------------

                         (clock clk_12m rise edge)    0.000     0.000 r  
    L17                                               0.000     0.000 r  clk (IN)
                         net (fo=0)                   0.000     0.000    clk
    L17                  IBUF (Prop_ibuf_I_O)         0.432     0.432 r  clk_IBUF_inst/O
                         net (fo=1, routed)           0.689     1.120    clk_IBUF
    BUFGCTRL_X0Y0        BUFG (Prop_bufg_I_O)         0.029     1.149 r  clk_IBUF_BUFG_inst/O
                         net (fo=150, routed)         0.915     2.065    CPU_inst/CLK
    SLICE_X30Y108        FDRE                                         r  CPU_inst/A_reg[8]/C

Slack:                    inf
  Source:                 RAM_inst/ram_memory_reg_0_127_7_7/LOW/CLK
                            (rising edge-triggered cell RAMS64E)
  Destination:            CPU_inst/X_reg[7]/D
                            (rising edge-triggered cell FDRE clocked by clk_12m  {rise@0.000ns fall@41.667ns period=83.333ns})
  Path Group:             (none)
  Path Type:              Hold (Min at Fast Process Corner)
  Data Path Delay:        1.519ns  (logic 0.712ns (46.884%)  route 0.807ns (53.116%))
  Logic Levels:           5  (LUT4=2 LUT6=1 MUXF7=1 RAMS64E=1)
  Clock Uncertainty:      0.025ns  ((TSJ^2 + TIJ^2)^1/2 + DJ) / 2 + PE
    Total System Jitter     (TSJ):    0.050ns
    Total Input Jitter      (TIJ):    0.000ns
    Discrete Jitter          (DJ):    0.000ns
    Phase Error              (PE):    0.000ns

    Location             Delay type                Incr(ns)  Path(ns)    Netlist Resource(s)
  -------------------------------------------------------------------    -------------------
    SLICE_X14Y110        RAMS64E                      0.000     0.000 r  RAM_inst/ram_memory_reg_0_127_7_7/LOW/CLK
    SLICE_X14Y110        RAMS64E (Prop_rams64e_CLK_O)
                                                      0.391     0.391 r  RAM_inst/ram_memory_reg_0_127_7_7/LOW/O
                         net (fo=1, routed)           0.000     0.391    RAM_inst/ram_memory_reg_0_127_7_7/O0
    SLICE_X14Y110        MUXF7 (Prop_muxf7_I0_O)      0.062     0.453 r  RAM_inst/ram_memory_reg_0_127_7_7/F7/O
                         net (fo=1, routed)           0.100     0.553    CPU_inst/D1[7]
    SLICE_X13Y110        LUT6 (Prop_lut6_I2_O)        0.108     0.661 r  CPU_inst/ram_memory_reg_0_127_7_7_i_2/O
                         net (fo=1, routed)           0.221     0.882    CPU_inst/ram_memory_reg_0_127_7_7_i_2_n_0
    SLICE_X13Y110        LUT4 (Prop_lut4_I3_O)        0.044     0.926 r  CPU_inst/ram_memory_reg_0_127_7_7_i_1/O
                         net (fo=11, routed)          0.486     1.412    CPU_inst/BUS_DATA[5]
    SLICE_X18Y107        LUT4 (Prop_lut4_I1_O)        0.107     1.519 r  CPU_inst/X[7]_i_2/O
                         net (fo=1, routed)           0.000     1.519    CPU_inst/X[7]_i_2_n_0
    SLICE_X18Y107        FDRE                                         r  CPU_inst/X_reg[7]/D
  -------------------------------------------------------------------    -------------------

                         (clock clk_12m rise edge)    0.000     0.000 r  
    L17                                               0.000     0.000 r  clk (IN)
                         net (fo=0)                   0.000     0.000    clk
    L17                  IBUF (Prop_ibuf_I_O)         0.432     0.432 r  clk_IBUF_inst/O
                         net (fo=1, routed)           0.689     1.120    clk_IBUF
    BUFGCTRL_X0Y0        BUFG (Prop_bufg_I_O)         0.029     1.149 r  clk_IBUF_BUFG_inst/O
                         net (fo=150, routed)         0.918     2.068    CPU_inst/CLK
    SLICE_X18Y107        FDRE                                         r  CPU_inst/X_reg[7]/C

Slack:                    inf
  Source:                 RAM_inst/ram_memory_reg_0_127_3_3/LOW/CLK
                            (rising edge-triggered cell RAMS64E)
  Destination:            CPU_inst/X_reg[11]/D
                            (rising edge-triggered cell FDRE clocked by clk_12m  {rise@0.000ns fall@41.667ns period=83.333ns})
  Path Group:             (none)
  Path Type:              Hold (Min at Fast Process Corner)
  Data Path Delay:        1.538ns  (logic 0.714ns (46.430%)  route 0.824ns (53.570%))
  Logic Levels:           5  (LUT4=2 LUT6=1 MUXF7=1 RAMS64E=1)
  Clock Uncertainty:      0.025ns  ((TSJ^2 + TIJ^2)^1/2 + DJ) / 2 + PE
    Total System Jitter     (TSJ):    0.050ns
    Total Input Jitter      (TIJ):    0.000ns
    Discrete Jitter          (DJ):    0.000ns
    Phase Error              (PE):    0.000ns

    Location             Delay type                Incr(ns)  Path(ns)    Netlist Resource(s)
  -------------------------------------------------------------------    -------------------
    SLICE_X10Y111        RAMS64E                      0.000     0.000 r  RAM_inst/ram_memory_reg_0_127_3_3/LOW/CLK
    SLICE_X10Y111        RAMS64E (Prop_rams64e_CLK_O)
                                                      0.391     0.391 r  RAM_inst/ram_memory_reg_0_127_3_3/LOW/O
                         net (fo=1, routed)           0.000     0.391    RAM_inst/ram_memory_reg_0_127_3_3/O0
    SLICE_X10Y111        MUXF7 (Prop_muxf7_I0_O)      0.062     0.453 r  RAM_inst/ram_memory_reg_0_127_3_3/F7/O
                         net (fo=1, routed)           0.217     0.670    CPU_inst/D1[3]
    SLICE_X13Y111        LUT6 (Prop_lut6_I2_O)        0.108     0.778 r  CPU_inst/ram_memory_reg_0_127_3_3_i_2/O
                         net (fo=1, routed)           0.213     0.991    CPU_inst/ram_memory_reg_0_127_3_3_i_2_n_0
    SLICE_X13Y111        LUT4 (Prop_lut4_I3_O)        0.046     1.037 r  CPU_inst/ram_memory_reg_0_127_3_3_i_1/O
                         net (fo=11, routed)          0.394     1.431    CPU_inst/BUS_DATA[3]
    SLICE_X23Y111        LUT4 (Prop_lut4_I1_O)        0.107     1.538 r  CPU_inst/X[11]_i_1/O
                         net (fo=1, routed)           0.000     1.538    CPU_inst/X[11]_i_1_n_0
    SLICE_X23Y111        FDRE                                         r  CPU_inst/X_reg[11]/D
  -------------------------------------------------------------------    -------------------

                         (clock clk_12m rise edge)    0.000     0.000 r  
    L17                                               0.000     0.000 r  clk (IN)
                         net (fo=0)                   0.000     0.000    clk
    L17                  IBUF (Prop_ibuf_I_O)         0.432     0.432 r  clk_IBUF_inst/O
                         net (fo=1, routed)           0.689     1.120    clk_IBUF
    BUFGCTRL_X0Y0        BUFG (Prop_bufg_I_O)         0.029     1.149 r  clk_IBUF_BUFG_inst/O
                         net (fo=150, routed)         0.917     2.067    CPU_inst/CLK
    SLICE_X23Y111        FDRE                                         r  CPU_inst/X_reg[11]/C

Slack:                    inf
  Source:                 RAM_inst/ram_memory_reg_0_127_0_0/HIGH/CLK
                            (rising edge-triggered cell RAMS64E)
  Destination:            CPU_inst/PC_reg[8]/D
                            (rising edge-triggered cell FDRE clocked by clk_12m  {rise@0.000ns fall@41.667ns period=83.333ns})
  Path Group:             (none)
  Path Type:              Hold (Min at Fast Process Corner)
  Data Path Delay:        1.541ns  (logic 0.707ns (45.881%)  route 0.834ns (54.119%))
  Logic Levels:           6  (LUT4=1 LUT6=3 MUXF7=1 RAMS64E=1)
  Clock Uncertainty:      0.025ns  ((TSJ^2 + TIJ^2)^1/2 + DJ) / 2 + PE
    Total System Jitter     (TSJ):    0.050ns
    Total Input Jitter      (TIJ):    0.000ns
    Discrete Jitter          (DJ):    0.000ns
    Phase Error              (PE):    0.000ns

    Location             Delay type                Incr(ns)  Path(ns)    Netlist Resource(s)
  -------------------------------------------------------------------    -------------------
    SLICE_X14Y111        RAMS64E                      0.000     0.000 r  RAM_inst/ram_memory_reg_0_127_0_0/HIGH/CLK
    SLICE_X14Y111        RAMS64E (Prop_rams64e_CLK_O)
                                                      0.389     0.389 r  RAM_inst/ram_memory_reg_0_127_0_0/HIGH/O
                         net (fo=1, routed)           0.000     0.389    RAM_inst/ram_memory_reg_0_127_0_0/O1
    SLICE_X14Y111        MUXF7 (Prop_muxf7_I1_O)      0.075     0.464 r  RAM_inst/ram_memory_reg_0_127_0_0/F7/O
                         net (fo=1, routed)           0.130     0.594    CPU_inst/D1[0]
    SLICE_X13Y110        LUT6 (Prop_lut6_I2_O)        0.108     0.702 r  CPU_inst/ram_memory_reg_0_127_0_0_i_4/O
                         net (fo=1, routed)           0.135     0.837    CPU_inst/ram_memory_reg_0_127_0_0_i_4_n_0
    SLICE_X13Y110        LUT4 (Prop_lut4_I3_O)        0.045     0.882 r  CPU_inst/ram_memory_reg_0_127_0_0_i_2/O
                         net (fo=11, routed)          0.434     1.316    CPU_inst/BUS_DATA[0]
    SLICE_X19Y110        LUT6 (Prop_lut6_I0_O)        0.045     1.361 r  CPU_inst/PC[8]_i_2/O
                         net (fo=1, routed)           0.135     1.496    CPU_inst/PC[8]_i_2_n_0
    SLICE_X19Y110        LUT6 (Prop_lut6_I0_O)        0.045     1.541 r  CPU_inst/PC[8]_i_1/O
                         net (fo=1, routed)           0.000     1.541    CPU_inst/PC[8]_i_1_n_0
    SLICE_X19Y110        FDRE                                         r  CPU_inst/PC_reg[8]/D
  -------------------------------------------------------------------    -------------------

                         (clock clk_12m rise edge)    0.000     0.000 r  
    L17                                               0.000     0.000 r  clk (IN)
                         net (fo=0)                   0.000     0.000    clk
    L17                  IBUF (Prop_ibuf_I_O)         0.432     0.432 r  clk_IBUF_inst/O
                         net (fo=1, routed)           0.689     1.120    clk_IBUF
    BUFGCTRL_X0Y0        BUFG (Prop_bufg_I_O)         0.029     1.149 r  clk_IBUF_BUFG_inst/O
                         net (fo=150, routed)         0.917     2.067    CPU_inst/CLK
    SLICE_X19Y110        FDRE                                         r  CPU_inst/PC_reg[8]/C





